case_id,label,gauss_a,gauss_b,distance_m,dist_bin_lo,match_group,variant
DouBanLv1_c2_c4,0,950,1015,0.08687468731789984,0.08,437940,1v5
DouBanLv1_c2_c4,1,958,21792,0.0851116467949465,0.08,437940,1v5
DouBanLv1_c2_c4,1,8989,39619,0.08658490373813679,0.08,437940,1v5
DouBanLv1_c2_c4,1,8550,21521,0.08657159497630477,0.08,437940,1v5
DouBanLv1_c2_c4,1,11386,18431,0.08749328082676357,0.08,437940,1v5
DouBanLv1_c2_c4,1,1609,31869,0.08866492189347401,0.08,437940,1v5
DouBanLv1_c2_c4,0,950,13358,0.08739567985813805,0.08,437941,1v5
DouBanLv1_c2_c4,1,958,21792,0.0851116467949465,0.08,437941,1v5
DouBanLv1_c2_c4,1,8989,39619,0.08658490373813679,0.08,437941,1v5
DouBanLv1_c2_c4,1,8550,21521,0.08657159497630477,0.08,437941,1v5
DouBanLv1_c2_c4,1,11386,18431,0.08749328082676357,0.08,437941,1v5
DouBanLv1_c2_c4,1,1609,31869,0.08866492189347401,0.08,437941,1v5
DouBanLv1_c2_c4,0,1630,13358,0.10645914193046149,0.1,441962,1v5
DouBanLv1_c2_c4,1,11155,46775,0.10828136151090813,0.1,441962,1v5
DouBanLv1_c2_c4,1,35942,38081,0.10664727879386045,0.1,441962,1v5
DouBanLv1_c2_c4,1,2894,13619,0.10808160228593627,0.1,441962,1v5
DouBanLv1_c2_c4,1,5154,24271,0.10749319174965163,0.1,441962,1v5
DouBanLv1_c2_c4,1,3873,4143,0.10720771282674349,0.1,441962,1v5
DouBanLv1_c2_c4,0,1664,13358,0.10467269472487253,0.1,442255,1v5
DouBanLv1_c2_c4,1,11155,46775,0.10828136151090813,0.1,442255,1v5
DouBanLv1_c2_c4,1,35942,38081,0.10664727879386045,0.1,442255,1v5
DouBanLv1_c2_c4,1,2894,13619,0.10808160228593627,0.1,442255,1v5
DouBanLv1_c2_c4,1,5154,24271,0.10749319174965163,0.1,442255,1v5
DouBanLv1_c2_c4,1,3873,4143,0.10720771282674349,0.1,442255,1v5
DouBanLv1_c2_c4,0,3671,13358,0.09573539656386158,0.09,451363,1v5
DouBanLv1_c2_c4,1,1345,33009,0.0924109593909246,0.09,451363,1v5
DouBanLv1_c2_c4,1,50615,50898,0.09052259419677923,0.09,451363,1v5
DouBanLv1_c2_c4,1,1510,3461,0.09875305842779464,0.09,451363,1v5
DouBanLv1_c2_c4,1,27750,43488,0.09061019971762288,0.09,451363,1v5
DouBanLv1_c2_c4,1,1178,9215,0.09238380565816573,0.09,451363,1v5
DouBanLv1_c2_c4,0,13392,16080,0.08352779020704953,0.08,498098,1v5
DouBanLv1_c2_c4,1,958,21792,0.0851116467949465,0.08,498098,1v5
DouBanLv1_c2_c4,1,8989,39619,0.08658490373813679,0.08,498098,1v5
DouBanLv1_c2_c4,1,8550,21521,0.08657159497630477,0.08,498098,1v5
DouBanLv1_c2_c4,1,11386,18431,0.08749328082676357,0.08,498098,1v5
DouBanLv1_c2_c4,1,1609,31869,0.08866492189347401,0.08,498098,1v5
DouBanLv1_c2_c4,0,13434,3873,0.10582713333920701,0.1,498249,1v5
DouBanLv1_c2_c4,1,11155,46775,0.10828136151090813,0.1,498249,1v5
DouBanLv1_c2_c4,1,35942,38081,0.10664727879386045,0.1,498249,1v5
DouBanLv1_c2_c4,1,2894,13619,0.10808160228593627,0.1,498249,1v5
DouBanLv1_c2_c4,1,5154,24271,0.10749319174965163,0.1,498249,1v5
DouBanLv1_c2_c4,1,3873,4143,0.10720771282674349,0.1,498249,1v5
DouBanLv1_c2_c4,0,13434,13358,0.08656572775412409,0.08,498250,1v5
DouBanLv1_c2_c4,1,958,21792,0.0851116467949465,0.08,498250,1v5
DouBanLv1_c2_c4,1,8989,39619,0.08658490373813679,0.08,498250,1v5
DouBanLv1_c2_c4,1,8550,21521,0.08657159497630477,0.08,498250,1v5
DouBanLv1_c2_c4,1,11386,18431,0.08749328082676357,0.08,498250,1v5
DouBanLv1_c2_c4,1,1609,31869,0.08866492189347401,0.08,498250,1v5
DouBanLv1_c2_c4,0,16119,3873,0.09929207224978137,0.09,511051,1v5
DouBanLv1_c2_c4,1,1345,33009,0.0924109593909246,0.09,511051,1v5
DouBanLv1_c2_c4,1,50615,50898,0.09052259419677923,0.09,511051,1v5
DouBanLv1_c2_c4,1,1510,3461,0.09875305842779464,0.09,511051,1v5
DouBanLv1_c2_c4,1,27750,43488,0.09061019971762288,0.09,511051,1v5
DouBanLv1_c2_c4,1,1178,9215,0.09238380565816573,0.09,511051,1v5
DouBanLv1_c2_c4,0,16119,13358,0.1006728136004843,0.1,511052,1v5
DouBanLv1_c2_c4,1,11155,46775,0.10828136151090813,0.1,511052,1v5
DouBanLv1_c2_c4,1,35942,38081,0.10664727879386045,0.1,511052,1v5
DouBanLv1_c2_c4,1,2894,13619,0.10808160228593627,0.1,511052,1v5
DouBanLv1_c2_c4,1,5154,24271,0.10749319174965163,0.1,511052,1v5
DouBanLv1_c2_c4,1,3873,4143,0.10720771282674349,0.1,511052,1v5
DouBanLv1_c2_c4,0,16119,16080,0.06892627080644258,0.06,511053,1v5
DouBanLv1_c2_c4,1,20096,27125,0.06719828183096888,0.06,511053,1v5
DouBanLv1_c2_c4,1,3385,23121,0.06408753495078703,0.06,511053,1v5
DouBanLv1_c2_c4,1,32333,38081,0.06218954013211194,0.06,511053,1v5
DouBanLv1_c2_c4,1,35901,36626,0.060527488335604174,0.06,511053,1v5
DouBanLv1_c2_c4,1,14805,45831,0.061338199626326015,0.06,511053,1v5
DouBanLv1_c2_c4,0,16946,13358,0.1006678943960776,0.1,515392,1v5
DouBanLv1_c2_c4,1,11155,46775,0.10828136151090813,0.1,515392,1v5
DouBanLv1_c2_c4,1,35942,38081,0.10664727879386045,0.1,515392,1v5
DouBanLv1_c2_c4,1,2894,13619,0.10808160228593627,0.1,515392,1v5
DouBanLv1_c2_c4,1,5154,24271,0.10749319174965163,0.1,515392,1v5
DouBanLv1_c2_c4,1,3873,4143,0.10720771282674349,0.1,515392,1v5
DouBanLv1_c2_c4,0,17809,16080,0.07484752447696125,0.07,519571,1v5
DouBanLv1_c2_c4,1,11022,42247,0.07235097680609269,0.07,519571,1v5
DouBanLv1_c2_c4,1,6076,48976,0.07078047750374117,0.07,519571,1v5
DouBanLv1_c2_c4,1,9658,11386,0.07264652666633416,0.07,519571,1v5
DouBanLv1_c2_c4,1,12138,49717,0.07629960371455809,0.07,519571,1v5
DouBanLv1_c2_c4,1,1151,10324,0.07001240976059137,0.07,519571,1v5
DouBanLv1_c2_c4,0,18297,13358,0.09267034185001281,0.09,522266,1v5
DouBanLv1_c2_c4,1,1345,33009,0.0924109593909246,0.09,522266,1v5
DouBanLv1_c2_c4,1,50615,50898,0.09052259419677923,0.09,522266,1v5
DouBanLv1_c2_c4,1,1510,3461,0.09875305842779464,0.09,522266,1v5
DouBanLv1_c2_c4,1,27750,43488,0.09061019971762288,0.09,522266,1v5
DouBanLv1_c2_c4,1,1178,9215,0.09238380565816573,0.09,522266,1v5
DouBanLv1_c2_c4,0,18850,3873,0.10235796549837013,0.1,524230,1v5
DouBanLv1_c2_c4,1,11155,46775,0.10828136151090813,0.1,524230,1v5
DouBanLv1_c2_c4,1,35942,38081,0.10664727879386045,0.1,524230,1v5
DouBanLv1_c2_c4,1,2894,13619,0.10808160228593627,0.1,524230,1v5
DouBanLv1_c2_c4,1,5154,24271,0.10749319174965163,0.1,524230,1v5
DouBanLv1_c2_c4,1,3873,4143,0.10720771282674349,0.1,524230,1v5
DouBanLv1_c2_c4,0,18850,16080,0.0583297460299337,0.05,524231,1v5
DouBanLv1_c2_c4,1,2181,42888,0.05077555042207659,0.05,524231,1v5
DouBanLv1_c2_c4,1,35196,47348,0.05882346246500734,0.05,524231,1v5
DouBanLv1_c2_c4,1,18236,22075,0.0578457516282243,0.05,524231,1v5
DouBanLv1_c2_c4,1,33051,40148,0.053534111006048955,0.05,524231,1v5
DouBanLv1_c2_c4,1,13258,26470,0.059970978451258254,0.05,524231,1v5
DouBanLv1_c2_c4,0,19406,16080,0.0679865187757263,0.06,527010,1v5
DouBanLv1_c2_c4,1,20096,27125,0.06719828183096888,0.06,527010,1v5
DouBanLv1_c2_c4,1,3385,23121,0.06408753495078703,0.06,527010,1v5
DouBanLv1_c2_c4,1,32333,38081,0.06218954013211194,0.06,527010,1v5
DouBanLv1_c2_c4,1,35901,36626,0.060527488335604174,0.06,527010,1v5
DouBanLv1_c2_c4,1,14805,45831,0.061338199626326015,0.06,527010,1v5
DouBanLv1_c2_c4,0,20730,16080,0.08578958656101227,0.08,533577,1v5
DouBanLv1_c2_c4,1,958,21792,0.0851116467949465,0.08,533577,1v5
DouBanLv1_c2_c4,1,8989,39619,0.08658490373813679,0.08,533577,1v5
DouBanLv1_c2_c4,1,8550,21521,0.08657159497630477,0.08,533577,1v5
DouBanLv1_c2_c4,1,11386,18431,0.08749328082676357,0.08,533577,1v5
DouBanLv1_c2_c4,1,1609,31869,0.08866492189347401,0.08,533577,1v5
DouBanLv1_c2_c4,0,25962,3873,0.10260924148071864,0.1,553519,1v5
DouBanLv1_c2_c4,1,11155,46775,0.10828136151090813,0.1,553519,1v5
DouBanLv1_c2_c4,1,35942,38081,0.10664727879386045,0.1,553519,1v5
DouBanLv1_c2_c4,1,2894,13619,0.10808160228593627,0.1,553519,1v5
DouBanLv1_c2_c4,1,5154,24271,0.10749319174965163,0.1,553519,1v5
DouBanLv1_c2_c4,1,3873,4143,0.10720771282674349,0.1,553519,1v5
DouBanLv1_c2_c4,0,25962,16080,0.06838503308293824,0.06,553520,1v5
DouBanLv1_c2_c4,1,20096,27125,0.06719828183096888,0.06,553520,1v5
DouBanLv1_c2_c4,1,3385,23121,0.06408753495078703,0.06,553520,1v5
DouBanLv1_c2_c4,1,32333,38081,0.06218954013211194,0.06,553520,1v5
DouBanLv1_c2_c4,1,35901,36626,0.060527488335604174,0.06,553520,1v5
DouBanLv1_c2_c4,1,14805,45831,0.061338199626326015,0.06,553520,1v5
DouBanLv1_c2_c4,0,26052,3873,0.09165566085473016,0.09,553914,1v5
DouBanLv1_c2_c4,1,1345,33009,0.0924109593909246,0.09,553914,1v5
DouBanLv1_c2_c4,1,50615,50898,0.09052259419677923,0.09,553914,1v5
DouBanLv1_c2_c4,1,1510,3461,0.09875305842779464,0.09,553914,1v5
DouBanLv1_c2_c4,1,27750,43488,0.09061019971762288,0.09,553914,1v5
DouBanLv1_c2_c4,1,1178,9215,0.09238380565816573,0.09,553914,1v5
DouBanLv1_c2_c4,0,26052,13358,0.09620654679814583,0.09,553915,1v5
DouBanLv1_c2_c4,1,1345,33009,0.0924109593909246,0.09,553915,1v5
DouBanLv1_c2_c4,1,50615,50898,0.09052259419677923,0.09,553915,1v5
DouBanLv1_c2_c4,1,1510,3461,0.09875305842779464,0.09,553915,1v5
DouBanLv1_c2_c4,1,27750,43488,0.09061019971762288,0.09,553915,1v5
DouBanLv1_c2_c4,1,1178,9215,0.09238380565816573,0.09,553915,1v5
DouBanLv1_c2_c4,0,26052,16080,0.059003872207905275,0.05,553916,1v5
DouBanLv1_c2_c4,1,2181,42888,0.05077555042207659,0.05,553916,1v5
DouBanLv1_c2_c4,1,35196,47348,0.05882346246500734,0.05,553916,1v5
DouBanLv1_c2_c4,1,18236,22075,0.0578457516282243,0.05,553916,1v5
DouBanLv1_c2_c4,1,33051,40148,0.053534111006048955,0.05,553916,1v5
DouBanLv1_c2_c4,1,13258,26470,0.059970978451258254,0.05,553916,1v5
DouBanLv1_c2_c4,0,26052,37939,0.10943156257836699,0.1,553917,1v5
DouBanLv1_c2_c4,1,11155,46775,0.10828136151090813,0.1,553917,1v5
DouBanLv1_c2_c4,1,35942,38081,0.10664727879386045,0.1,553917,1v5
DouBanLv1_c2_c4,1,2894,13619,0.10808160228593627,0.1,553917,1v5
DouBanLv1_c2_c4,1,5154,24271,0.10749319174965163,0.1,553917,1v5
DouBanLv1_c2_c4,1,3873,4143,0.10720771282674349,0.1,553917,1v5
DouBanLv1_c2_c4,0,26675,16080,0.07309389146494438,0.07,556154,1v5
DouBanLv1_c2_c4,1,11022,42247,0.07235097680609269,0.07,556154,1v5
DouBanLv1_c2_c4,1,6076,48976,0.07078047750374117,0.07,556154,1v5
DouBanLv1_c2_c4,1,9658,11386,0.07264652666633416,0.07,556154,1v5
DouBanLv1_c2_c4,1,12138,49717,0.07629960371455809,0.07,556154,1v5
DouBanLv1_c2_c4,1,1151,10324,0.07001240976059137,0.07,556154,1v5
DouBanLv1_c2_c4,0,31436,37939,0.10705247599292438,0.1,571805,1v5
DouBanLv1_c2_c4,1,11155,46775,0.10828136151090813,0.1,571805,1v5
DouBanLv1_c2_c4,1,35942,38081,0.10664727879386045,0.1,571805,1v5
DouBanLv1_c2_c4,1,2894,13619,0.10808160228593627,0.1,571805,1v5
DouBanLv1_c2_c4,1,5154,24271,0.10749319174965163,0.1,571805,1v5
DouBanLv1_c2_c4,1,3873,4143,0.10720771282674349,0.1,571805,1v5
DouBanLv1_c2_c4,0,31874,16080,0.08710688698870601,0.08,572844,1v5
DouBanLv1_c2_c4,1,958,21792,0.0851116467949465,0.08,572844,1v5
DouBanLv1_c2_c4,1,8989,39619,0.08658490373813679,0.08,572844,1v5
DouBanLv1_c2_c4,1,8550,21521,0.08657159497630477,0.08,572844,1v5
DouBanLv1_c2_c4,1,11386,18431,0.08749328082676357,0.08,572844,1v5
DouBanLv1_c2_c4,1,1609,31869,0.08866492189347401,0.08,572844,1v5
DouBanLv1_c2_c4,0,34041,13358,0.1057572173749197,0.1,579317,1v5
DouBanLv1_c2_c4,1,11155,46775,0.10828136151090813,0.1,579317,1v5
DouBanLv1_c2_c4,1,35942,38081,0.10664727879386045,0.1,579317,1v5
DouBanLv1_c2_c4,1,2894,13619,0.10808160228593627,0.1,579317,1v5
DouBanLv1_c2_c4,1,5154,24271,0.10749319174965163,0.1,579317,1v5
DouBanLv1_c2_c4,1,3873,4143,0.10720771282674349,0.1,579317,1v5
DouBanLv1_c2_c4,0,47664,1015,0.09974679330779102,0.09,608342,1v5
DouBanLv1_c2_c4,1,1345,33009,0.0924109593909246,0.09,608342,1v5
DouBanLv1_c2_c4,1,50615,50898,0.09052259419677923,0.09,608342,1v5
DouBanLv1_c2_c4,1,1510,3461,0.09875305842779464,0.09,608342,1v5
DouBanLv1_c2_c4,1,27750,43488,0.09061019971762288,0.09,608342,1v5
DouBanLv1_c2_c4,1,1178,9215,0.09238380565816573,0.09,608342,1v5
DouBanLv1_c3_c2,0,122,11155,0.07953207353757355,0.07,1296,1v5
DouBanLv1_c3_c2,1,1689,1742,0.07682436666869986,0.07,1296,1v5
DouBanLv1_c3_c2,1,1062,45083,0.07303705945692761,0.07,1296,1v5
DouBanLv1_c3_c2,1,50822,51682,0.07606365317540453,0.07,1296,1v5
DouBanLv1_c3_c2,1,36968,40285,0.07992643515312513,0.07,1296,1v5
DouBanLv1_c3_c2,1,5997,35789,0.07218119573570751,0.07,1296,1v5
DouBanLv1_c3_c2,0,305,393,0.07932502122643356,0.07,3896,1v5
DouBanLv1_c3_c2,1,1689,1742,0.07682436666869986,0.07,3896,1v5
DouBanLv1_c3_c2,1,1062,45083,0.07303705945692761,0.07,3896,1v5
DouBanLv1_c3_c2,1,50822,51682,0.07606365317540453,0.07,3896,1v5
DouBanLv1_c3_c2,1,36968,40285,0.07992643515312513,0.07,3896,1v5
DouBanLv1_c3_c2,1,5997,35789,0.07218119573570751,0.07,3896,1v5
DouBanLv1_c3_c2,0,305,437,0.05871531099186823,0.05,3897,1v5
DouBanLv1_c3_c2,1,16340,39564,0.057269356066413035,0.05,3897,1v5
DouBanLv1_c3_c2,1,6817,11861,0.05916975601173271,0.05,3897,1v5
DouBanLv1_c3_c2,1,2236,40400,0.052783224210632106,0.05,3897,1v5
DouBanLv1_c3_c2,1,5594,29442,0.051929659373155225,0.05,3897,1v5
DouBanLv1_c3_c2,1,948,25051,0.05656891594762935,0.05,3897,1v5
DouBanLv1_c3_c2,0,305,457,0.09317921061775483,0.09,3898,1v5
DouBanLv1_c3_c2,1,1302,25802,0.09552144330321967,0.09,3898,1v5
DouBanLv1_c3_c2,1,4246,6885,0.09778774521596992,0.09,3898,1v5
DouBanLv1_c3_c2,1,43488,44657,0.09005201990791638,0.09,3898,1v5
DouBanLv1_c3_c2,1,22912,34624,0.09551531347579827,0.09,3898,1v5
DouBanLv1_c3_c2,1,13109,31914,0.09237545123646929,0.09,3898,1v5
DouBanLv1_c3_c2,0,305,759,0.08040024308355166,0.08,3899,1v5
DouBanLv1_c3_c2,1,49974,50824,0.08549345149469548,0.08,3899,1v5
DouBanLv1_c3_c2,1,10593,15531,0.08227225097739255,0.08,3899,1v5
DouBanLv1_c3_c2,1,398,5262,0.08061730250192803,0.08,3899,1v5
DouBanLv1_c3_c2,1,5036,13223,0.0806408364785765,0.08,3899,1v5
DouBanLv1_c3_c2,1,864,31869,0.08508639454091912,0.08,3899,1v5
DouBanLv1_c3_c2,0,305,1062,0.08997158583704269,0.08,3900,1v5
DouBanLv1_c3_c2,1,49974,50824,0.08549345149469548,0.08,3900,1v5
DouBanLv1_c3_c2,1,10593,15531,0.08227225097739255,0.08,3900,1v5
DouBanLv1_c3_c2,1,398,5262,0.08061730250192803,0.08,3900,1v5
DouBanLv1_c3_c2,1,5036,13223,0.0806408364785765,0.08,3900,1v5
DouBanLv1_c3_c2,1,864,31869,0.08508639454091912,0.08,3900,1v5
DouBanLv1_c3_c2,0,305,1345,0.0859993862570216,0.08,3901,1v5
DouBanLv1_c3_c2,1,49974,50824,0.08549345149469548,0.08,3901,1v5
DouBanLv1_c3_c2,1,10593,15531,0.08227225097739255,0.08,3901,1v5
DouBanLv1_c3_c2,1,398,5262,0.08061730250192803,0.08,3901,1v5
DouBanLv1_c3_c2,1,5036,13223,0.0806408364785765,0.08,3901,1v5
DouBanLv1_c3_c2,1,864,31869,0.08508639454091912,0.08,3901,1v5
DouBanLv1_c3_c2,0,305,1609,0.1005308095935315,0.1,3902,1v5
DouBanLv1_c3_c2,1,38076,46548,0.10375201634313563,0.1,3902,1v5
DouBanLv1_c3_c2,1,21982,37504,0.10246712286779813,0.1,3902,1v5
DouBanLv1_c3_c2,1,6147,50105,0.10133704007708971,0.1,3902,1v5
DouBanLv1_c3_c2,1,12470,23901,0.1023673571863647,0.1,3902,1v5
DouBanLv1_c3_c2,1,2336,43448,0.10531445278507413,0.1,3902,1v5
DouBanLv1_c3_c2,0,305,2354,0.0693854060368395,0.06,3903,1v5
DouBanLv1_c3_c2,1,2209,23997,0.06107281110915619,0.06,3903,1v5
DouBanLv1_c3_c2,1,22618,28143,0.06774369914933397,0.06,3903,1v5
DouBanLv1_c3_c2,1,2920,18187,0.06673428352996279,0.06,3903,1v5
DouBanLv1_c3_c2,1,43955,50833,0.06254071123030289,0.06,3903,1v5
DouBanLv1_c3_c2,1,5788,22705,0.062073362603612306,0.06,3903,1v5
DouBanLv1_c3_c2,0,305,2612,0.07070666897538797,0.07,3904,1v5
DouBanLv1_c3_c2,1,1689,1742,0.07682436666869986,0.07,3904,1v5
DouBanLv1_c3_c2,1,1062,45083,0.07303705945692761,0.07,3904,1v5
DouBanLv1_c3_c2,1,50822,51682,0.07606365317540453,0.07,3904,1v5
DouBanLv1_c3_c2,1,36968,40285,0.07992643515312513,0.07,3904,1v5
DouBanLv1_c3_c2,1,5997,35789,0.07218119573570751,0.07,3904,1v5
DouBanLv1_c3_c2,0,305,2920,0.08111746595387494,0.08,3905,1v5
DouBanLv1_c3_c2,1,49974,50824,0.08549345149469548,0.08,3905,1v5
DouBanLv1_c3_c2,1,10593,15531,0.08227225097739255,0.08,3905,1v5
DouBanLv1_c3_c2,1,398,5262,0.08061730250192803,0.08,3905,1v5
DouBanLv1_c3_c2,1,5036,13223,0.0806408364785765,0.08,3905,1v5
DouBanLv1_c3_c2,1,864,31869,0.08508639454091912,0.08,3905,1v5
DouBanLv1_c3_c2,0,305,4228,0.10366776767854864,0.1,3906,1v5
DouBanLv1_c3_c2,1,38076,46548,0.10375201634313563,0.1,3906,1v5
DouBanLv1_c3_c2,1,21982,37504,0.10246712286779813,0.1,3906,1v5
DouBanLv1_c3_c2,1,6147,50105,0.10133704007708971,0.1,3906,1v5
DouBanLv1_c3_c2,1,12470,23901,0.1023673571863647,0.1,3906,1v5
DouBanLv1_c3_c2,1,2336,43448,0.10531445278507413,0.1,3906,1v5
DouBanLv1_c3_c2,0,305,5944,0.062346126671932664,0.06,3907,1v5
DouBanLv1_c3_c2,1,2209,23997,0.06107281110915619,0.06,3907,1v5
DouBanLv1_c3_c2,1,22618,28143,0.06774369914933397,0.06,3907,1v5
DouBanLv1_c3_c2,1,2920,18187,0.06673428352996279,0.06,3907,1v5
DouBanLv1_c3_c2,1,43955,50833,0.06254071123030289,0.06,3907,1v5
DouBanLv1_c3_c2,1,5788,22705,0.062073362603612306,0.06,3907,1v5
DouBanLv1_c3_c2,0,305,6059,0.09129259514772574,0.09,3908,1v5
DouBanLv1_c3_c2,1,1302,25802,0.09552144330321967,0.09,3908,1v5
DouBanLv1_c3_c2,1,4246,6885,0.09778774521596992,0.09,3908,1v5
DouBanLv1_c3_c2,1,43488,44657,0.09005201990791638,0.09,3908,1v5
DouBanLv1_c3_c2,1,22912,34624,0.09551531347579827,0.09,3908,1v5
DouBanLv1_c3_c2,1,13109,31914,0.09237545123646929,0.09,3908,1v5
DouBanLv1_c3_c2,0,305,6795,0.1012544631880038,0.1,3909,1v5
DouBanLv1_c3_c2,1,38076,46548,0.10375201634313563,0.1,3909,1v5
DouBanLv1_c3_c2,1,21982,37504,0.10246712286779813,0.1,3909,1v5
DouBanLv1_c3_c2,1,6147,50105,0.10133704007708971,0.1,3909,1v5
DouBanLv1_c3_c2,1,12470,23901,0.1023673571863647,0.1,3909,1v5
DouBanLv1_c3_c2,1,2336,43448,0.10531445278507413,0.1,3909,1v5
DouBanLv1_c3_c2,0,305,11155,0.09381225703850318,0.09,3910,1v5
DouBanLv1_c3_c2,1,1302,25802,0.09552144330321967,0.09,3910,1v5
DouBanLv1_c3_c2,1,4246,6885,0.09778774521596992,0.09,3910,1v5
DouBanLv1_c3_c2,1,43488,44657,0.09005201990791638,0.09,3910,1v5
DouBanLv1_c3_c2,1,22912,34624,0.09551531347579827,0.09,3910,1v5
DouBanLv1_c3_c2,1,13109,31914,0.09237545123646929,0.09,3910,1v5
DouBanLv1_c3_c2,0,305,25670,0.10132564626731039,0.1,3911,1v5
DouBanLv1_c3_c2,1,38076,46548,0.10375201634313563,0.1,3911,1v5
DouBanLv1_c3_c2,1,21982,37504,0.10246712286779813,0.1,3911,1v5
DouBanLv1_c3_c2,1,6147,50105,0.10133704007708971,0.1,3911,1v5
DouBanLv1_c3_c2,1,12470,23901,0.1023673571863647,0.1,3911,1v5
DouBanLv1_c3_c2,1,2336,43448,0.10531445278507413,0.1,3911,1v5
DouBanLv1_c3_c2,0,305,26376,0.09317779043543978,0.09,3912,1v5
DouBanLv1_c3_c2,1,1302,25802,0.09552144330321967,0.09,3912,1v5
DouBanLv1_c3_c2,1,4246,6885,0.09778774521596992,0.09,3912,1v5
DouBanLv1_c3_c2,1,43488,44657,0.09005201990791638,0.09,3912,1v5
DouBanLv1_c3_c2,1,22912,34624,0.09551531347579827,0.09,3912,1v5
DouBanLv1_c3_c2,1,13109,31914,0.09237545123646929,0.09,3912,1v5
DouBanLv1_c3_c2,0,305,27422,0.10338677838847989,0.1,3913,1v5
DouBanLv1_c3_c2,1,38076,46548,0.10375201634313563,0.1,3913,1v5
DouBanLv1_c3_c2,1,21982,37504,0.10246712286779813,0.1,3913,1v5
DouBanLv1_c3_c2,1,6147,50105,0.10133704007708971,0.1,3913,1v5
DouBanLv1_c3_c2,1,12470,23901,0.1023673571863647,0.1,3913,1v5
DouBanLv1_c3_c2,1,2336,43448,0.10531445278507413,0.1,3913,1v5
DouBanLv1_c3_c2,0,306,393,0.08543711583359656,0.08,3928,1v5
DouBanLv1_c3_c2,1,49974,50824,0.08549345149469548,0.08,3928,1v5
DouBanLv1_c3_c2,1,10593,15531,0.08227225097739255,0.08,3928,1v5
DouBanLv1_c3_c2,1,398,5262,0.08061730250192803,0.08,3928,1v5
DouBanLv1_c3_c2,1,5036,13223,0.0806408364785765,0.08,3928,1v5
DouBanLv1_c3_c2,1,864,31869,0.08508639454091912,0.08,3928,1v5
DouBanLv1_c3_c2,0,306,437,0.06450815555879909,0.06,3929,1v5
DouBanLv1_c3_c2,1,2209,23997,0.06107281110915619,0.06,3929,1v5
DouBanLv1_c3_c2,1,22618,28143,0.06774369914933397,0.06,3929,1v5
DouBanLv1_c3_c2,1,2920,18187,0.06673428352996279,0.06,3929,1v5
DouBanLv1_c3_c2,1,43955,50833,0.06254071123030289,0.06,3929,1v5
DouBanLv1_c3_c2,1,5788,22705,0.062073362603612306,0.06,3929,1v5
DouBanLv1_c3_c2,0,306,457,0.09752405046016387,0.09,3930,1v5
DouBanLv1_c3_c2,1,1302,25802,0.09552144330321967,0.09,3930,1v5
DouBanLv1_c3_c2,1,4246,6885,0.09778774521596992,0.09,3930,1v5
DouBanLv1_c3_c2,1,43488,44657,0.09005201990791638,0.09,3930,1v5
DouBanLv1_c3_c2,1,22912,34624,0.09551531347579827,0.09,3930,1v5
DouBanLv1_c3_c2,1,13109,31914,0.09237545123646929,0.09,3930,1v5
DouBanLv1_c3_c2,0,306,759,0.08545036756983558,0.08,3931,1v5
DouBanLv1_c3_c2,1,49974,50824,0.08549345149469548,0.08,3931,1v5
DouBanLv1_c3_c2,1,10593,15531,0.08227225097739255,0.08,3931,1v5
DouBanLv1_c3_c2,1,398,5262,0.08061730250192803,0.08,3931,1v5
DouBanLv1_c3_c2,1,5036,13223,0.0806408364785765,0.08,3931,1v5
DouBanLv1_c3_c2,1,864,31869,0.08508639454091912,0.08,3931,1v5
DouBanLv1_c3_c2,0,306,1062,0.0955662516931236,0.09,3932,1v5
DouBanLv1_c3_c2,1,1302,25802,0.09552144330321967,0.09,3932,1v5
DouBanLv1_c3_c2,1,4246,6885,0.09778774521596992,0.09,3932,1v5
DouBanLv1_c3_c2,1,43488,44657,0.09005201990791638,0.09,3932,1v5
DouBanLv1_c3_c2,1,22912,34624,0.09551531347579827,0.09,3932,1v5
DouBanLv1_c3_c2,1,13109,31914,0.09237545123646929,0.09,3932,1v5
DouBanLv1_c3_c2,0,306,1345,0.09205726606781667,0.09,3933,1v5
DouBanLv1_c3_c2,1,1302,25802,0.09552144330321967,0.09,3933,1v5
DouBanLv1_c3_c2,1,4246,6885,0.09778774521596992,0.09,3933,1v5
DouBanLv1_c3_c2,1,43488,44657,0.09005201990791638,0.09,3933,1v5
DouBanLv1_c3_c2,1,22912,34624,0.09551531347579827,0.09,3933,1v5
DouBanLv1_c3_c2,1,13109,31914,0.09237545123646929,0.09,3933,1v5
DouBanLv1_c3_c2,0,306,1609,0.10658205181707829,0.1,3934,1v5
DouBanLv1_c3_c2,1,38076,46548,0.10375201634313563,0.1,3934,1v5
DouBanLv1_c3_c2,1,21982,37504,0.10246712286779813,0.1,3934,1v5
DouBanLv1_c3_c2,1,6147,50105,0.10133704007708971,0.1,3934,1v5
DouBanLv1_c3_c2,1,12470,23901,0.1023673571863647,0.1,3934,1v5
DouBanLv1_c3_c2,1,2336,43448,0.10531445278507413,0.1,3934,1v5
DouBanLv1_c3_c2,0,306,2354,0.07521139859219496,0.07,3935,1v5
DouBanLv1_c3_c2,1,1689,1742,0.07682436666869986,0.07,3935,1v5
DouBanLv1_c3_c2,1,1062,45083,0.07303705945692761,0.07,3935,1v5
DouBanLv1_c3_c2,1,50822,51682,0.07606365317540453,0.07,3935,1v5
DouBanLv1_c3_c2,1,36968,40285,0.07992643515312513,0.07,3935,1v5
DouBanLv1_c3_c2,1,5997,35789,0.07218119573570751,0.07,3935,1v5
DouBanLv1_c3_c2,0,306,2612,0.07234022493233201,0.07,3936,1v5
DouBanLv1_c3_c2,1,1689,1742,0.07682436666869986,0.07,3936,1v5
DouBanLv1_c3_c2,1,1062,45083,0.07303705945692761,0.07,3936,1v5
DouBanLv1_c3_c2,1,50822,51682,0.07606365317540453,0.07,3936,1v5
DouBanLv1_c3_c2,1,36968,40285,0.07992643515312513,0.07,3936,1v5
DouBanLv1_c3_c2,1,5997,35789,0.07218119573570751,0.07,3936,1v5
DouBanLv1_c3_c2,0,306,2920,0.08590880141516048,0.08,3937,1v5
DouBanLv1_c3_c2,1,49974,50824,0.08549345149469548,0.08,3937,1v5
DouBanLv1_c3_c2,1,10593,15531,0.08227225097739255,0.08,3937,1v5
DouBanLv1_c3_c2,1,398,5262,0.08061730250192803,0.08,3937,1v5
DouBanLv1_c3_c2,1,5036,13223,0.0806408364785765,0.08,3937,1v5
DouBanLv1_c3_c2,1,864,31869,0.08508639454091912,0.08,3937,1v5
DouBanLv1_c3_c2,0,306,5944,0.06621521157246958,0.06,3938,1v5
DouBanLv1_c3_c2,1,2209,23997,0.06107281110915619,0.06,3938,1v5
DouBanLv1_c3_c2,1,22618,28143,0.06774369914933397,0.06,3938,1v5
DouBanLv1_c3_c2,1,2920,18187,0.06673428352996279,0.06,3938,1v5
DouBanLv1_c3_c2,1,43955,50833,0.06254071123030289,0.06,3938,1v5
DouBanLv1_c3_c2,1,5788,22705,0.062073362603612306,0.06,3938,1v5
DouBanLv1_c3_c2,0,306,6059,0.09711012560570254,0.09,3939,1v5
DouBanLv1_c3_c2,1,1302,25802,0.09552144330321967,0.09,3939,1v5
DouBanLv1_c3_c2,1,4246,6885,0.09778774521596992,0.09,3939,1v5
DouBanLv1_c3_c2,1,43488,44657,0.09005201990791638,0.09,3939,1v5
DouBanLv1_c3_c2,1,22912,34624,0.09551531347579827,0.09,3939,1v5
DouBanLv1_c3_c2,1,13109,31914,0.09237545123646929,0.09,3939,1v5
DouBanLv1_c3_c2,0,306,6795,0.10677141250958104,0.1,3940,1v5
DouBanLv1_c3_c2,1,38076,46548,0.10375201634313563,0.1,3940,1v5
DouBanLv1_c3_c2,1,21982,37504,0.10246712286779813,0.1,3940,1v5
DouBanLv1_c3_c2,1,6147,50105,0.10133704007708971,0.1,3940,1v5
DouBanLv1_c3_c2,1,12470,23901,0.1023673571863647,0.1,3940,1v5
DouBanLv1_c3_c2,1,2336,43448,0.10531445278507413,0.1,3940,1v5
DouBanLv1_c3_c2,0,306,11155,0.09880910318602018,0.09,3941,1v5
DouBanLv1_c3_c2,1,1302,25802,0.09552144330321967,0.09,3941,1v5
DouBanLv1_c3_c2,1,4246,6885,0.09778774521596992,0.09,3941,1v5
DouBanLv1_c3_c2,1,43488,44657,0.09005201990791638,0.09,3941,1v5
DouBanLv1_c3_c2,1,22912,34624,0.09551531347579827,0.09,3941,1v5
DouBanLv1_c3_c2,1,13109,31914,0.09237545123646929,0.09,3941,1v5
DouBanLv1_c3_c2,0,306,25670,0.10699443926436986,0.1,3942,1v5
DouBanLv1_c3_c2,1,38076,46548,0.10375201634313563,0.1,3942,1v5
DouBanLv1_c3_c2,1,21982,37504,0.10246712286779813,0.1,3942,1v5
DouBanLv1_c3_c2,1,6147,50105,0.10133704007708971,0.1,3942,1v5
DouBanLv1_c3_c2,1,12470,23901,0.1023673571863647,0.1,3942,1v5
DouBanLv1_c3_c2,1,2336,43448,0.10531445278507413,0.1,3942,1v5
DouBanLv1_c3_c2,0,306,26376,0.09669664783993336,0.09,3943,1v5
DouBanLv1_c3_c2,1,1302,25802,0.09552144330321967,0.09,3943,1v5
DouBanLv1_c3_c2,1,4246,6885,0.09778774521596992,0.09,3943,1v5
DouBanLv1_c3_c2,1,43488,44657,0.09005201990791638,0.09,3943,1v5
DouBanLv1_c3_c2,1,22912,34624,0.09551531347579827,0.09,3943,1v5
DouBanLv1_c3_c2,1,13109,31914,0.09237545123646929,0.09,3943,1v5
DouBanLv1_c3_c2,0,306,27422,0.10757364642399189,0.1,3944,1v5
DouBanLv1_c3_c2,1,38076,46548,0.10375201634313563,0.1,3944,1v5
DouBanLv1_c3_c2,1,21982,37504,0.10246712286779813,0.1,3944,1v5
DouBanLv1_c3_c2,1,6147,50105,0.10133704007708971,0.1,3944,1v5
DouBanLv1_c3_c2,1,12470,23901,0.1023673571863647,0.1,3944,1v5
DouBanLv1_c3_c2,1,2336,43448,0.10531445278507413,0.1,3944,1v5
DouBanLv1_c3_c2,0,418,4228,0.10293002128864016,0.1,4908,1v5
DouBanLv1_c3_c2,1,38076,46548,0.10375201634313563,0.1,4908,1v5
DouBanLv1_c3_c2,1,21982,37504,0.10246712286779813,0.1,4908,1v5
DouBanLv1_c3_c2,1,6147,50105,0.10133704007708971,0.1,4908,1v5
DouBanLv1_c3_c2,1,12470,23901,0.1023673571863647,0.1,4908,1v5
DouBanLv1_c3_c2,1,2336,43448,0.10531445278507413,0.1,4908,1v5
DouBanLv1_c3_c2,0,418,6795,0.08156604343667154,0.08,4909,1v5
DouBanLv1_c3_c2,1,49974,50824,0.08549345149469548,0.08,4909,1v5
DouBanLv1_c3_c2,1,10593,15531,0.08227225097739255,0.08,4909,1v5
DouBanLv1_c3_c2,1,398,5262,0.08061730250192803,0.08,4909,1v5
DouBanLv1_c3_c2,1,5036,13223,0.0806408364785765,0.08,4909,1v5
DouBanLv1_c3_c2,1,864,31869,0.08508639454091912,0.08,4909,1v5
DouBanLv1_c3_c2,0,418,11155,0.06032339899553848,0.06,4910,1v5
DouBanLv1_c3_c2,1,2209,23997,0.06107281110915619,0.06,4910,1v5
DouBanLv1_c3_c2,1,22618,28143,0.06774369914933397,0.06,4910,1v5
DouBanLv1_c3_c2,1,2920,18187,0.06673428352996279,0.06,4910,1v5
DouBanLv1_c3_c2,1,43955,50833,0.06254071123030289,0.06,4910,1v5
DouBanLv1_c3_c2,1,5788,22705,0.062073362603612306,0.06,4910,1v5
DouBanLv1_c3_c2,0,458,864,0.06160223813080883,0.06,5272,1v5
DouBanLv1_c3_c2,1,2209,23997,0.06107281110915619,0.06,5272,1v5
DouBanLv1_c3_c2,1,22618,28143,0.06774369914933397,0.06,5272,1v5
DouBanLv1_c3_c2,1,2920,18187,0.06673428352996279,0.06,5272,1v5
DouBanLv1_c3_c2,1,43955,50833,0.06254071123030289,0.06,5272,1v5
DouBanLv1_c3_c2,1,5788,22705,0.062073362603612306,0.06,5272,1v5
DouBanLv1_c3_c2,0,458,6795,0.07027772723338849,0.07,5273,1v5
DouBanLv1_c3_c2,1,1689,1742,0.07682436666869986,0.07,5273,1v5
DouBanLv1_c3_c2,1,1062,45083,0.07303705945692761,0.07,5273,1v5
DouBanLv1_c3_c2,1,50822,51682,0.07606365317540453,0.07,5273,1v5
DouBanLv1_c3_c2,1,36968,40285,0.07992643515312513,0.07,5273,1v5
DouBanLv1_c3_c2,1,5997,35789,0.07218119573570751,0.07,5273,1v5
DouBanLv1_c3_c2,0,458,11155,0.05535696551516391,0.05,5274,1v5
DouBanLv1_c3_c2,1,16340,39564,0.057269356066413035,0.05,5274,1v5
DouBanLv1_c3_c2,1,6817,11861,0.05916975601173271,0.05,5274,1v5
DouBanLv1_c3_c2,1,2236,40400,0.052783224210632106,0.05,5274,1v5
DouBanLv1_c3_c2,1,5594,29442,0.051929659373155225,0.05,5274,1v5
DouBanLv1_c3_c2,1,948,25051,0.05656891594762935,0.05,5274,1v5
DouBanLv1_c3_c2,0,835,864,0.08254031978284136,0.08,8683,1v5
DouBanLv1_c3_c2,1,49974,50824,0.08549345149469548,0.08,8683,1v5
DouBanLv1_c3_c2,1,10593,15531,0.08227225097739255,0.08,8683,1v5
DouBanLv1_c3_c2,1,398,5262,0.08061730250192803,0.08,8683,1v5
DouBanLv1_c3_c2,1,5036,13223,0.0806408364785765,0.08,8683,1v5
DouBanLv1_c3_c2,1,864,31869,0.08508639454091912,0.08,8683,1v5
DouBanLv1_c3_c2,0,835,6795,0.08841627514205484,0.08,8684,1v5
DouBanLv1_c3_c2,1,49974,50824,0.08549345149469548,0.08,8684,1v5
DouBanLv1_c3_c2,1,10593,15531,0.08227225097739255,0.08,8684,1v5
DouBanLv1_c3_c2,1,398,5262,0.08061730250192803,0.08,8684,1v5
DouBanLv1_c3_c2,1,5036,13223,0.0806408364785765,0.08,8684,1v5
DouBanLv1_c3_c2,1,864,31869,0.08508639454091912,0.08,8684,1v5
DouBanLv1_c3_c2,0,835,11155,0.07205325733210635,0.07,8685,1v5
DouBanLv1_c3_c2,1,1689,1742,0.07682436666869986,0.07,8685,1v5
DouBanLv1_c3_c2,1,1062,45083,0.07303705945692761,0.07,8685,1v5
DouBanLv1_c3_c2,1,50822,51682,0.07606365317540453,0.07,8685,1v5
DouBanLv1_c3_c2,1,36968,40285,0.07992643515312513,0.07,8685,1v5
DouBanLv1_c3_c2,1,5997,35789,0.07218119573570751,0.07,8685,1v5
DouBanLv1_c3_c2,0,948,864,0.08746619971459692,0.08,9779,1v5
DouBanLv1_c3_c2,1,49974,50824,0.08549345149469548,0.08,9779,1v5
DouBanLv1_c3_c2,1,10593,15531,0.08227225097739255,0.08,9779,1v5
DouBanLv1_c3_c2,1,398,5262,0.08061730250192803,0.08,9779,1v5
DouBanLv1_c3_c2,1,5036,13223,0.0806408364785765,0.08,9779,1v5
DouBanLv1_c3_c2,1,864,31869,0.08508639454091912,0.08,9779,1v5
DouBanLv1_c3_c2,0,997,4228,0.09895376824179197,0.09,10261,1v5
DouBanLv1_c3_c2,1,1302,25802,0.09552144330321967,0.09,10261,1v5
DouBanLv1_c3_c2,1,4246,6885,0.09778774521596992,0.09,10261,1v5
DouBanLv1_c3_c2,1,43488,44657,0.09005201990791638,0.09,10261,1v5
DouBanLv1_c3_c2,1,22912,34624,0.09551531347579827,0.09,10261,1v5
DouBanLv1_c3_c2,1,13109,31914,0.09237545123646929,0.09,10261,1v5
DouBanLv1_c3_c2,0,997,6795,0.0791566480320706,0.07,10262,1v5
DouBanLv1_c3_c2,1,1689,1742,0.07682436666869986,0.07,10262,1v5
DouBanLv1_c3_c2,1,1062,45083,0.07303705945692761,0.07,10262,1v5
DouBanLv1_c3_c2,1,50822,51682,0.07606365317540453,0.07,10262,1v5
DouBanLv1_c3_c2,1,36968,40285,0.07992643515312513,0.07,10262,1v5
DouBanLv1_c3_c2,1,5997,35789,0.07218119573570751,0.07,10262,1v5
DouBanLv1_c3_c2,0,997,11155,0.05952418661503065,0.05,10263,1v5
DouBanLv1_c3_c2,1,16340,39564,0.057269356066413035,0.05,10263,1v5
DouBanLv1_c3_c2,1,6817,11861,0.05916975601173271,0.05,10263,1v5
DouBanLv1_c3_c2,1,2236,40400,0.052783224210632106,0.05,10263,1v5
DouBanLv1_c3_c2,1,5594,29442,0.051929659373155225,0.05,10263,1v5
DouBanLv1_c3_c2,1,948,25051,0.05656891594762935,0.05,10263,1v5
DouBanLv1_c3_c2,0,1229,393,0.08566262064499058,0.08,12509,1v5
DouBanLv1_c3_c2,1,49974,50824,0.08549345149469548,0.08,12509,1v5
DouBanLv1_c3_c2,1,10593,15531,0.08227225097739255,0.08,12509,1v5
DouBanLv1_c3_c2,1,398,5262,0.08061730250192803,0.08,12509,1v5
DouBanLv1_c3_c2,1,5036,13223,0.0806408364785765,0.08,12509,1v5
DouBanLv1_c3_c2,1,864,31869,0.08508639454091912,0.08,12509,1v5
DouBanLv1_c3_c2,0,1229,437,0.06834290957876334,0.06,12510,1v5
DouBanLv1_c3_c2,1,2209,23997,0.06107281110915619,0.06,12510,1v5
DouBanLv1_c3_c2,1,22618,28143,0.06774369914933397,0.06,12510,1v5
DouBanLv1_c3_c2,1,2920,18187,0.06673428352996279,0.06,12510,1v5
DouBanLv1_c3_c2,1,43955,50833,0.06254071123030289,0.06,12510,1v5
DouBanLv1_c3_c2,1,5788,22705,0.062073362603612306,0.06,12510,1v5
DouBanLv1_c3_c2,0,1229,759,0.0910416623966218,0.09,12511,1v5
DouBanLv1_c3_c2,1,1302,25802,0.09552144330321967,0.09,12511,1v5
DouBanLv1_c3_c2,1,4246,6885,0.09778774521596992,0.09,12511,1v5
DouBanLv1_c3_c2,1,43488,44657,0.09005201990791638,0.09,12511,1v5
DouBanLv1_c3_c2,1,22912,34624,0.09551531347579827,0.09,12511,1v5
DouBanLv1_c3_c2,1,13109,31914,0.09237545123646929,0.09,12511,1v5
DouBanLv1_c3_c2,0,1229,1062,0.09815226192106731,0.09,12512,1v5
DouBanLv1_c3_c2,1,1302,25802,0.09552144330321967,0.09,12512,1v5
DouBanLv1_c3_c2,1,4246,6885,0.09778774521596992,0.09,12512,1v5
DouBanLv1_c3_c2,1,43488,44657,0.09005201990791638,0.09,12512,1v5
DouBanLv1_c3_c2,1,22912,34624,0.09551531347579827,0.09,12512,1v5
DouBanLv1_c3_c2,1,13109,31914,0.09237545123646929,0.09,12512,1v5
DouBanLv1_c3_c2,0,1229,1345,0.09318772255627024,0.09,12513,1v5
DouBanLv1_c3_c2,1,1302,25802,0.09552144330321967,0.09,12513,1v5
DouBanLv1_c3_c2,1,4246,6885,0.09778774521596992,0.09,12513,1v5
DouBanLv1_c3_c2,1,43488,44657,0.09005201990791638,0.09,12513,1v5
DouBanLv1_c3_c2,1,22912,34624,0.09551531347579827,0.09,12513,1v5
DouBanLv1_c3_c2,1,13109,31914,0.09237545123646929,0.09,12513,1v5
DouBanLv1_c3_c2,0,1229,2354,0.0781740757991049,0.07,12514,1v5
DouBanLv1_c3_c2,1,1689,1742,0.07682436666869986,0.07,12514,1v5
DouBanLv1_c3_c2,1,1062,45083,0.07303705945692761,0.07,12514,1v5
DouBanLv1_c3_c2,1,50822,51682,0.07606365317540453,0.07,12514,1v5
DouBanLv1_c3_c2,1,36968,40285,0.07992643515312513,0.07,12514,1v5
DouBanLv1_c3_c2,1,5997,35789,0.07218119573570751,0.07,12514,1v5
DouBanLv1_c3_c2,0,1229,2612,0.08516209177211287,0.08,12515,1v5
DouBanLv1_c3_c2,1,49974,50824,0.08549345149469548,0.08,12515,1v5
DouBanLv1_c3_c2,1,10593,15531,0.08227225097739255,0.08,12515,1v5
DouBanLv1_c3_c2,1,398,5262,0.08061730250192803,0.08,12515,1v5
DouBanLv1_c3_c2,1,5036,13223,0.0806408364785765,0.08,12515,1v5
DouBanLv1_c3_c2,1,864,31869,0.08508639454091912,0.08,12515,1v5
DouBanLv1_c3_c2,0,1229,2920,0.0918554049001608,0.09,12516,1v5
DouBanLv1_c3_c2,1,1302,25802,0.09552144330321967,0.09,12516,1v5
DouBanLv1_c3_c2,1,4246,6885,0.09778774521596992,0.09,12516,1v5
DouBanLv1_c3_c2,1,43488,44657,0.09005201990791638,0.09,12516,1v5
DouBanLv1_c3_c2,1,22912,34624,0.09551531347579827,0.09,12516,1v5
DouBanLv1_c3_c2,1,13109,31914,0.09237545123646929,0.09,12516,1v5
DouBanLv1_c3_c2,0,1229,5944,0.07467639604325778,0.07,12517,1v5
DouBanLv1_c3_c2,1,1689,1742,0.07682436666869986,0.07,12517,1v5
DouBanLv1_c3_c2,1,1062,45083,0.07303705945692761,0.07,12517,1v5
DouBanLv1_c3_c2,1,50822,51682,0.07606365317540453,0.07,12517,1v5
DouBanLv1_c3_c2,1,36968,40285,0.07992643515312513,0.07,12517,1v5
DouBanLv1_c3_c2,1,5997,35789,0.07218119573570751,0.07,12517,1v5
DouBanLv1_c3_c2,0,1229,6059,0.09933134568324867,0.09,12518,1v5
DouBanLv1_c3_c2,1,1302,25802,0.09552144330321967,0.09,12518,1v5
DouBanLv1_c3_c2,1,4246,6885,0.09778774521596992,0.09,12518,1v5
DouBanLv1_c3_c2,1,43488,44657,0.09005201990791638,0.09,12518,1v5
DouBanLv1_c3_c2,1,22912,34624,0.09551531347579827,0.09,12518,1v5
DouBanLv1_c3_c2,1,13109,31914,0.09237545123646929,0.09,12518,1v5
DouBanLv1_c3_c2,0,1229,6795,0.10335927951134918,0.1,12519,1v5
DouBanLv1_c3_c2,1,38076,46548,0.10375201634313563,0.1,12519,1v5
DouBanLv1_c3_c2,1,21982,37504,0.10246712286779813,0.1,12519,1v5
DouBanLv1_c3_c2,1,6147,50105,0.10133704007708971,0.1,12519,1v5
DouBanLv1_c3_c2,1,12470,23901,0.1023673571863647,0.1,12519,1v5
DouBanLv1_c3_c2,1,2336,43448,0.10531445278507413,0.1,12519,1v5
DouBanLv1_c3_c2,0,1229,11155,0.09293654583906537,0.09,12520,1v5
DouBanLv1_c3_c2,1,1302,25802,0.09552144330321967,0.09,12520,1v5
DouBanLv1_c3_c2,1,4246,6885,0.09778774521596992,0.09,12520,1v5
DouBanLv1_c3_c2,1,43488,44657,0.09005201990791638,0.09,12520,1v5
DouBanLv1_c3_c2,1,22912,34624,0.09551531347579827,0.09,12520,1v5
DouBanLv1_c3_c2,1,13109,31914,0.09237545123646929,0.09,12520,1v5
DouBanLv1_c3_c2,0,1726,7613,0.0669527597932,0.06,15989,1v5
DouBanLv1_c3_c2,1,2209,23997,0.06107281110915619,0.06,15989,1v5
DouBanLv1_c3_c2,1,22618,28143,0.06774369914933397,0.06,15989,1v5
DouBanLv1_c3_c2,1,2920,18187,0.06673428352996279,0.06,15989,1v5
DouBanLv1_c3_c2,1,43955,50833,0.06254071123030289,0.06,15989,1v5
DouBanLv1_c3_c2,1,5788,22705,0.062073362603612306,0.06,15989,1v5
DouBanLv1_c3_c2,0,1726,9074,0.06892676792145948,0.06,15990,1v5
DouBanLv1_c3_c2,1,2209,23997,0.06107281110915619,0.06,15990,1v5
DouBanLv1_c3_c2,1,22618,28143,0.06774369914933397,0.06,15990,1v5
DouBanLv1_c3_c2,1,2920,18187,0.06673428352996279,0.06,15990,1v5
DouBanLv1_c3_c2,1,43955,50833,0.06254071123030289,0.06,15990,1v5
DouBanLv1_c3_c2,1,5788,22705,0.062073362603612306,0.06,15990,1v5
DouBanLv1_c3_c2,0,1879,9074,0.07986083333961191,0.07,17266,1v5
DouBanLv1_c3_c2,1,1689,1742,0.07682436666869986,0.07,17266,1v5
DouBanLv1_c3_c2,1,1062,45083,0.07303705945692761,0.07,17266,1v5
DouBanLv1_c3_c2,1,50822,51682,0.07606365317540453,0.07,17266,1v5
DouBanLv1_c3_c2,1,36968,40285,0.07992643515312513,0.07,17266,1v5
DouBanLv1_c3_c2,1,5997,35789,0.07218119573570751,0.07,17266,1v5
DouBanLv1_c3_c2,0,1879,22158,0.08268314231201651,0.08,17267,1v5
DouBanLv1_c3_c2,1,49974,50824,0.08549345149469548,0.08,17267,1v5
DouBanLv1_c3_c2,1,10593,15531,0.08227225097739255,0.08,17267,1v5
DouBanLv1_c3_c2,1,398,5262,0.08061730250192803,0.08,17267,1v5
DouBanLv1_c3_c2,1,5036,13223,0.0806408364785765,0.08,17267,1v5
DouBanLv1_c3_c2,1,864,31869,0.08508639454091912,0.08,17267,1v5
DouBanLv1_c3_c2,0,1894,393,0.05016810431801652,0.05,17450,1v5
DouBanLv1_c3_c2,1,16340,39564,0.057269356066413035,0.05,17450,1v5
DouBanLv1_c3_c2,1,6817,11861,0.05916975601173271,0.05,17450,1v5
DouBanLv1_c3_c2,1,2236,40400,0.052783224210632106,0.05,17450,1v5
DouBanLv1_c3_c2,1,5594,29442,0.051929659373155225,0.05,17450,1v5
DouBanLv1_c3_c2,1,948,25051,0.05656891594762935,0.05,17450,1v5
DouBanLv1_c3_c2,0,1894,437,0.049005328257338235,0.04,17451,1v5
DouBanLv1_c3_c2,1,30775,36463,0.04108251933405179,0.04,17451,1v5
DouBanLv1_c3_c2,1,3935,7363,0.04238243826957726,0.04,17451,1v5
DouBanLv1_c3_c2,1,17792,49916,0.043911361310511654,0.04,17451,1v5
DouBanLv1_c3_c2,1,16495,40836,0.04748961851489409,0.04,17451,1v5
DouBanLv1_c3_c2,1,3993,37946,0.043915302285120465,0.04,17451,1v5
DouBanLv1_c3_c2,0,1894,457,0.08527952318289772,0.08,17452,1v5
DouBanLv1_c3_c2,1,49974,50824,0.08549345149469548,0.08,17452,1v5
DouBanLv1_c3_c2,1,10593,15531,0.08227225097739255,0.08,17452,1v5
DouBanLv1_c3_c2,1,398,5262,0.08061730250192803,0.08,17452,1v5
DouBanLv1_c3_c2,1,5036,13223,0.0806408364785765,0.08,17452,1v5
DouBanLv1_c3_c2,1,864,31869,0.08508639454091912,0.08,17452,1v5
DouBanLv1_c3_c2,0,1894,759,0.08109764166668053,0.08,17453,1v5
DouBanLv1_c3_c2,1,49974,50824,0.08549345149469548,0.08,17453,1v5
DouBanLv1_c3_c2,1,10593,15531,0.08227225097739255,0.08,17453,1v5
DouBanLv1_c3_c2,1,398,5262,0.08061730250192803,0.08,17453,1v5
DouBanLv1_c3_c2,1,5036,13223,0.0806408364785765,0.08,17453,1v5
DouBanLv1_c3_c2,1,864,31869,0.08508639454091912,0.08,17453,1v5
DouBanLv1_c3_c2,0,1894,1062,0.08132221982603555,0.08,17454,1v5
DouBanLv1_c3_c2,1,49974,50824,0.08549345149469548,0.08,17454,1v5
DouBanLv1_c3_c2,1,10593,15531,0.08227225097739255,0.08,17454,1v5
DouBanLv1_c3_c2,1,398,5262,0.08061730250192803,0.08,17454,1v5
DouBanLv1_c3_c2,1,5036,13223,0.0806408364785765,0.08,17454,1v5
DouBanLv1_c3_c2,1,864,31869,0.08508639454091912,0.08,17454,1v5
DouBanLv1_c3_c2,0,1894,1345,0.05854975908024358,0.05,17455,1v5
DouBanLv1_c3_c2,1,16340,39564,0.057269356066413035,0.05,17455,1v5
DouBanLv1_c3_c2,1,6817,11861,0.05916975601173271,0.05,17455,1v5
DouBanLv1_c3_c2,1,2236,40400,0.052783224210632106,0.05,17455,1v5
DouBanLv1_c3_c2,1,5594,29442,0.051929659373155225,0.05,17455,1v5
DouBanLv1_c3_c2,1,948,25051,0.05656891594762935,0.05,17455,1v5
DouBanLv1_c3_c2,0,1894,1546,0.09563711341238613,0.09,17456,1v5
DouBanLv1_c3_c2,1,1302,25802,0.09552144330321967,0.09,17456,1v5
DouBanLv1_c3_c2,1,4246,6885,0.09778774521596992,0.09,17456,1v5
DouBanLv1_c3_c2,1,43488,44657,0.09005201990791638,0.09,17456,1v5
DouBanLv1_c3_c2,1,22912,34624,0.09551531347579827,0.09,17456,1v5
DouBanLv1_c3_c2,1,13109,31914,0.09237545123646929,0.09,17456,1v5
DouBanLv1_c3_c2,0,1894,1609,0.07748524189597743,0.07,17457,1v5
DouBanLv1_c3_c2,1,1689,1742,0.07682436666869986,0.07,17457,1v5
DouBanLv1_c3_c2,1,1062,45083,0.07303705945692761,0.07,17457,1v5
DouBanLv1_c3_c2,1,50822,51682,0.07606365317540453,0.07,17457,1v5
DouBanLv1_c3_c2,1,36968,40285,0.07992643515312513,0.07,17457,1v5
DouBanLv1_c3_c2,1,5997,35789,0.07218119573570751,0.07,17457,1v5
DouBanLv1_c3_c2,0,1894,2354,0.046884738657259825,0.04,17458,1v5
DouBanLv1_c3_c2,1,30775,36463,0.04108251933405179,0.04,17458,1v5
DouBanLv1_c3_c2,1,3935,7363,0.04238243826957726,0.04,17458,1v5
DouBanLv1_c3_c2,1,17792,49916,0.043911361310511654,0.04,17458,1v5
DouBanLv1_c3_c2,1,16495,40836,0.04748961851489409,0.04,17458,1v5
DouBanLv1_c3_c2,1,3993,37946,0.043915302285120465,0.04,17458,1v5
DouBanLv1_c3_c2,0,1894,2612,0.09705301145993228,0.09,17459,1v5
DouBanLv1_c3_c2,1,1302,25802,0.09552144330321967,0.09,17459,1v5
DouBanLv1_c3_c2,1,4246,6885,0.09778774521596992,0.09,17459,1v5
DouBanLv1_c3_c2,1,43488,44657,0.09005201990791638,0.09,17459,1v5
DouBanLv1_c3_c2,1,22912,34624,0.09551531347579827,0.09,17459,1v5
DouBanLv1_c3_c2,1,13109,31914,0.09237545123646929,0.09,17459,1v5
DouBanLv1_c3_c2,0,1894,2920,0.0856019639290143,0.08,17460,1v5
DouBanLv1_c3_c2,1,49974,50824,0.08549345149469548,0.08,17460,1v5
DouBanLv1_c3_c2,1,10593,15531,0.08227225097739255,0.08,17460,1v5
DouBanLv1_c3_c2,1,398,5262,0.08061730250192803,0.08,17460,1v5
DouBanLv1_c3_c2,1,5036,13223,0.0806408364785765,0.08,17460,1v5
DouBanLv1_c3_c2,1,864,31869,0.08508639454091912,0.08,17460,1v5
DouBanLv1_c3_c2,0,1894,4228,0.06165326723596574,0.06,17461,1v5
DouBanLv1_c3_c2,1,2209,23997,0.06107281110915619,0.06,17461,1v5
DouBanLv1_c3_c2,1,22618,28143,0.06774369914933397,0.06,17461,1v5
DouBanLv1_c3_c2,1,2920,18187,0.06673428352996279,0.06,17461,1v5
DouBanLv1_c3_c2,1,43955,50833,0.06254071123030289,0.06,17461,1v5
DouBanLv1_c3_c2,1,5788,22705,0.062073362603612306,0.06,17461,1v5
DouBanLv1_c3_c2,0,1894,5944,0.07986327626549866,0.07,17462,1v5
DouBanLv1_c3_c2,1,1689,1742,0.07682436666869986,0.07,17462,1v5
DouBanLv1_c3_c2,1,1062,45083,0.07303705945692761,0.07,17462,1v5
DouBanLv1_c3_c2,1,50822,51682,0.07606365317540453,0.07,17462,1v5
DouBanLv1_c3_c2,1,36968,40285,0.07992643515312513,0.07,17462,1v5
DouBanLv1_c3_c2,1,5997,35789,0.07218119573570751,0.07,17462,1v5
DouBanLv1_c3_c2,0,1894,6059,0.07667839020364373,0.07,17463,1v5
DouBanLv1_c3_c2,1,1689,1742,0.07682436666869986,0.07,17463,1v5
DouBanLv1_c3_c2,1,1062,45083,0.07303705945692761,0.07,17463,1v5
DouBanLv1_c3_c2,1,50822,51682,0.07606365317540453,0.07,17463,1v5
DouBanLv1_c3_c2,1,36968,40285,0.07992643515312513,0.07,17463,1v5
DouBanLv1_c3_c2,1,5997,35789,0.07218119573570751,0.07,17463,1v5
DouBanLv1_c3_c2,0,1894,6795,0.08712908101863996,0.08,17464,1v5
DouBanLv1_c3_c2,1,49974,50824,0.08549345149469548,0.08,17464,1v5
DouBanLv1_c3_c2,1,10593,15531,0.08227225097739255,0.08,17464,1v5
DouBanLv1_c3_c2,1,398,5262,0.08061730250192803,0.08,17464,1v5
DouBanLv1_c3_c2,1,5036,13223,0.0806408364785765,0.08,17464,1v5
DouBanLv1_c3_c2,1,864,31869,0.08508639454091912,0.08,17464,1v5
DouBanLv1_c3_c2,0,1894,11155,0.08361203111542188,0.08,17465,1v5
DouBanLv1_c3_c2,1,49974,50824,0.08549345149469548,0.08,17465,1v5
DouBanLv1_c3_c2,1,10593,15531,0.08227225097739255,0.08,17465,1v5
DouBanLv1_c3_c2,1,398,5262,0.08061730250192803,0.08,17465,1v5
DouBanLv1_c3_c2,1,5036,13223,0.0806408364785765,0.08,17465,1v5
DouBanLv1_c3_c2,1,864,31869,0.08508639454091912,0.08,17465,1v5
DouBanLv1_c3_c2,0,1894,25670,0.08930560750216288,0.08,17466,1v5
DouBanLv1_c3_c2,1,49974,50824,0.08549345149469548,0.08,17466,1v5
DouBanLv1_c3_c2,1,10593,15531,0.08227225097739255,0.08,17466,1v5
DouBanLv1_c3_c2,1,398,5262,0.08061730250192803,0.08,17466,1v5
DouBanLv1_c3_c2,1,5036,13223,0.0806408364785765,0.08,17466,1v5
DouBanLv1_c3_c2,1,864,31869,0.08508639454091912,0.08,17466,1v5
DouBanLv1_c3_c2,0,1913,9074,0.0861784976743441,0.08,17658,1v5
DouBanLv1_c3_c2,1,49974,50824,0.08549345149469548,0.08,17658,1v5
DouBanLv1_c3_c2,1,10593,15531,0.08227225097739255,0.08,17658,1v5
DouBanLv1_c3_c2,1,398,5262,0.08061730250192803,0.08,17658,1v5
DouBanLv1_c3_c2,1,5036,13223,0.0806408364785765,0.08,17658,1v5
DouBanLv1_c3_c2,1,864,31869,0.08508639454091912,0.08,17658,1v5
DouBanLv1_c3_c2,0,1920,11155,0.07725598494212696,0.07,17684,1v5
DouBanLv1_c3_c2,1,1689,1742,0.07682436666869986,0.07,17684,1v5
DouBanLv1_c3_c2,1,1062,45083,0.07303705945692761,0.07,17684,1v5
DouBanLv1_c3_c2,1,50822,51682,0.07606365317540453,0.07,17684,1v5
DouBanLv1_c3_c2,1,36968,40285,0.07992643515312513,0.07,17684,1v5
DouBanLv1_c3_c2,1,5997,35789,0.07218119573570751,0.07,17684,1v5
DouBanLv1_c3_c2,0,2580,11155,0.07785279484829107,0.07,24492,1v5
DouBanLv1_c3_c2,1,1689,1742,0.07682436666869986,0.07,24492,1v5
DouBanLv1_c3_c2,1,1062,45083,0.07303705945692761,0.07,24492,1v5
DouBanLv1_c3_c2,1,50822,51682,0.07606365317540453,0.07,24492,1v5
DouBanLv1_c3_c2,1,36968,40285,0.07992643515312513,0.07,24492,1v5
DouBanLv1_c3_c2,1,5997,35789,0.07218119573570751,0.07,24492,1v5
DouBanLv1_c3_c2,0,3896,11155,0.07463482879555627,0.07,31617,1v5
DouBanLv1_c3_c2,1,1689,1742,0.07682436666869986,0.07,31617,1v5
DouBanLv1_c3_c2,1,1062,45083,0.07303705945692761,0.07,31617,1v5
DouBanLv1_c3_c2,1,50822,51682,0.07606365317540453,0.07,31617,1v5
DouBanLv1_c3_c2,1,36968,40285,0.07992643515312513,0.07,31617,1v5
DouBanLv1_c3_c2,1,5997,35789,0.07218119573570751,0.07,31617,1v5
DouBanLv1_c3_c2,0,4234,7613,0.07896282048102181,0.07,32535,1v5
DouBanLv1_c3_c2,1,1689,1742,0.07682436666869986,0.07,32535,1v5
DouBanLv1_c3_c2,1,1062,45083,0.07303705945692761,0.07,32535,1v5
DouBanLv1_c3_c2,1,50822,51682,0.07606365317540453,0.07,32535,1v5
DouBanLv1_c3_c2,1,36968,40285,0.07992643515312513,0.07,32535,1v5
DouBanLv1_c3_c2,1,5997,35789,0.07218119573570751,0.07,32535,1v5
DouBanLv1_c3_c2,0,4369,6795,0.09123472936668611,0.09,34310,1v5
DouBanLv1_c3_c2,1,1302,25802,0.09552144330321967,0.09,34310,1v5
DouBanLv1_c3_c2,1,4246,6885,0.09778774521596992,0.09,34310,1v5
DouBanLv1_c3_c2,1,43488,44657,0.09005201990791638,0.09,34310,1v5
DouBanLv1_c3_c2,1,22912,34624,0.09551531347579827,0.09,34310,1v5
DouBanLv1_c3_c2,1,13109,31914,0.09237545123646929,0.09,34310,1v5
DouBanLv1_c3_c2,0,4369,11155,0.07146988850459364,0.07,34311,1v5
DouBanLv1_c3_c2,1,1689,1742,0.07682436666869986,0.07,34311,1v5
DouBanLv1_c3_c2,1,1062,45083,0.07303705945692761,0.07,34311,1v5
DouBanLv1_c3_c2,1,50822,51682,0.07606365317540453,0.07,34311,1v5
DouBanLv1_c3_c2,1,36968,40285,0.07992643515312513,0.07,34311,1v5
DouBanLv1_c3_c2,1,5997,35789,0.07218119573570751,0.07,34311,1v5
DouBanLv1_c3_c2,0,5075,1117,0.0822022846510731,0.08,37472,1v5
DouBanLv1_c3_c2,1,49974,50824,0.08549345149469548,0.08,37472,1v5
DouBanLv1_c3_c2,1,10593,15531,0.08227225097739255,0.08,37472,1v5
DouBanLv1_c3_c2,1,398,5262,0.08061730250192803,0.08,37472,1v5
DouBanLv1_c3_c2,1,5036,13223,0.0806408364785765,0.08,37472,1v5
DouBanLv1_c3_c2,1,864,31869,0.08508639454091912,0.08,37472,1v5
DouBanLv1_c3_c2,0,5075,1178,0.06579746989728566,0.06,37473,1v5
DouBanLv1_c3_c2,1,2209,23997,0.06107281110915619,0.06,37473,1v5
DouBanLv1_c3_c2,1,22618,28143,0.06774369914933397,0.06,37473,1v5
DouBanLv1_c3_c2,1,2920,18187,0.06673428352996279,0.06,37473,1v5
DouBanLv1_c3_c2,1,43955,50833,0.06254071123030289,0.06,37473,1v5
DouBanLv1_c3_c2,1,5788,22705,0.062073362603612306,0.06,37473,1v5
DouBanLv1_c3_c2,0,5075,4236,0.07101887615639381,0.07,37474,1v5
DouBanLv1_c3_c2,1,1689,1742,0.07682436666869986,0.07,37474,1v5
DouBanLv1_c3_c2,1,1062,45083,0.07303705945692761,0.07,37474,1v5
DouBanLv1_c3_c2,1,50822,51682,0.07606365317540453,0.07,37474,1v5
DouBanLv1_c3_c2,1,36968,40285,0.07992643515312513,0.07,37474,1v5
DouBanLv1_c3_c2,1,5997,35789,0.07218119573570751,0.07,37474,1v5
DouBanLv1_c3_c2,0,5075,5417,0.05551984134040127,0.05,37475,1v5
DouBanLv1_c3_c2,1,16340,39564,0.057269356066413035,0.05,37475,1v5
DouBanLv1_c3_c2,1,6817,11861,0.05916975601173271,0.05,37475,1v5
DouBanLv1_c3_c2,1,2236,40400,0.052783224210632106,0.05,37475,1v5
DouBanLv1_c3_c2,1,5594,29442,0.051929659373155225,0.05,37475,1v5
DouBanLv1_c3_c2,1,948,25051,0.05656891594762935,0.05,37475,1v5
DouBanLv1_c3_c2,0,5075,5480,0.06495120294244067,0.06,37476,1v5
DouBanLv1_c3_c2,1,2209,23997,0.06107281110915619,0.06,37476,1v5
DouBanLv1_c3_c2,1,22618,28143,0.06774369914933397,0.06,37476,1v5
DouBanLv1_c3_c2,1,2920,18187,0.06673428352996279,0.06,37476,1v5
DouBanLv1_c3_c2,1,43955,50833,0.06254071123030289,0.06,37476,1v5
DouBanLv1_c3_c2,1,5788,22705,0.062073362603612306,0.06,37476,1v5
DouBanLv1_c3_c2,0,5075,5497,0.06314358513794138,0.06,37477,1v5
DouBanLv1_c3_c2,1,2209,23997,0.06107281110915619,0.06,37477,1v5
DouBanLv1_c3_c2,1,22618,28143,0.06774369914933397,0.06,37477,1v5
DouBanLv1_c3_c2,1,2920,18187,0.06673428352996279,0.06,37477,1v5
DouBanLv1_c3_c2,1,43955,50833,0.06254071123030289,0.06,37477,1v5
DouBanLv1_c3_c2,1,5788,22705,0.062073362603612306,0.06,37477,1v5
DouBanLv1_c3_c2,0,5075,6885,0.07820075982052108,0.07,37478,1v5
DouBanLv1_c3_c2,1,1689,1742,0.07682436666869986,0.07,37478,1v5
DouBanLv1_c3_c2,1,1062,45083,0.07303705945692761,0.07,37478,1v5
DouBanLv1_c3_c2,1,50822,51682,0.07606365317540453,0.07,37478,1v5
DouBanLv1_c3_c2,1,36968,40285,0.07992643515312513,0.07,37478,1v5
DouBanLv1_c3_c2,1,5997,35789,0.07218119573570751,0.07,37478,1v5
DouBanLv1_c3_c2,0,5075,11282,0.08413738007067896,0.08,37479,1v5
DouBanLv1_c3_c2,1,49974,50824,0.08549345149469548,0.08,37479,1v5
DouBanLv1_c3_c2,1,10593,15531,0.08227225097739255,0.08,37479,1v5
DouBanLv1_c3_c2,1,398,5262,0.08061730250192803,0.08,37479,1v5
DouBanLv1_c3_c2,1,5036,13223,0.0806408364785765,0.08,37479,1v5
DouBanLv1_c3_c2,1,864,31869,0.08508639454091912,0.08,37479,1v5
DouBanLv1_c3_c2,0,5191,11282,0.08680487212769916,0.08,38130,1v5
DouBanLv1_c3_c2,1,49974,50824,0.08549345149469548,0.08,38130,1v5
DouBanLv1_c3_c2,1,10593,15531,0.08227225097739255,0.08,38130,1v5
DouBanLv1_c3_c2,1,398,5262,0.08061730250192803,0.08,38130,1v5
DouBanLv1_c3_c2,1,5036,13223,0.0806408364785765,0.08,38130,1v5
DouBanLv1_c3_c2,1,864,31869,0.08508639454091912,0.08,38130,1v5
DouBanLv1_c3_c2,0,5726,11155,0.07648148806915385,0.07,40185,1v5
DouBanLv1_c3_c2,1,1689,1742,0.07682436666869986,0.07,40185,1v5
DouBanLv1_c3_c2,1,1062,45083,0.07303705945692761,0.07,40185,1v5
DouBanLv1_c3_c2,1,50822,51682,0.07606365317540453,0.07,40185,1v5
DouBanLv1_c3_c2,1,36968,40285,0.07992643515312513,0.07,40185,1v5
DouBanLv1_c3_c2,1,5997,35789,0.07218119573570751,0.07,40185,1v5
DouBanLv1_c3_c2,0,5753,49,0.07489469774455834,0.07,40605,1v5
DouBanLv1_c3_c2,1,1689,1742,0.07682436666869986,0.07,40605,1v5
DouBanLv1_c3_c2,1,1062,45083,0.07303705945692761,0.07,40605,1v5
DouBanLv1_c3_c2,1,50822,51682,0.07606365317540453,0.07,40605,1v5
DouBanLv1_c3_c2,1,36968,40285,0.07992643515312513,0.07,40605,1v5
DouBanLv1_c3_c2,1,5997,35789,0.07218119573570751,0.07,40605,1v5
DouBanLv1_c3_c2,0,5753,241,0.09635103210150854,0.09,40606,1v5
DouBanLv1_c3_c2,1,1302,25802,0.09552144330321967,0.09,40606,1v5
DouBanLv1_c3_c2,1,4246,6885,0.09778774521596992,0.09,40606,1v5
DouBanLv1_c3_c2,1,43488,44657,0.09005201990791638,0.09,40606,1v5
DouBanLv1_c3_c2,1,22912,34624,0.09551531347579827,0.09,40606,1v5
DouBanLv1_c3_c2,1,13109,31914,0.09237545123646929,0.09,40606,1v5
DouBanLv1_c3_c2,0,5753,1144,0.0967554495939263,0.09,40607,1v5
DouBanLv1_c3_c2,1,1302,25802,0.09552144330321967,0.09,40607,1v5
DouBanLv1_c3_c2,1,4246,6885,0.09778774521596992,0.09,40607,1v5
DouBanLv1_c3_c2,1,43488,44657,0.09005201990791638,0.09,40607,1v5
DouBanLv1_c3_c2,1,22912,34624,0.09551531347579827,0.09,40607,1v5
DouBanLv1_c3_c2,1,13109,31914,0.09237545123646929,0.09,40607,1v5
DouBanLv1_c3_c2,0,5753,2377,0.09173353260721694,0.09,40608,1v5
DouBanLv1_c3_c2,1,1302,25802,0.09552144330321967,0.09,40608,1v5
DouBanLv1_c3_c2,1,4246,6885,0.09778774521596992,0.09,40608,1v5
DouBanLv1_c3_c2,1,43488,44657,0.09005201990791638,0.09,40608,1v5
DouBanLv1_c3_c2,1,22912,34624,0.09551531347579827,0.09,40608,1v5
DouBanLv1_c3_c2,1,13109,31914,0.09237545123646929,0.09,40608,1v5
DouBanLv1_c3_c2,0,5753,9215,0.08916830258364324,0.08,40609,1v5
DouBanLv1_c3_c2,1,49974,50824,0.08549345149469548,0.08,40609,1v5
DouBanLv1_c3_c2,1,10593,15531,0.08227225097739255,0.08,40609,1v5
DouBanLv1_c3_c2,1,398,5262,0.08061730250192803,0.08,40609,1v5
DouBanLv1_c3_c2,1,5036,13223,0.0806408364785765,0.08,40609,1v5
DouBanLv1_c3_c2,1,864,31869,0.08508639454091912,0.08,40609,1v5
DouBanLv1_c3_c2,0,5753,9704,0.04736240403311151,0.04,40610,1v5
DouBanLv1_c3_c2,1,30775,36463,0.04108251933405179,0.04,40610,1v5
DouBanLv1_c3_c2,1,3935,7363,0.04238243826957726,0.04,40610,1v5
DouBanLv1_c3_c2,1,17792,49916,0.043911361310511654,0.04,40610,1v5
DouBanLv1_c3_c2,1,16495,40836,0.04748961851489409,0.04,40610,1v5
DouBanLv1_c3_c2,1,3993,37946,0.043915302285120465,0.04,40610,1v5
DouBanLv1_c3_c2,0,5753,14845,0.09524419445218896,0.09,40611,1v5
DouBanLv1_c3_c2,1,1302,25802,0.09552144330321967,0.09,40611,1v5
DouBanLv1_c3_c2,1,4246,6885,0.09778774521596992,0.09,40611,1v5
DouBanLv1_c3_c2,1,43488,44657,0.09005201990791638,0.09,40611,1v5
DouBanLv1_c3_c2,1,22912,34624,0.09551531347579827,0.09,40611,1v5
DouBanLv1_c3_c2,1,13109,31914,0.09237545123646929,0.09,40611,1v5
DouBanLv1_c3_c2,0,5753,27869,0.08314527404243668,0.08,40612,1v5
DouBanLv1_c3_c2,1,49974,50824,0.08549345149469548,0.08,40612,1v5
DouBanLv1_c3_c2,1,10593,15531,0.08227225097739255,0.08,40612,1v5
DouBanLv1_c3_c2,1,398,5262,0.08061730250192803,0.08,40612,1v5
DouBanLv1_c3_c2,1,5036,13223,0.0806408364785765,0.08,40612,1v5
DouBanLv1_c3_c2,1,864,31869,0.08508639454091912,0.08,40612,1v5
DouBanLv1_c3_c2,0,5753,29400,0.0807431434660443,0.08,40613,1v5
DouBanLv1_c3_c2,1,49974,50824,0.08549345149469548,0.08,40613,1v5
DouBanLv1_c3_c2,1,10593,15531,0.08227225097739255,0.08,40613,1v5
DouBanLv1_c3_c2,1,398,5262,0.08061730250192803,0.08,40613,1v5
DouBanLv1_c3_c2,1,5036,13223,0.0806408364785765,0.08,40613,1v5
DouBanLv1_c3_c2,1,864,31869,0.08508639454091912,0.08,40613,1v5
DouBanLv1_c3_c2,0,5753,30127,0.08865119497643482,0.08,40614,1v5
DouBanLv1_c3_c2,1,49974,50824,0.08549345149469548,0.08,40614,1v5
DouBanLv1_c3_c2,1,10593,15531,0.08227225097739255,0.08,40614,1v5
DouBanLv1_c3_c2,1,398,5262,0.08061730250192803,0.08,40614,1v5
DouBanLv1_c3_c2,1,5036,13223,0.0806408364785765,0.08,40614,1v5
DouBanLv1_c3_c2,1,864,31869,0.08508639454091912,0.08,40614,1v5
DouBanLv1_c3_c2,0,5753,30884,0.0921663957379649,0.09,40615,1v5
DouBanLv1_c3_c2,1,1302,25802,0.09552144330321967,0.09,40615,1v5
DouBanLv1_c3_c2,1,4246,6885,0.09778774521596992,0.09,40615,1v5
DouBanLv1_c3_c2,1,43488,44657,0.09005201990791638,0.09,40615,1v5
DouBanLv1_c3_c2,1,22912,34624,0.09551531347579827,0.09,40615,1v5
DouBanLv1_c3_c2,1,13109,31914,0.09237545123646929,0.09,40615,1v5
DouBanLv1_c3_c2,0,5753,33830,0.09655880309978593,0.09,40616,1v5
DouBanLv1_c3_c2,1,1302,25802,0.09552144330321967,0.09,40616,1v5
DouBanLv1_c3_c2,1,4246,6885,0.09778774521596992,0.09,40616,1v5
DouBanLv1_c3_c2,1,43488,44657,0.09005201990791638,0.09,40616,1v5
DouBanLv1_c3_c2,1,22912,34624,0.09551531347579827,0.09,40616,1v5
DouBanLv1_c3_c2,1,13109,31914,0.09237545123646929,0.09,40616,1v5
DouBanLv1_c3_c2,0,5753,42930,0.09050903711397107,0.09,40617,1v5
DouBanLv1_c3_c2,1,1302,25802,0.09552144330321967,0.09,40617,1v5
DouBanLv1_c3_c2,1,4246,6885,0.09778774521596992,0.09,40617,1v5
DouBanLv1_c3_c2,1,43488,44657,0.09005201990791638,0.09,40617,1v5
DouBanLv1_c3_c2,1,22912,34624,0.09551531347579827,0.09,40617,1v5
DouBanLv1_c3_c2,1,13109,31914,0.09237545123646929,0.09,40617,1v5
DouBanLv1_c3_c2,0,5753,48300,0.07313566590423143,0.07,40618,1v5
DouBanLv1_c3_c2,1,1689,1742,0.07682436666869986,0.07,40618,1v5
DouBanLv1_c3_c2,1,1062,45083,0.07303705945692761,0.07,40618,1v5
DouBanLv1_c3_c2,1,50822,51682,0.07606365317540453,0.07,40618,1v5
DouBanLv1_c3_c2,1,36968,40285,0.07992643515312513,0.07,40618,1v5
DouBanLv1_c3_c2,1,5997,35789,0.07218119573570751,0.07,40618,1v5
DouBanLv1_c3_c2,0,6069,11155,0.0738735143791202,0.07,43176,1v5
DouBanLv1_c3_c2,1,1689,1742,0.07682436666869986,0.07,43176,1v5
DouBanLv1_c3_c2,1,1062,45083,0.07303705945692761,0.07,43176,1v5
DouBanLv1_c3_c2,1,50822,51682,0.07606365317540453,0.07,43176,1v5
DouBanLv1_c3_c2,1,36968,40285,0.07992643515312513,0.07,43176,1v5
DouBanLv1_c3_c2,1,5997,35789,0.07218119573570751,0.07,43176,1v5
DouBanLv1_c3_c2,0,6252,2618,0.07445640541729036,0.07,44081,1v5
DouBanLv1_c3_c2,1,1689,1742,0.07682436666869986,0.07,44081,1v5
DouBanLv1_c3_c2,1,1062,45083,0.07303705945692761,0.07,44081,1v5
DouBanLv1_c3_c2,1,50822,51682,0.07606365317540453,0.07,44081,1v5
DouBanLv1_c3_c2,1,36968,40285,0.07992643515312513,0.07,44081,1v5
DouBanLv1_c3_c2,1,5997,35789,0.07218119573570751,0.07,44081,1v5
DouBanLv1_c3_c2,0,6408,11155,0.07917061002447029,0.07,44965,1v5
DouBanLv1_c3_c2,1,1689,1742,0.07682436666869986,0.07,44965,1v5
DouBanLv1_c3_c2,1,1062,45083,0.07303705945692761,0.07,44965,1v5
DouBanLv1_c3_c2,1,50822,51682,0.07606365317540453,0.07,44965,1v5
DouBanLv1_c3_c2,1,36968,40285,0.07992643515312513,0.07,44965,1v5
DouBanLv1_c3_c2,1,5997,35789,0.07218119573570751,0.07,44965,1v5
DouBanLv1_c3_c2,0,6515,4228,0.09629673912000454,0.09,45595,1v5
DouBanLv1_c3_c2,1,1302,25802,0.09552144330321967,0.09,45595,1v5
DouBanLv1_c3_c2,1,4246,6885,0.09778774521596992,0.09,45595,1v5
DouBanLv1_c3_c2,1,43488,44657,0.09005201990791638,0.09,45595,1v5
DouBanLv1_c3_c2,1,22912,34624,0.09551531347579827,0.09,45595,1v5
DouBanLv1_c3_c2,1,13109,31914,0.09237545123646929,0.09,45595,1v5
DouBanLv1_c3_c2,0,6515,6795,0.08633871507108516,0.08,45596,1v5
DouBanLv1_c3_c2,1,49974,50824,0.08549345149469548,0.08,45596,1v5
DouBanLv1_c3_c2,1,10593,15531,0.08227225097739255,0.08,45596,1v5
DouBanLv1_c3_c2,1,398,5262,0.08061730250192803,0.08,45596,1v5
DouBanLv1_c3_c2,1,5036,13223,0.0806408364785765,0.08,45596,1v5
DouBanLv1_c3_c2,1,864,31869,0.08508639454091912,0.08,45596,1v5
DouBanLv1_c3_c2,0,6515,11155,0.06761989841326772,0.06,45597,1v5
DouBanLv1_c3_c2,1,2209,23997,0.06107281110915619,0.06,45597,1v5
DouBanLv1_c3_c2,1,22618,28143,0.06774369914933397,0.06,45597,1v5
DouBanLv1_c3_c2,1,2920,18187,0.06673428352996279,0.06,45597,1v5
DouBanLv1_c3_c2,1,43955,50833,0.06254071123030289,0.06,45597,1v5
DouBanLv1_c3_c2,1,5788,22705,0.062073362603612306,0.06,45597,1v5
DouBanLv1_c3_c2,0,6647,393,0.06446207703074228,0.06,46465,1v5
DouBanLv1_c3_c2,1,2209,23997,0.06107281110915619,0.06,46465,1v5
DouBanLv1_c3_c2,1,22618,28143,0.06774369914933397,0.06,46465,1v5
DouBanLv1_c3_c2,1,2920,18187,0.06673428352996279,0.06,46465,1v5
DouBanLv1_c3_c2,1,43955,50833,0.06254071123030289,0.06,46465,1v5
DouBanLv1_c3_c2,1,5788,22705,0.062073362603612306,0.06,46465,1v5
DouBanLv1_c3_c2,0,6647,437,0.059239852612999806,0.05,46466,1v5
DouBanLv1_c3_c2,1,16340,39564,0.057269356066413035,0.05,46466,1v5
DouBanLv1_c3_c2,1,6817,11861,0.05916975601173271,0.05,46466,1v5
DouBanLv1_c3_c2,1,2236,40400,0.052783224210632106,0.05,46466,1v5
DouBanLv1_c3_c2,1,5594,29442,0.051929659373155225,0.05,46466,1v5
DouBanLv1_c3_c2,1,948,25051,0.05656891594762935,0.05,46466,1v5
DouBanLv1_c3_c2,0,6647,1345,0.07331086517414065,0.07,46467,1v5
DouBanLv1_c3_c2,1,1689,1742,0.07682436666869986,0.07,46467,1v5
DouBanLv1_c3_c2,1,1062,45083,0.07303705945692761,0.07,46467,1v5
DouBanLv1_c3_c2,1,50822,51682,0.07606365317540453,0.07,46467,1v5
DouBanLv1_c3_c2,1,36968,40285,0.07992643515312513,0.07,46467,1v5
DouBanLv1_c3_c2,1,5997,35789,0.07218119573570751,0.07,46467,1v5
DouBanLv1_c3_c2,0,6647,1609,0.0826579714156781,0.08,46468,1v5
DouBanLv1_c3_c2,1,49974,50824,0.08549345149469548,0.08,46468,1v5
DouBanLv1_c3_c2,1,10593,15531,0.08227225097739255,0.08,46468,1v5
DouBanLv1_c3_c2,1,398,5262,0.08061730250192803,0.08,46468,1v5
DouBanLv1_c3_c2,1,5036,13223,0.0806408364785765,0.08,46468,1v5
DouBanLv1_c3_c2,1,864,31869,0.08508639454091912,0.08,46468,1v5
DouBanLv1_c3_c2,0,6647,2354,0.06498857182152781,0.06,46469,1v5
DouBanLv1_c3_c2,1,2209,23997,0.06107281110915619,0.06,46469,1v5
DouBanLv1_c3_c2,1,22618,28143,0.06774369914933397,0.06,46469,1v5
DouBanLv1_c3_c2,1,2920,18187,0.06673428352996279,0.06,46469,1v5
DouBanLv1_c3_c2,1,43955,50833,0.06254071123030289,0.06,46469,1v5
DouBanLv1_c3_c2,1,5788,22705,0.062073362603612306,0.06,46469,1v5
DouBanLv1_c3_c2,0,6647,4228,0.07766772020005434,0.07,46470,1v5
DouBanLv1_c3_c2,1,1689,1742,0.07682436666869986,0.07,46470,1v5
DouBanLv1_c3_c2,1,1062,45083,0.07303705945692761,0.07,46470,1v5
DouBanLv1_c3_c2,1,50822,51682,0.07606365317540453,0.07,46470,1v5
DouBanLv1_c3_c2,1,36968,40285,0.07992643515312513,0.07,46470,1v5
DouBanLv1_c3_c2,1,5997,35789,0.07218119573570751,0.07,46470,1v5
DouBanLv1_c3_c2,0,6647,5944,0.079937639331639,0.07,46471,1v5
DouBanLv1_c3_c2,1,1689,1742,0.07682436666869986,0.07,46471,1v5
DouBanLv1_c3_c2,1,1062,45083,0.07303705945692761,0.07,46471,1v5
DouBanLv1_c3_c2,1,50822,51682,0.07606365317540453,0.07,46471,1v5
DouBanLv1_c3_c2,1,36968,40285,0.07992643515312513,0.07,46471,1v5
DouBanLv1_c3_c2,1,5997,35789,0.07218119573570751,0.07,46471,1v5
DouBanLv1_c3_c2,0,6647,6795,0.07766574208311768,0.07,46472,1v5
DouBanLv1_c3_c2,1,1689,1742,0.07682436666869986,0.07,46472,1v5
DouBanLv1_c3_c2,1,1062,45083,0.07303705945692761,0.07,46472,1v5
DouBanLv1_c3_c2,1,50822,51682,0.07606365317540453,0.07,46472,1v5
DouBanLv1_c3_c2,1,36968,40285,0.07992643515312513,0.07,46472,1v5
DouBanLv1_c3_c2,1,5997,35789,0.07218119573570751,0.07,46472,1v5
DouBanLv1_c3_c2,0,6647,11155,0.06612269515294243,0.06,46473,1v5
DouBanLv1_c3_c2,1,2209,23997,0.06107281110915619,0.06,46473,1v5
DouBanLv1_c3_c2,1,22618,28143,0.06774369914933397,0.06,46473,1v5
DouBanLv1_c3_c2,1,2920,18187,0.06673428352996279,0.06,46473,1v5
DouBanLv1_c3_c2,1,43955,50833,0.06254071123030289,0.06,46473,1v5
DouBanLv1_c3_c2,1,5788,22705,0.062073362603612306,0.06,46473,1v5
DouBanLv1_c3_c2,0,6732,437,0.09331974034691493,0.09,47132,1v5
DouBanLv1_c3_c2,1,1302,25802,0.09552144330321967,0.09,47132,1v5
DouBanLv1_c3_c2,1,4246,6885,0.09778774521596992,0.09,47132,1v5
DouBanLv1_c3_c2,1,43488,44657,0.09005201990791638,0.09,47132,1v5
DouBanLv1_c3_c2,1,22912,34624,0.09551531347579827,0.09,47132,1v5
DouBanLv1_c3_c2,1,13109,31914,0.09237545123646929,0.09,47132,1v5
DouBanLv1_c3_c2,0,6732,2354,0.10558117905465246,0.1,47133,1v5
DouBanLv1_c3_c2,1,38076,46548,0.10375201634313563,0.1,47133,1v5
DouBanLv1_c3_c2,1,21982,37504,0.10246712286779813,0.1,47133,1v5
DouBanLv1_c3_c2,1,6147,50105,0.10133704007708971,0.1,47133,1v5
DouBanLv1_c3_c2,1,12470,23901,0.1023673571863647,0.1,47133,1v5
DouBanLv1_c3_c2,1,2336,43448,0.10531445278507413,0.1,47133,1v5
DouBanLv1_c3_c2,0,6732,2612,0.09398919711386665,0.09,47134,1v5
DouBanLv1_c3_c2,1,1302,25802,0.09552144330321967,0.09,47134,1v5
DouBanLv1_c3_c2,1,4246,6885,0.09778774521596992,0.09,47134,1v5
DouBanLv1_c3_c2,1,43488,44657,0.09005201990791638,0.09,47134,1v5
DouBanLv1_c3_c2,1,22912,34624,0.09551531347579827,0.09,47134,1v5
DouBanLv1_c3_c2,1,13109,31914,0.09237545123646929,0.09,47134,1v5
DouBanLv1_c3_c2,0,6732,2920,0.1084480961427719,0.1,47135,1v5
DouBanLv1_c3_c2,1,38076,46548,0.10375201634313563,0.1,47135,1v5
DouBanLv1_c3_c2,1,21982,37504,0.10246712286779813,0.1,47135,1v5
DouBanLv1_c3_c2,1,6147,50105,0.10133704007708971,0.1,47135,1v5
DouBanLv1_c3_c2,1,12470,23901,0.1023673571863647,0.1,47135,1v5
DouBanLv1_c3_c2,1,2336,43448,0.10531445278507413,0.1,47135,1v5
DouBanLv1_c3_c2,0,6732,5944,0.08840512370837861,0.08,47136,1v5
DouBanLv1_c3_c2,1,49974,50824,0.08549345149469548,0.08,47136,1v5
DouBanLv1_c3_c2,1,10593,15531,0.08227225097739255,0.08,47136,1v5
DouBanLv1_c3_c2,1,398,5262,0.08061730250192803,0.08,47136,1v5
DouBanLv1_c3_c2,1,5036,13223,0.0806408364785765,0.08,47136,1v5
DouBanLv1_c3_c2,1,864,31869,0.08508639454091912,0.08,47136,1v5
DouBanLv1_c3_c2,0,6742,49,0.0853042202124104,0.08,47158,1v5
DouBanLv1_c3_c2,1,49974,50824,0.08549345149469548,0.08,47158,1v5
DouBanLv1_c3_c2,1,10593,15531,0.08227225097739255,0.08,47158,1v5
DouBanLv1_c3_c2,1,398,5262,0.08061730250192803,0.08,47158,1v5
DouBanLv1_c3_c2,1,5036,13223,0.0806408364785765,0.08,47158,1v5
DouBanLv1_c3_c2,1,864,31869,0.08508639454091912,0.08,47158,1v5
DouBanLv1_c3_c2,0,6742,9704,0.07260728968458545,0.07,47159,1v5
DouBanLv1_c3_c2,1,1689,1742,0.07682436666869986,0.07,47159,1v5
DouBanLv1_c3_c2,1,1062,45083,0.07303705945692761,0.07,47159,1v5
DouBanLv1_c3_c2,1,50822,51682,0.07606365317540453,0.07,47159,1v5
DouBanLv1_c3_c2,1,36968,40285,0.07992643515312513,0.07,47159,1v5
DouBanLv1_c3_c2,1,5997,35789,0.07218119573570751,0.07,47159,1v5
DouBanLv1_c3_c2,0,6742,29400,0.0716456606770724,0.07,47160,1v5
DouBanLv1_c3_c2,1,1689,1742,0.07682436666869986,0.07,47160,1v5
DouBanLv1_c3_c2,1,1062,45083,0.07303705945692761,0.07,47160,1v5
DouBanLv1_c3_c2,1,50822,51682,0.07606365317540453,0.07,47160,1v5
DouBanLv1_c3_c2,1,36968,40285,0.07992643515312513,0.07,47160,1v5
DouBanLv1_c3_c2,1,5997,35789,0.07218119573570751,0.07,47160,1v5
DouBanLv1_c3_c2,0,6992,29400,0.09911557509212714,0.09,48899,1v5
DouBanLv1_c3_c2,1,1302,25802,0.09552144330321967,0.09,48899,1v5
DouBanLv1_c3_c2,1,4246,6885,0.09778774521596992,0.09,48899,1v5
DouBanLv1_c3_c2,1,43488,44657,0.09005201990791638,0.09,48899,1v5
DouBanLv1_c3_c2,1,22912,34624,0.09551531347579827,0.09,48899,1v5
DouBanLv1_c3_c2,1,13109,31914,0.09237545123646929,0.09,48899,1v5
DouBanLv1_c3_c2,0,7005,11155,0.07917175798868094,0.07,49022,1v5
DouBanLv1_c3_c2,1,1689,1742,0.07682436666869986,0.07,49022,1v5
DouBanLv1_c3_c2,1,1062,45083,0.07303705945692761,0.07,49022,1v5
DouBanLv1_c3_c2,1,50822,51682,0.07606365317540453,0.07,49022,1v5
DouBanLv1_c3_c2,1,36968,40285,0.07992643515312513,0.07,49022,1v5
DouBanLv1_c3_c2,1,5997,35789,0.07218119573570751,0.07,49022,1v5
DouBanLv1_c3_c2,0,7007,437,0.10139970479954837,0.1,49023,1v5
DouBanLv1_c3_c2,1,38076,46548,0.10375201634313563,0.1,49023,1v5
DouBanLv1_c3_c2,1,21982,37504,0.10246712286779813,0.1,49023,1v5
DouBanLv1_c3_c2,1,6147,50105,0.10133704007708971,0.1,49023,1v5
DouBanLv1_c3_c2,1,12470,23901,0.1023673571863647,0.1,49023,1v5
DouBanLv1_c3_c2,1,2336,43448,0.10531445278507413,0.1,49023,1v5
DouBanLv1_c3_c2,0,7007,2612,0.10018744217614318,0.1,49024,1v5
DouBanLv1_c3_c2,1,38076,46548,0.10375201634313563,0.1,49024,1v5
DouBanLv1_c3_c2,1,21982,37504,0.10246712286779813,0.1,49024,1v5
DouBanLv1_c3_c2,1,6147,50105,0.10133704007708971,0.1,49024,1v5
DouBanLv1_c3_c2,1,12470,23901,0.1023673571863647,0.1,49024,1v5
DouBanLv1_c3_c2,1,2336,43448,0.10531445278507413,0.1,49024,1v5
DouBanLv1_c3_c2,0,7007,5944,0.09627075906515807,0.09,49025,1v5
DouBanLv1_c3_c2,1,1302,25802,0.09552144330321967,0.09,49025,1v5
DouBanLv1_c3_c2,1,4246,6885,0.09778774521596992,0.09,49025,1v5
DouBanLv1_c3_c2,1,43488,44657,0.09005201990791638,0.09,49025,1v5
DouBanLv1_c3_c2,1,22912,34624,0.09551531347579827,0.09,49025,1v5
DouBanLv1_c3_c2,1,13109,31914,0.09237545123646929,0.09,49025,1v5
DouBanLv1_c3_c2,0,8520,1117,0.08958884168871549,0.08,60001,1v5
DouBanLv1_c3_c2,1,49974,50824,0.08549345149469548,0.08,60001,1v5
DouBanLv1_c3_c2,1,10593,15531,0.08227225097739255,0.08,60001,1v5
DouBanLv1_c3_c2,1,398,5262,0.08061730250192803,0.08,60001,1v5
DouBanLv1_c3_c2,1,5036,13223,0.0806408364785765,0.08,60001,1v5
DouBanLv1_c3_c2,1,864,31869,0.08508639454091912,0.08,60001,1v5
DouBanLv1_c3_c2,0,8520,1178,0.07360578485180706,0.07,60002,1v5
DouBanLv1_c3_c2,1,1689,1742,0.07682436666869986,0.07,60002,1v5
DouBanLv1_c3_c2,1,1062,45083,0.07303705945692761,0.07,60002,1v5
DouBanLv1_c3_c2,1,50822,51682,0.07606365317540453,0.07,60002,1v5
DouBanLv1_c3_c2,1,36968,40285,0.07992643515312513,0.07,60002,1v5
DouBanLv1_c3_c2,1,5997,35789,0.07218119573570751,0.07,60002,1v5
DouBanLv1_c3_c2,0,8520,1236,0.09208711634679478,0.09,60003,1v5
DouBanLv1_c3_c2,1,1302,25802,0.09552144330321967,0.09,60003,1v5
DouBanLv1_c3_c2,1,4246,6885,0.09778774521596992,0.09,60003,1v5
DouBanLv1_c3_c2,1,43488,44657,0.09005201990791638,0.09,60003,1v5
DouBanLv1_c3_c2,1,22912,34624,0.09551531347579827,0.09,60003,1v5
DouBanLv1_c3_c2,1,13109,31914,0.09237545123646929,0.09,60003,1v5
DouBanLv1_c3_c2,0,8520,5417,0.06837662431858577,0.06,60004,1v5
DouBanLv1_c3_c2,1,2209,23997,0.06107281110915619,0.06,60004,1v5
DouBanLv1_c3_c2,1,22618,28143,0.06774369914933397,0.06,60004,1v5
DouBanLv1_c3_c2,1,2920,18187,0.06673428352996279,0.06,60004,1v5
DouBanLv1_c3_c2,1,43955,50833,0.06254071123030289,0.06,60004,1v5
DouBanLv1_c3_c2,1,5788,22705,0.062073362603612306,0.06,60004,1v5
DouBanLv1_c3_c2,0,8520,5480,0.08743818248649904,0.08,60005,1v5
DouBanLv1_c3_c2,1,49974,50824,0.08549345149469548,0.08,60005,1v5
DouBanLv1_c3_c2,1,10593,15531,0.08227225097739255,0.08,60005,1v5
DouBanLv1_c3_c2,1,398,5262,0.08061730250192803,0.08,60005,1v5
DouBanLv1_c3_c2,1,5036,13223,0.0806408364785765,0.08,60005,1v5
DouBanLv1_c3_c2,1,864,31869,0.08508639454091912,0.08,60005,1v5
DouBanLv1_c3_c2,0,8520,5497,0.07449411474773737,0.07,60006,1v5
DouBanLv1_c3_c2,1,1689,1742,0.07682436666869986,0.07,60006,1v5
DouBanLv1_c3_c2,1,1062,45083,0.07303705945692761,0.07,60006,1v5
DouBanLv1_c3_c2,1,50822,51682,0.07606365317540453,0.07,60006,1v5
DouBanLv1_c3_c2,1,36968,40285,0.07992643515312513,0.07,60006,1v5
DouBanLv1_c3_c2,1,5997,35789,0.07218119573570751,0.07,60006,1v5
DouBanLv1_c3_c2,0,8520,6885,0.059692703110997385,0.05,60007,1v5
DouBanLv1_c3_c2,1,16340,39564,0.057269356066413035,0.05,60007,1v5
DouBanLv1_c3_c2,1,6817,11861,0.05916975601173271,0.05,60007,1v5
DouBanLv1_c3_c2,1,2236,40400,0.052783224210632106,0.05,60007,1v5
DouBanLv1_c3_c2,1,5594,29442,0.051929659373155225,0.05,60007,1v5
DouBanLv1_c3_c2,1,948,25051,0.05656891594762935,0.05,60007,1v5
DouBanLv1_c3_c2,0,8520,11310,0.08792095313181483,0.08,60008,1v5
DouBanLv1_c3_c2,1,49974,50824,0.08549345149469548,0.08,60008,1v5
DouBanLv1_c3_c2,1,10593,15531,0.08227225097739255,0.08,60008,1v5
DouBanLv1_c3_c2,1,398,5262,0.08061730250192803,0.08,60008,1v5
DouBanLv1_c3_c2,1,5036,13223,0.0806408364785765,0.08,60008,1v5
DouBanLv1_c3_c2,1,864,31869,0.08508639454091912,0.08,60008,1v5
DouBanLv1_c3_c2,0,8531,1117,0.08504896671726121,0.08,60099,1v5
DouBanLv1_c3_c2,1,49974,50824,0.08549345149469548,0.08,60099,1v5
DouBanLv1_c3_c2,1,10593,15531,0.08227225097739255,0.08,60099,1v5
DouBanLv1_c3_c2,1,398,5262,0.08061730250192803,0.08,60099,1v5
DouBanLv1_c3_c2,1,5036,13223,0.0806408364785765,0.08,60099,1v5
DouBanLv1_c3_c2,1,864,31869,0.08508639454091912,0.08,60099,1v5
DouBanLv1_c3_c2,0,8531,1178,0.06698841989563944,0.06,60100,1v5
DouBanLv1_c3_c2,1,2209,23997,0.06107281110915619,0.06,60100,1v5
DouBanLv1_c3_c2,1,22618,28143,0.06774369914933397,0.06,60100,1v5
DouBanLv1_c3_c2,1,2920,18187,0.06673428352996279,0.06,60100,1v5
DouBanLv1_c3_c2,1,43955,50833,0.06254071123030289,0.06,60100,1v5
DouBanLv1_c3_c2,1,5788,22705,0.062073362603612306,0.06,60100,1v5
DouBanLv1_c3_c2,0,8531,4236,0.07576590816872611,0.07,60101,1v5
DouBanLv1_c3_c2,1,1689,1742,0.07682436666869986,0.07,60101,1v5
DouBanLv1_c3_c2,1,1062,45083,0.07303705945692761,0.07,60101,1v5
DouBanLv1_c3_c2,1,50822,51682,0.07606365317540453,0.07,60101,1v5
DouBanLv1_c3_c2,1,36968,40285,0.07992643515312513,0.07,60101,1v5
DouBanLv1_c3_c2,1,5997,35789,0.07218119573570751,0.07,60101,1v5
DouBanLv1_c3_c2,0,8531,5417,0.05532051646399397,0.05,60102,1v5
DouBanLv1_c3_c2,1,16340,39564,0.057269356066413035,0.05,60102,1v5
DouBanLv1_c3_c2,1,6817,11861,0.05916975601173271,0.05,60102,1v5
DouBanLv1_c3_c2,1,2236,40400,0.052783224210632106,0.05,60102,1v5
DouBanLv1_c3_c2,1,5594,29442,0.051929659373155225,0.05,60102,1v5
DouBanLv1_c3_c2,1,948,25051,0.05656891594762935,0.05,60102,1v5
DouBanLv1_c3_c2,0,8531,5480,0.06744105089546451,0.06,60103,1v5
DouBanLv1_c3_c2,1,2209,23997,0.06107281110915619,0.06,60103,1v5
DouBanLv1_c3_c2,1,22618,28143,0.06774369914933397,0.06,60103,1v5
DouBanLv1_c3_c2,1,2920,18187,0.06673428352996279,0.06,60103,1v5
DouBanLv1_c3_c2,1,43955,50833,0.06254071123030289,0.06,60103,1v5
DouBanLv1_c3_c2,1,5788,22705,0.062073362603612306,0.06,60103,1v5
DouBanLv1_c3_c2,0,8531,5497,0.06457397806942333,0.06,60104,1v5
DouBanLv1_c3_c2,1,2209,23997,0.06107281110915619,0.06,60104,1v5
DouBanLv1_c3_c2,1,22618,28143,0.06774369914933397,0.06,60104,1v5
DouBanLv1_c3_c2,1,2920,18187,0.06673428352996279,0.06,60104,1v5
DouBanLv1_c3_c2,1,43955,50833,0.06254071123030289,0.06,60104,1v5
DouBanLv1_c3_c2,1,5788,22705,0.062073362603612306,0.06,60104,1v5
DouBanLv1_c3_c2,0,8531,6885,0.07680171041068308,0.07,60105,1v5
DouBanLv1_c3_c2,1,1689,1742,0.07682436666869986,0.07,60105,1v5
DouBanLv1_c3_c2,1,1062,45083,0.07303705945692761,0.07,60105,1v5
DouBanLv1_c3_c2,1,50822,51682,0.07606365317540453,0.07,60105,1v5
DouBanLv1_c3_c2,1,36968,40285,0.07992643515312513,0.07,60105,1v5
DouBanLv1_c3_c2,1,5997,35789,0.07218119573570751,0.07,60105,1v5
DouBanLv1_c3_c2,0,8531,11282,0.08954359457777387,0.08,60106,1v5
DouBanLv1_c3_c2,1,49974,50824,0.08549345149469548,0.08,60106,1v5
DouBanLv1_c3_c2,1,10593,15531,0.08227225097739255,0.08,60106,1v5
DouBanLv1_c3_c2,1,398,5262,0.08061730250192803,0.08,60106,1v5
DouBanLv1_c3_c2,1,5036,13223,0.0806408364785765,0.08,60106,1v5
DouBanLv1_c3_c2,1,864,31869,0.08508639454091912,0.08,60106,1v5
DouBanLv1_c3_c2,0,9262,1117,0.08031793463063595,0.08,64185,1v5
DouBanLv1_c3_c2,1,49974,50824,0.08549345149469548,0.08,64185,1v5
DouBanLv1_c3_c2,1,10593,15531,0.08227225097739255,0.08,64185,1v5
DouBanLv1_c3_c2,1,398,5262,0.08061730250192803,0.08,64185,1v5
DouBanLv1_c3_c2,1,5036,13223,0.0806408364785765,0.08,64185,1v5
DouBanLv1_c3_c2,1,864,31869,0.08508639454091912,0.08,64185,1v5
DouBanLv1_c3_c2,0,9262,1178,0.061283800647413705,0.06,64186,1v5
DouBanLv1_c3_c2,1,2209,23997,0.06107281110915619,0.06,64186,1v5
DouBanLv1_c3_c2,1,22618,28143,0.06774369914933397,0.06,64186,1v5
DouBanLv1_c3_c2,1,2920,18187,0.06673428352996279,0.06,64186,1v5
DouBanLv1_c3_c2,1,43955,50833,0.06254071123030289,0.06,64186,1v5
DouBanLv1_c3_c2,1,5788,22705,0.062073362603612306,0.06,64186,1v5
DouBanLv1_c3_c2,0,9262,5417,0.0541921891818408,0.05,64187,1v5
DouBanLv1_c3_c2,1,16340,39564,0.057269356066413035,0.05,64187,1v5
DouBanLv1_c3_c2,1,6817,11861,0.05916975601173271,0.05,64187,1v5
DouBanLv1_c3_c2,1,2236,40400,0.052783224210632106,0.05,64187,1v5
DouBanLv1_c3_c2,1,5594,29442,0.051929659373155225,0.05,64187,1v5
DouBanLv1_c3_c2,1,948,25051,0.05656891594762935,0.05,64187,1v5
DouBanLv1_c3_c2,0,9262,5480,0.0725908650904888,0.07,64188,1v5
DouBanLv1_c3_c2,1,1689,1742,0.07682436666869986,0.07,64188,1v5
DouBanLv1_c3_c2,1,1062,45083,0.07303705945692761,0.07,64188,1v5
DouBanLv1_c3_c2,1,50822,51682,0.07606365317540453,0.07,64188,1v5
DouBanLv1_c3_c2,1,36968,40285,0.07992643515312513,0.07,64188,1v5
DouBanLv1_c3_c2,1,5997,35789,0.07218119573570751,0.07,64188,1v5
DouBanLv1_c3_c2,0,9262,5497,0.05950446439992903,0.05,64189,1v5
DouBanLv1_c3_c2,1,16340,39564,0.057269356066413035,0.05,64189,1v5
DouBanLv1_c3_c2,1,6817,11861,0.05916975601173271,0.05,64189,1v5
DouBanLv1_c3_c2,1,2236,40400,0.052783224210632106,0.05,64189,1v5
DouBanLv1_c3_c2,1,5594,29442,0.051929659373155225,0.05,64189,1v5
DouBanLv1_c3_c2,1,948,25051,0.05656891594762935,0.05,64189,1v5
DouBanLv1_c3_c2,0,9262,6885,0.06123574264463902,0.06,64190,1v5
DouBanLv1_c3_c2,1,2209,23997,0.06107281110915619,0.06,64190,1v5
DouBanLv1_c3_c2,1,22618,28143,0.06774369914933397,0.06,64190,1v5
DouBanLv1_c3_c2,1,2920,18187,0.06673428352996279,0.06,64190,1v5
DouBanLv1_c3_c2,1,43955,50833,0.06254071123030289,0.06,64190,1v5
DouBanLv1_c3_c2,1,5788,22705,0.062073362603612306,0.06,64190,1v5
DouBanLv1_c3_c2,0,9926,6885,0.08806502838561057,0.08,68509,1v5
DouBanLv1_c3_c2,1,49974,50824,0.08549345149469548,0.08,68509,1v5
DouBanLv1_c3_c2,1,10593,15531,0.08227225097739255,0.08,68509,1v5
DouBanLv1_c3_c2,1,398,5262,0.08061730250192803,0.08,68509,1v5
DouBanLv1_c3_c2,1,5036,13223,0.0806408364785765,0.08,68509,1v5
DouBanLv1_c3_c2,1,864,31869,0.08508639454091912,0.08,68509,1v5
DouBanLv1_c3_c2,0,11085,7613,0.066960654020293,0.06,77114,1v5
DouBanLv1_c3_c2,1,2209,23997,0.06107281110915619,0.06,77114,1v5
DouBanLv1_c3_c2,1,22618,28143,0.06774369914933397,0.06,77114,1v5
DouBanLv1_c3_c2,1,2920,18187,0.06673428352996279,0.06,77114,1v5
DouBanLv1_c3_c2,1,43955,50833,0.06254071123030289,0.06,77114,1v5
DouBanLv1_c3_c2,1,5788,22705,0.062073362603612306,0.06,77114,1v5
DouBanLv1_c3_c2,0,11085,9074,0.0874678581540161,0.08,77115,1v5
DouBanLv1_c3_c2,1,49974,50824,0.08549345149469548,0.08,77115,1v5
DouBanLv1_c3_c2,1,10593,15531,0.08227225097739255,0.08,77115,1v5
DouBanLv1_c3_c2,1,398,5262,0.08061730250192803,0.08,77115,1v5
DouBanLv1_c3_c2,1,5036,13223,0.0806408364785765,0.08,77115,1v5
DouBanLv1_c3_c2,1,864,31869,0.08508639454091912,0.08,77115,1v5
DouBanLv1_c3_c2,0,12531,864,0.08773751280268235,0.08,87585,1v5
DouBanLv1_c3_c2,1,49974,50824,0.08549345149469548,0.08,87585,1v5
DouBanLv1_c3_c2,1,10593,15531,0.08227225097739255,0.08,87585,1v5
DouBanLv1_c3_c2,1,398,5262,0.08061730250192803,0.08,87585,1v5
DouBanLv1_c3_c2,1,5036,13223,0.0806408364785765,0.08,87585,1v5
DouBanLv1_c3_c2,1,864,31869,0.08508639454091912,0.08,87585,1v5
DouBanLv1_c3_c2,0,12531,11155,0.07213072394100661,0.07,87586,1v5
DouBanLv1_c3_c2,1,1689,1742,0.07682436666869986,0.07,87586,1v5
DouBanLv1_c3_c2,1,1062,45083,0.07303705945692761,0.07,87586,1v5
DouBanLv1_c3_c2,1,50822,51682,0.07606365317540453,0.07,87586,1v5
DouBanLv1_c3_c2,1,36968,40285,0.07992643515312513,0.07,87586,1v5
DouBanLv1_c3_c2,1,5997,35789,0.07218119573570751,0.07,87586,1v5
DouBanLv1_c3_c2,0,14715,7613,0.054939620847617276,0.05,101208,1v5
DouBanLv1_c3_c2,1,16340,39564,0.057269356066413035,0.05,101208,1v5
DouBanLv1_c3_c2,1,6817,11861,0.05916975601173271,0.05,101208,1v5
DouBanLv1_c3_c2,1,2236,40400,0.052783224210632106,0.05,101208,1v5
DouBanLv1_c3_c2,1,5594,29442,0.051929659373155225,0.05,101208,1v5
DouBanLv1_c3_c2,1,948,25051,0.05656891594762935,0.05,101208,1v5
DouBanLv1_c3_c2,0,14715,9074,0.06311729076217848,0.06,101209,1v5
DouBanLv1_c3_c2,1,2209,23997,0.06107281110915619,0.06,101209,1v5
DouBanLv1_c3_c2,1,22618,28143,0.06774369914933397,0.06,101209,1v5
DouBanLv1_c3_c2,1,2920,18187,0.06673428352996279,0.06,101209,1v5
DouBanLv1_c3_c2,1,43955,50833,0.06254071123030289,0.06,101209,1v5
DouBanLv1_c3_c2,1,5788,22705,0.062073362603612306,0.06,101209,1v5
DouBanLv1_c3_c2,0,17612,100,0.06839394884382782,0.06,117635,1v5
DouBanLv1_c3_c2,1,2209,23997,0.06107281110915619,0.06,117635,1v5
DouBanLv1_c3_c2,1,22618,28143,0.06774369914933397,0.06,117635,1v5
DouBanLv1_c3_c2,1,2920,18187,0.06673428352996279,0.06,117635,1v5
DouBanLv1_c3_c2,1,43955,50833,0.06254071123030289,0.06,117635,1v5
DouBanLv1_c3_c2,1,5788,22705,0.062073362603612306,0.06,117635,1v5
DouBanLv1_c3_c2,0,17612,7613,0.060273092367694125,0.06,117636,1v5
DouBanLv1_c3_c2,1,2209,23997,0.06107281110915619,0.06,117636,1v5
DouBanLv1_c3_c2,1,22618,28143,0.06774369914933397,0.06,117636,1v5
DouBanLv1_c3_c2,1,2920,18187,0.06673428352996279,0.06,117636,1v5
DouBanLv1_c3_c2,1,43955,50833,0.06254071123030289,0.06,117636,1v5
DouBanLv1_c3_c2,1,5788,22705,0.062073362603612306,0.06,117636,1v5
DouBanLv1_c3_c2,0,17612,9074,0.08729841918945987,0.08,117637,1v5
DouBanLv1_c3_c2,1,49974,50824,0.08549345149469548,0.08,117637,1v5
DouBanLv1_c3_c2,1,10593,15531,0.08227225097739255,0.08,117637,1v5
DouBanLv1_c3_c2,1,398,5262,0.08061730250192803,0.08,117637,1v5
DouBanLv1_c3_c2,1,5036,13223,0.0806408364785765,0.08,117637,1v5
DouBanLv1_c3_c2,1,864,31869,0.08508639454091912,0.08,117637,1v5
DouBanLv1_c3_c2,0,18178,5417,0.07984162457855827,0.07,121514,1v5
DouBanLv1_c3_c2,1,1689,1742,0.07682436666869986,0.07,121514,1v5
DouBanLv1_c3_c2,1,1062,45083,0.07303705945692761,0.07,121514,1v5
DouBanLv1_c3_c2,1,50822,51682,0.07606365317540453,0.07,121514,1v5
DouBanLv1_c3_c2,1,36968,40285,0.07992643515312513,0.07,121514,1v5
DouBanLv1_c3_c2,1,5997,35789,0.07218119573570751,0.07,121514,1v5
DouBanLv1_c3_c2,0,18178,5497,0.09273806047274762,0.09,121515,1v5
DouBanLv1_c3_c2,1,1302,25802,0.09552144330321967,0.09,121515,1v5
DouBanLv1_c3_c2,1,4246,6885,0.09778774521596992,0.09,121515,1v5
DouBanLv1_c3_c2,1,43488,44657,0.09005201990791638,0.09,121515,1v5
DouBanLv1_c3_c2,1,22912,34624,0.09551531347579827,0.09,121515,1v5
DouBanLv1_c3_c2,1,13109,31914,0.09237545123646929,0.09,121515,1v5
DouBanLv1_c3_c2,0,20812,7613,0.054131262849125644,0.05,134617,1v5
DouBanLv1_c3_c2,1,16340,39564,0.057269356066413035,0.05,134617,1v5
DouBanLv1_c3_c2,1,6817,11861,0.05916975601173271,0.05,134617,1v5
DouBanLv1_c3_c2,1,2236,40400,0.052783224210632106,0.05,134617,1v5
DouBanLv1_c3_c2,1,5594,29442,0.051929659373155225,0.05,134617,1v5
DouBanLv1_c3_c2,1,948,25051,0.05656891594762935,0.05,134617,1v5
DouBanLv1_c3_c2,0,20812,9074,0.07041686225198929,0.07,134618,1v5
DouBanLv1_c3_c2,1,1689,1742,0.07682436666869986,0.07,134618,1v5
DouBanLv1_c3_c2,1,1062,45083,0.07303705945692761,0.07,134618,1v5
DouBanLv1_c3_c2,1,50822,51682,0.07606365317540453,0.07,134618,1v5
DouBanLv1_c3_c2,1,36968,40285,0.07992643515312513,0.07,134618,1v5
DouBanLv1_c3_c2,1,5997,35789,0.07218119573570751,0.07,134618,1v5
DouBanLv1_c3_c2,0,22804,9074,0.08389605462286852,0.08,145949,1v5
DouBanLv1_c3_c2,1,49974,50824,0.08549345149469548,0.08,145949,1v5
DouBanLv1_c3_c2,1,10593,15531,0.08227225097739255,0.08,145949,1v5
DouBanLv1_c3_c2,1,398,5262,0.08061730250192803,0.08,145949,1v5
DouBanLv1_c3_c2,1,5036,13223,0.0806408364785765,0.08,145949,1v5
DouBanLv1_c3_c2,1,864,31869,0.08508639454091912,0.08,145949,1v5
DouBanLv1_c3_c2,0,24407,241,0.08263733600319384,0.08,155122,1v5
DouBanLv1_c3_c2,1,49974,50824,0.08549345149469548,0.08,155122,1v5
DouBanLv1_c3_c2,1,10593,15531,0.08227225097739255,0.08,155122,1v5
DouBanLv1_c3_c2,1,398,5262,0.08061730250192803,0.08,155122,1v5
DouBanLv1_c3_c2,1,5036,13223,0.0806408364785765,0.08,155122,1v5
DouBanLv1_c3_c2,1,864,31869,0.08508639454091912,0.08,155122,1v5
DouBanLv1_c3_c2,0,24407,1117,0.06939003196118822,0.06,155123,1v5
DouBanLv1_c3_c2,1,2209,23997,0.06107281110915619,0.06,155123,1v5
DouBanLv1_c3_c2,1,22618,28143,0.06774369914933397,0.06,155123,1v5
DouBanLv1_c3_c2,1,2920,18187,0.06673428352996279,0.06,155123,1v5
DouBanLv1_c3_c2,1,43955,50833,0.06254071123030289,0.06,155123,1v5
DouBanLv1_c3_c2,1,5788,22705,0.062073362603612306,0.06,155123,1v5
DouBanLv1_c3_c2,0,24407,1144,0.06918937995247591,0.06,155124,1v5
DouBanLv1_c3_c2,1,2209,23997,0.06107281110915619,0.06,155124,1v5
DouBanLv1_c3_c2,1,22618,28143,0.06774369914933397,0.06,155124,1v5
DouBanLv1_c3_c2,1,2920,18187,0.06673428352996279,0.06,155124,1v5
DouBanLv1_c3_c2,1,43955,50833,0.06254071123030289,0.06,155124,1v5
DouBanLv1_c3_c2,1,5788,22705,0.062073362603612306,0.06,155124,1v5
DouBanLv1_c3_c2,0,24407,1178,0.05650453863295036,0.05,155125,1v5
DouBanLv1_c3_c2,1,16340,39564,0.057269356066413035,0.05,155125,1v5
DouBanLv1_c3_c2,1,6817,11861,0.05916975601173271,0.05,155125,1v5
DouBanLv1_c3_c2,1,2236,40400,0.052783224210632106,0.05,155125,1v5
DouBanLv1_c3_c2,1,5594,29442,0.051929659373155225,0.05,155125,1v5
DouBanLv1_c3_c2,1,948,25051,0.05656891594762935,0.05,155125,1v5
DouBanLv1_c3_c2,0,24407,4236,0.04424741615163711,0.04,155126,1v5
DouBanLv1_c3_c2,1,30775,36463,0.04108251933405179,0.04,155126,1v5
DouBanLv1_c3_c2,1,3935,7363,0.04238243826957726,0.04,155126,1v5
DouBanLv1_c3_c2,1,17792,49916,0.043911361310511654,0.04,155126,1v5
DouBanLv1_c3_c2,1,16495,40836,0.04748961851489409,0.04,155126,1v5
DouBanLv1_c3_c2,1,3993,37946,0.043915302285120465,0.04,155126,1v5
DouBanLv1_c3_c2,0,24407,5417,0.04375543491931654,0.04,155127,1v5
DouBanLv1_c3_c2,1,30775,36463,0.04108251933405179,0.04,155127,1v5
DouBanLv1_c3_c2,1,3935,7363,0.04238243826957726,0.04,155127,1v5
DouBanLv1_c3_c2,1,17792,49916,0.043911361310511654,0.04,155127,1v5
DouBanLv1_c3_c2,1,16495,40836,0.04748961851489409,0.04,155127,1v5
DouBanLv1_c3_c2,1,3993,37946,0.043915302285120465,0.04,155127,1v5
DouBanLv1_c3_c2,0,24407,5480,0.042706451025495897,0.04,155128,1v5
DouBanLv1_c3_c2,1,30775,36463,0.04108251933405179,0.04,155128,1v5
DouBanLv1_c3_c2,1,3935,7363,0.04238243826957726,0.04,155128,1v5
DouBanLv1_c3_c2,1,17792,49916,0.043911361310511654,0.04,155128,1v5
DouBanLv1_c3_c2,1,16495,40836,0.04748961851489409,0.04,155128,1v5
DouBanLv1_c3_c2,1,3993,37946,0.043915302285120465,0.04,155128,1v5
DouBanLv1_c3_c2,0,24407,5497,0.05395902004347883,0.05,155129,1v5
DouBanLv1_c3_c2,1,16340,39564,0.057269356066413035,0.05,155129,1v5
DouBanLv1_c3_c2,1,6817,11861,0.05916975601173271,0.05,155129,1v5
DouBanLv1_c3_c2,1,2236,40400,0.052783224210632106,0.05,155129,1v5
DouBanLv1_c3_c2,1,5594,29442,0.051929659373155225,0.05,155129,1v5
DouBanLv1_c3_c2,1,948,25051,0.05656891594762935,0.05,155129,1v5
DouBanLv1_c3_c2,0,24407,6885,0.07759752237318994,0.07,155130,1v5
DouBanLv1_c3_c2,1,1689,1742,0.07682436666869986,0.07,155130,1v5
DouBanLv1_c3_c2,1,1062,45083,0.07303705945692761,0.07,155130,1v5
DouBanLv1_c3_c2,1,50822,51682,0.07606365317540453,0.07,155130,1v5
DouBanLv1_c3_c2,1,36968,40285,0.07992643515312513,0.07,155130,1v5
DouBanLv1_c3_c2,1,5997,35789,0.07218119573570751,0.07,155130,1v5
DouBanLv1_c3_c2,0,24407,7763,0.06982629464695483,0.06,155131,1v5
DouBanLv1_c3_c2,1,2209,23997,0.06107281110915619,0.06,155131,1v5
DouBanLv1_c3_c2,1,22618,28143,0.06774369914933397,0.06,155131,1v5
DouBanLv1_c3_c2,1,2920,18187,0.06673428352996279,0.06,155131,1v5
DouBanLv1_c3_c2,1,43955,50833,0.06254071123030289,0.06,155131,1v5
DouBanLv1_c3_c2,1,5788,22705,0.062073362603612306,0.06,155131,1v5
DouBanLv1_c3_c2,0,24407,11282,0.05290191631512323,0.05,155132,1v5
DouBanLv1_c3_c2,1,16340,39564,0.057269356066413035,0.05,155132,1v5
DouBanLv1_c3_c2,1,6817,11861,0.05916975601173271,0.05,155132,1v5
DouBanLv1_c3_c2,1,2236,40400,0.052783224210632106,0.05,155132,1v5
DouBanLv1_c3_c2,1,5594,29442,0.051929659373155225,0.05,155132,1v5
DouBanLv1_c3_c2,1,948,25051,0.05656891594762935,0.05,155132,1v5
DouBanLv1_c3_c2,0,24407,42930,0.08426105380875074,0.08,155133,1v5
DouBanLv1_c3_c2,1,49974,50824,0.08549345149469548,0.08,155133,1v5
DouBanLv1_c3_c2,1,10593,15531,0.08227225097739255,0.08,155133,1v5
DouBanLv1_c3_c2,1,398,5262,0.08061730250192803,0.08,155133,1v5
DouBanLv1_c3_c2,1,5036,13223,0.0806408364785765,0.08,155133,1v5
DouBanLv1_c3_c2,1,864,31869,0.08508639454091912,0.08,155133,1v5
DouBanLv1_c3_c2,0,24407,44952,0.06483503968790336,0.06,155134,1v5
DouBanLv1_c3_c2,1,2209,23997,0.06107281110915619,0.06,155134,1v5
DouBanLv1_c3_c2,1,22618,28143,0.06774369914933397,0.06,155134,1v5
DouBanLv1_c3_c2,1,2920,18187,0.06673428352996279,0.06,155134,1v5
DouBanLv1_c3_c2,1,43955,50833,0.06254071123030289,0.06,155134,1v5
DouBanLv1_c3_c2,1,5788,22705,0.062073362603612306,0.06,155134,1v5
DouBanLv1_c3_c2,0,24407,45700,0.06763565789998133,0.06,155135,1v5
DouBanLv1_c3_c2,1,2209,23997,0.06107281110915619,0.06,155135,1v5
DouBanLv1_c3_c2,1,22618,28143,0.06774369914933397,0.06,155135,1v5
DouBanLv1_c3_c2,1,2920,18187,0.06673428352996279,0.06,155135,1v5
DouBanLv1_c3_c2,1,43955,50833,0.06254071123030289,0.06,155135,1v5
DouBanLv1_c3_c2,1,5788,22705,0.062073362603612306,0.06,155135,1v5
DouBanLv1_c3_c2,0,24407,47515,0.06804044395808291,0.06,155136,1v5
DouBanLv1_c3_c2,1,2209,23997,0.06107281110915619,0.06,155136,1v5
DouBanLv1_c3_c2,1,22618,28143,0.06774369914933397,0.06,155136,1v5
DouBanLv1_c3_c2,1,2920,18187,0.06673428352996279,0.06,155136,1v5
DouBanLv1_c3_c2,1,43955,50833,0.06254071123030289,0.06,155136,1v5
DouBanLv1_c3_c2,1,5788,22705,0.062073362603612306,0.06,155136,1v5
DouBanLv1_c3_c2,0,24407,48300,0.08664618852328243,0.08,155137,1v5
DouBanLv1_c3_c2,1,49974,50824,0.08549345149469548,0.08,155137,1v5
DouBanLv1_c3_c2,1,10593,15531,0.08227225097739255,0.08,155137,1v5
DouBanLv1_c3_c2,1,398,5262,0.08061730250192803,0.08,155137,1v5
DouBanLv1_c3_c2,1,5036,13223,0.0806408364785765,0.08,155137,1v5
DouBanLv1_c3_c2,1,864,31869,0.08508639454091912,0.08,155137,1v5
DouBanLv1_c3_c2,0,25981,1178,0.090483401651703,0.09,163484,1v5
DouBanLv1_c3_c2,1,1302,25802,0.09552144330321967,0.09,163484,1v5
DouBanLv1_c3_c2,1,4246,6885,0.09778774521596992,0.09,163484,1v5
DouBanLv1_c3_c2,1,43488,44657,0.09005201990791638,0.09,163484,1v5
DouBanLv1_c3_c2,1,22912,34624,0.09551531347579827,0.09,163484,1v5
DouBanLv1_c3_c2,1,13109,31914,0.09237545123646929,0.09,163484,1v5
DouBanLv1_c3_c2,0,25981,5417,0.07590379676737771,0.07,163485,1v5
DouBanLv1_c3_c2,1,1689,1742,0.07682436666869986,0.07,163485,1v5
DouBanLv1_c3_c2,1,1062,45083,0.07303705945692761,0.07,163485,1v5
DouBanLv1_c3_c2,1,50822,51682,0.07606365317540453,0.07,163485,1v5
DouBanLv1_c3_c2,1,36968,40285,0.07992643515312513,0.07,163485,1v5
DouBanLv1_c3_c2,1,5997,35789,0.07218119573570751,0.07,163485,1v5
DouBanLv1_c3_c2,0,25981,5497,0.0884681190685192,0.08,163486,1v5
DouBanLv1_c3_c2,1,49974,50824,0.08549345149469548,0.08,163486,1v5
DouBanLv1_c3_c2,1,10593,15531,0.08227225097739255,0.08,163486,1v5
DouBanLv1_c3_c2,1,398,5262,0.08061730250192803,0.08,163486,1v5
DouBanLv1_c3_c2,1,5036,13223,0.0806408364785765,0.08,163486,1v5
DouBanLv1_c3_c2,1,864,31869,0.08508639454091912,0.08,163486,1v5
DouBanLv1_c3_c2,0,25981,6885,0.09753620164344282,0.09,163487,1v5
DouBanLv1_c3_c2,1,1302,25802,0.09552144330321967,0.09,163487,1v5
DouBanLv1_c3_c2,1,4246,6885,0.09778774521596992,0.09,163487,1v5
DouBanLv1_c3_c2,1,43488,44657,0.09005201990791638,0.09,163487,1v5
DouBanLv1_c3_c2,1,22912,34624,0.09551531347579827,0.09,163487,1v5
DouBanLv1_c3_c2,1,13109,31914,0.09237545123646929,0.09,163487,1v5
DouBanLv1_c3_c2,0,26088,5417,0.08453492798215109,0.08,164209,1v5
DouBanLv1_c3_c2,1,49974,50824,0.08549345149469548,0.08,164209,1v5
DouBanLv1_c3_c2,1,10593,15531,0.08227225097739255,0.08,164209,1v5
DouBanLv1_c3_c2,1,398,5262,0.08061730250192803,0.08,164209,1v5
DouBanLv1_c3_c2,1,5036,13223,0.0806408364785765,0.08,164209,1v5
DouBanLv1_c3_c2,1,864,31869,0.08508639454091912,0.08,164209,1v5
DouBanLv1_c3_c2,0,26088,6885,0.09722259708970671,0.09,164210,1v5
DouBanLv1_c3_c2,1,1302,25802,0.09552144330321967,0.09,164210,1v5
DouBanLv1_c3_c2,1,4246,6885,0.09778774521596992,0.09,164210,1v5
DouBanLv1_c3_c2,1,43488,44657,0.09005201990791638,0.09,164210,1v5
DouBanLv1_c3_c2,1,22912,34624,0.09551531347579827,0.09,164210,1v5
DouBanLv1_c3_c2,1,13109,31914,0.09237545123646929,0.09,164210,1v5
DouBanLv1_c3_c2,0,26338,5417,0.08352353362028431,0.08,165458,1v5
DouBanLv1_c3_c2,1,49974,50824,0.08549345149469548,0.08,165458,1v5
DouBanLv1_c3_c2,1,10593,15531,0.08227225097739255,0.08,165458,1v5
DouBanLv1_c3_c2,1,398,5262,0.08061730250192803,0.08,165458,1v5
DouBanLv1_c3_c2,1,5036,13223,0.0806408364785765,0.08,165458,1v5
DouBanLv1_c3_c2,1,864,31869,0.08508639454091912,0.08,165458,1v5
DouBanLv1_c3_c2,0,26338,6885,0.09915120519659672,0.09,165459,1v5
DouBanLv1_c3_c2,1,1302,25802,0.09552144330321967,0.09,165459,1v5
DouBanLv1_c3_c2,1,4246,6885,0.09778774521596992,0.09,165459,1v5
DouBanLv1_c3_c2,1,43488,44657,0.09005201990791638,0.09,165459,1v5
DouBanLv1_c3_c2,1,22912,34624,0.09551531347579827,0.09,165459,1v5
DouBanLv1_c3_c2,1,13109,31914,0.09237545123646929,0.09,165459,1v5
DouBanLv1_c3_c2,0,26973,1178,0.08812372930772774,0.08,168739,1v5
DouBanLv1_c3_c2,1,49974,50824,0.08549345149469548,0.08,168739,1v5
DouBanLv1_c3_c2,1,10593,15531,0.08227225097739255,0.08,168739,1v5
DouBanLv1_c3_c2,1,398,5262,0.08061730250192803,0.08,168739,1v5
DouBanLv1_c3_c2,1,5036,13223,0.0806408364785765,0.08,168739,1v5
DouBanLv1_c3_c2,1,864,31869,0.08508639454091912,0.08,168739,1v5
DouBanLv1_c3_c2,0,26973,5417,0.0743761385239489,0.07,168740,1v5
DouBanLv1_c3_c2,1,1689,1742,0.07682436666869986,0.07,168740,1v5
DouBanLv1_c3_c2,1,1062,45083,0.07303705945692761,0.07,168740,1v5
DouBanLv1_c3_c2,1,50822,51682,0.07606365317540453,0.07,168740,1v5
DouBanLv1_c3_c2,1,36968,40285,0.07992643515312513,0.07,168740,1v5
DouBanLv1_c3_c2,1,5997,35789,0.07218119573570751,0.07,168740,1v5
DouBanLv1_c3_c2,0,26973,5497,0.08686545760182916,0.08,168741,1v5
DouBanLv1_c3_c2,1,49974,50824,0.08549345149469548,0.08,168741,1v5
DouBanLv1_c3_c2,1,10593,15531,0.08227225097739255,0.08,168741,1v5
DouBanLv1_c3_c2,1,398,5262,0.08061730250192803,0.08,168741,1v5
DouBanLv1_c3_c2,1,5036,13223,0.0806408364785765,0.08,168741,1v5
DouBanLv1_c3_c2,1,864,31869,0.08508639454091912,0.08,168741,1v5
DouBanLv1_c3_c2,0,26973,6885,0.08844525995200701,0.08,168742,1v5
DouBanLv1_c3_c2,1,49974,50824,0.08549345149469548,0.08,168742,1v5
DouBanLv1_c3_c2,1,10593,15531,0.08227225097739255,0.08,168742,1v5
DouBanLv1_c3_c2,1,398,5262,0.08061730250192803,0.08,168742,1v5
DouBanLv1_c3_c2,1,5036,13223,0.0806408364785765,0.08,168742,1v5
DouBanLv1_c3_c2,1,864,31869,0.08508639454091912,0.08,168742,1v5
DouBanLv1_c3_c2,0,30308,1178,0.10017582401445181,0.1,185777,1v5
DouBanLv1_c3_c2,1,38076,46548,0.10375201634313563,0.1,185777,1v5
DouBanLv1_c3_c2,1,21982,37504,0.10246712286779813,0.1,185777,1v5
DouBanLv1_c3_c2,1,6147,50105,0.10133704007708971,0.1,185777,1v5
DouBanLv1_c3_c2,1,12470,23901,0.1023673571863647,0.1,185777,1v5
DouBanLv1_c3_c2,1,2336,43448,0.10531445278507413,0.1,185777,1v5
DouBanLv1_c3_c2,0,30308,5417,0.0965709402659378,0.09,185778,1v5
DouBanLv1_c3_c2,1,1302,25802,0.09552144330321967,0.09,185778,1v5
DouBanLv1_c3_c2,1,4246,6885,0.09778774521596992,0.09,185778,1v5
DouBanLv1_c3_c2,1,43488,44657,0.09005201990791638,0.09,185778,1v5
DouBanLv1_c3_c2,1,22912,34624,0.09551531347579827,0.09,185778,1v5
DouBanLv1_c3_c2,1,13109,31914,0.09237545123646929,0.09,185778,1v5
DouBanLv1_c3_c2,0,30308,5497,0.10113169277686573,0.1,185779,1v5
DouBanLv1_c3_c2,1,38076,46548,0.10375201634313563,0.1,185779,1v5
DouBanLv1_c3_c2,1,21982,37504,0.10246712286779813,0.1,185779,1v5
DouBanLv1_c3_c2,1,6147,50105,0.10133704007708971,0.1,185779,1v5
DouBanLv1_c3_c2,1,12470,23901,0.1023673571863647,0.1,185779,1v5
DouBanLv1_c3_c2,1,2336,43448,0.10531445278507413,0.1,185779,1v5
DouBanLv1_c3_c2,0,30308,6885,0.08232724405586009,0.08,185780,1v5
DouBanLv1_c3_c2,1,49974,50824,0.08549345149469548,0.08,185780,1v5
DouBanLv1_c3_c2,1,10593,15531,0.08227225097739255,0.08,185780,1v5
DouBanLv1_c3_c2,1,398,5262,0.08061730250192803,0.08,185780,1v5
DouBanLv1_c3_c2,1,5036,13223,0.0806408364785765,0.08,185780,1v5
DouBanLv1_c3_c2,1,864,31869,0.08508639454091912,0.08,185780,1v5
DouBanLv1_c3_c2,0,30876,7613,0.08115053945173771,0.08,189013,1v5
DouBanLv1_c3_c2,1,49974,50824,0.08549345149469548,0.08,189013,1v5
DouBanLv1_c3_c2,1,10593,15531,0.08227225097739255,0.08,189013,1v5
DouBanLv1_c3_c2,1,398,5262,0.08061730250192803,0.08,189013,1v5
DouBanLv1_c3_c2,1,5036,13223,0.0806408364785765,0.08,189013,1v5
DouBanLv1_c3_c2,1,864,31869,0.08508639454091912,0.08,189013,1v5
DouBanLv1_c3_c2,0,32613,7613,0.07638132141494221,0.07,197265,1v5
DouBanLv1_c3_c2,1,1689,1742,0.07682436666869986,0.07,197265,1v5
DouBanLv1_c3_c2,1,1062,45083,0.07303705945692761,0.07,197265,1v5
DouBanLv1_c3_c2,1,50822,51682,0.07606365317540453,0.07,197265,1v5
DouBanLv1_c3_c2,1,36968,40285,0.07992643515312513,0.07,197265,1v5
DouBanLv1_c3_c2,1,5997,35789,0.07218119573570751,0.07,197265,1v5
DouBanLv1_c3_c2,0,32613,9074,0.0807511743392996,0.08,197266,1v5
DouBanLv1_c3_c2,1,49974,50824,0.08549345149469548,0.08,197266,1v5
DouBanLv1_c3_c2,1,10593,15531,0.08227225097739255,0.08,197266,1v5
DouBanLv1_c3_c2,1,398,5262,0.08061730250192803,0.08,197266,1v5
DouBanLv1_c3_c2,1,5036,13223,0.0806408364785765,0.08,197266,1v5
DouBanLv1_c3_c2,1,864,31869,0.08508639454091912,0.08,197266,1v5
DouBanLv1_c3_c2,0,32636,7613,0.07157413531544363,0.07,197440,1v5
DouBanLv1_c3_c2,1,1689,1742,0.07682436666869986,0.07,197440,1v5
DouBanLv1_c3_c2,1,1062,45083,0.07303705945692761,0.07,197440,1v5
DouBanLv1_c3_c2,1,50822,51682,0.07606365317540453,0.07,197440,1v5
DouBanLv1_c3_c2,1,36968,40285,0.07992643515312513,0.07,197440,1v5
DouBanLv1_c3_c2,1,5997,35789,0.07218119573570751,0.07,197440,1v5
DouBanLv1_c3_c2,0,32636,9074,0.07001072405210312,0.07,197441,1v5
DouBanLv1_c3_c2,1,1689,1742,0.07682436666869986,0.07,197441,1v5
DouBanLv1_c3_c2,1,1062,45083,0.07303705945692761,0.07,197441,1v5
DouBanLv1_c3_c2,1,50822,51682,0.07606365317540453,0.07,197441,1v5
DouBanLv1_c3_c2,1,36968,40285,0.07992643515312513,0.07,197441,1v5
DouBanLv1_c3_c2,1,5997,35789,0.07218119573570751,0.07,197441,1v5
DouBanLv1_c3_c2,0,34300,7613,0.08154837444080962,0.08,205258,1v5
DouBanLv1_c3_c2,1,49974,50824,0.08549345149469548,0.08,205258,1v5
DouBanLv1_c3_c2,1,10593,15531,0.08227225097739255,0.08,205258,1v5
DouBanLv1_c3_c2,1,398,5262,0.08061730250192803,0.08,205258,1v5
DouBanLv1_c3_c2,1,5036,13223,0.0806408364785765,0.08,205258,1v5
DouBanLv1_c3_c2,1,864,31869,0.08508639454091912,0.08,205258,1v5
DouBanLv1_c3_c2,0,37504,6885,0.09568498139622221,0.09,218869,1v5
DouBanLv1_c3_c2,1,1302,25802,0.09552144330321967,0.09,218869,1v5
DouBanLv1_c3_c2,1,4246,6885,0.09778774521596992,0.09,218869,1v5
DouBanLv1_c3_c2,1,43488,44657,0.09005201990791638,0.09,218869,1v5
DouBanLv1_c3_c2,1,22912,34624,0.09551531347579827,0.09,218869,1v5
DouBanLv1_c3_c2,1,13109,31914,0.09237545123646929,0.09,218869,1v5
DouBanLv1_c3_c2,0,37504,11310,0.10547310833555672,0.1,218870,1v5
DouBanLv1_c3_c2,1,38076,46548,0.10375201634313563,0.1,218870,1v5
DouBanLv1_c3_c2,1,21982,37504,0.10246712286779813,0.1,218870,1v5
DouBanLv1_c3_c2,1,6147,50105,0.10133704007708971,0.1,218870,1v5
DouBanLv1_c3_c2,1,12470,23901,0.1023673571863647,0.1,218870,1v5
DouBanLv1_c3_c2,1,2336,43448,0.10531445278507413,0.1,218870,1v5
DouBanLv1_c3_c2,0,39576,2618,0.076754024619847,0.07,227880,1v5
DouBanLv1_c3_c2,1,1689,1742,0.07682436666869986,0.07,227880,1v5
DouBanLv1_c3_c2,1,1062,45083,0.07303705945692761,0.07,227880,1v5
DouBanLv1_c3_c2,1,50822,51682,0.07606365317540453,0.07,227880,1v5
DouBanLv1_c3_c2,1,36968,40285,0.07992643515312513,0.07,227880,1v5
DouBanLv1_c3_c2,1,5997,35789,0.07218119573570751,0.07,227880,1v5
DouBanLv1_c3_c2,0,39651,5417,0.08756856119195094,0.08,228058,1v5
DouBanLv1_c3_c2,1,49974,50824,0.08549345149469548,0.08,228058,1v5
DouBanLv1_c3_c2,1,10593,15531,0.08227225097739255,0.08,228058,1v5
DouBanLv1_c3_c2,1,398,5262,0.08061730250192803,0.08,228058,1v5
DouBanLv1_c3_c2,1,5036,13223,0.0806408364785765,0.08,228058,1v5
DouBanLv1_c3_c2,1,864,31869,0.08508639454091912,0.08,228058,1v5
DouBanLv1_c3_c2,0,39651,6885,0.07770685056983694,0.07,228059,1v5
DouBanLv1_c3_c2,1,1689,1742,0.07682436666869986,0.07,228059,1v5
DouBanLv1_c3_c2,1,1062,45083,0.07303705945692761,0.07,228059,1v5
DouBanLv1_c3_c2,1,50822,51682,0.07606365317540453,0.07,228059,1v5
DouBanLv1_c3_c2,1,36968,40285,0.07992643515312513,0.07,228059,1v5
DouBanLv1_c3_c2,1,5997,35789,0.07218119573570751,0.07,228059,1v5
DouBanLv1_c3_c2,0,40285,49,0.0739516329617044,0.07,230607,1v5
DouBanLv1_c3_c2,1,1689,1742,0.07682436666869986,0.07,230607,1v5
DouBanLv1_c3_c2,1,1062,45083,0.07303705945692761,0.07,230607,1v5
DouBanLv1_c3_c2,1,50822,51682,0.07606365317540453,0.07,230607,1v5
DouBanLv1_c3_c2,1,36968,40285,0.07992643515312513,0.07,230607,1v5
DouBanLv1_c3_c2,1,5997,35789,0.07218119573570751,0.07,230607,1v5
DouBanLv1_c3_c2,0,40285,2377,0.09010531098541635,0.09,230608,1v5
DouBanLv1_c3_c2,1,1302,25802,0.09552144330321967,0.09,230608,1v5
DouBanLv1_c3_c2,1,4246,6885,0.09778774521596992,0.09,230608,1v5
DouBanLv1_c3_c2,1,43488,44657,0.09005201990791638,0.09,230608,1v5
DouBanLv1_c3_c2,1,22912,34624,0.09551531347579827,0.09,230608,1v5
DouBanLv1_c3_c2,1,13109,31914,0.09237545123646929,0.09,230608,1v5
DouBanLv1_c3_c2,0,40285,9704,0.05499808650517981,0.05,230609,1v5
DouBanLv1_c3_c2,1,16340,39564,0.057269356066413035,0.05,230609,1v5
DouBanLv1_c3_c2,1,6817,11861,0.05916975601173271,0.05,230609,1v5
DouBanLv1_c3_c2,1,2236,40400,0.052783224210632106,0.05,230609,1v5
DouBanLv1_c3_c2,1,5594,29442,0.051929659373155225,0.05,230609,1v5
DouBanLv1_c3_c2,1,948,25051,0.05656891594762935,0.05,230609,1v5
DouBanLv1_c3_c2,0,40285,27869,0.08402592144514139,0.08,230610,1v5
DouBanLv1_c3_c2,1,49974,50824,0.08549345149469548,0.08,230610,1v5
DouBanLv1_c3_c2,1,10593,15531,0.08227225097739255,0.08,230610,1v5
DouBanLv1_c3_c2,1,398,5262,0.08061730250192803,0.08,230610,1v5
DouBanLv1_c3_c2,1,5036,13223,0.0806408364785765,0.08,230610,1v5
DouBanLv1_c3_c2,1,864,31869,0.08508639454091912,0.08,230610,1v5
DouBanLv1_c3_c2,0,40285,29400,0.06701842596390899,0.06,230611,1v5
DouBanLv1_c3_c2,1,2209,23997,0.06107281110915619,0.06,230611,1v5
DouBanLv1_c3_c2,1,22618,28143,0.06774369914933397,0.06,230611,1v5
DouBanLv1_c3_c2,1,2920,18187,0.06673428352996279,0.06,230611,1v5
DouBanLv1_c3_c2,1,43955,50833,0.06254071123030289,0.06,230611,1v5
DouBanLv1_c3_c2,1,5788,22705,0.062073362603612306,0.06,230611,1v5
DouBanLv1_c3_c2,0,40285,30127,0.08722005481407384,0.08,230612,1v5
DouBanLv1_c3_c2,1,49974,50824,0.08549345149469548,0.08,230612,1v5
DouBanLv1_c3_c2,1,10593,15531,0.08227225097739255,0.08,230612,1v5
DouBanLv1_c3_c2,1,398,5262,0.08061730250192803,0.08,230612,1v5
DouBanLv1_c3_c2,1,5036,13223,0.0806408364785765,0.08,230612,1v5
DouBanLv1_c3_c2,1,864,31869,0.08508639454091912,0.08,230612,1v5
DouBanLv1_c3_c2,0,40285,30884,0.08526325927031024,0.08,230613,1v5
DouBanLv1_c3_c2,1,49974,50824,0.08549345149469548,0.08,230613,1v5
DouBanLv1_c3_c2,1,10593,15531,0.08227225097739255,0.08,230613,1v5
DouBanLv1_c3_c2,1,398,5262,0.08061730250192803,0.08,230613,1v5
DouBanLv1_c3_c2,1,5036,13223,0.0806408364785765,0.08,230613,1v5
DouBanLv1_c3_c2,1,864,31869,0.08508639454091912,0.08,230613,1v5
DouBanLv1_c3_c2,0,40285,48300,0.08891694792458307,0.08,230614,1v5
DouBanLv1_c3_c2,1,49974,50824,0.08549345149469548,0.08,230614,1v5
DouBanLv1_c3_c2,1,10593,15531,0.08227225097739255,0.08,230614,1v5
DouBanLv1_c3_c2,1,398,5262,0.08061730250192803,0.08,230614,1v5
DouBanLv1_c3_c2,1,5036,13223,0.0806408364785765,0.08,230614,1v5
DouBanLv1_c3_c2,1,864,31869,0.08508639454091912,0.08,230614,1v5
DouBanLv1_c3_c2,0,41848,5417,0.0811292757742176,0.08,235989,1v5
DouBanLv1_c3_c2,1,49974,50824,0.08549345149469548,0.08,235989,1v5
DouBanLv1_c3_c2,1,10593,15531,0.08227225097739255,0.08,235989,1v5
DouBanLv1_c3_c2,1,398,5262,0.08061730250192803,0.08,235989,1v5
DouBanLv1_c3_c2,1,5036,13223,0.0806408364785765,0.08,235989,1v5
DouBanLv1_c3_c2,1,864,31869,0.08508639454091912,0.08,235989,1v5
DouBanLv1_c3_c2,0,42991,6885,0.09318445460155994,0.09,239851,1v5
DouBanLv1_c3_c2,1,1302,25802,0.09552144330321967,0.09,239851,1v5
DouBanLv1_c3_c2,1,4246,6885,0.09778774521596992,0.09,239851,1v5
DouBanLv1_c3_c2,1,43488,44657,0.09005201990791638,0.09,239851,1v5
DouBanLv1_c3_c2,1,22912,34624,0.09551531347579827,0.09,239851,1v5
DouBanLv1_c3_c2,1,13109,31914,0.09237545123646929,0.09,239851,1v5
DouBanLv1_c3_c2,0,44133,9074,0.07582404445030173,0.07,242856,1v5
DouBanLv1_c3_c2,1,1689,1742,0.07682436666869986,0.07,242856,1v5
DouBanLv1_c3_c2,1,1062,45083,0.07303705945692761,0.07,242856,1v5
DouBanLv1_c3_c2,1,50822,51682,0.07606365317540453,0.07,242856,1v5
DouBanLv1_c3_c2,1,36968,40285,0.07992643515312513,0.07,242856,1v5
DouBanLv1_c3_c2,1,5997,35789,0.07218119573570751,0.07,242856,1v5
DouBanLv1_c3_c2,0,45852,6885,0.09244497358303026,0.09,247193,1v5
DouBanLv1_c3_c2,1,1302,25802,0.09552144330321967,0.09,247193,1v5
DouBanLv1_c3_c2,1,4246,6885,0.09778774521596992,0.09,247193,1v5
DouBanLv1_c3_c2,1,43488,44657,0.09005201990791638,0.09,247193,1v5
DouBanLv1_c3_c2,1,22912,34624,0.09551531347579827,0.09,247193,1v5
DouBanLv1_c3_c2,1,13109,31914,0.09237545123646929,0.09,247193,1v5
DouBanLv1_c3_c2,0,48311,9074,0.07931543410196715,0.07,252339,1v5
DouBanLv1_c3_c2,1,1689,1742,0.07682436666869986,0.07,252339,1v5
DouBanLv1_c3_c2,1,1062,45083,0.07303705945692761,0.07,252339,1v5
DouBanLv1_c3_c2,1,50822,51682,0.07606365317540453,0.07,252339,1v5
DouBanLv1_c3_c2,1,36968,40285,0.07992643515312513,0.07,252339,1v5
DouBanLv1_c3_c2,1,5997,35789,0.07218119573570751,0.07,252339,1v5
DouBanLv1_c3_c2,0,48578,440,0.07770607230525499,0.07,252602,1v5
DouBanLv1_c3_c2,1,1689,1742,0.07682436666869986,0.07,252602,1v5
DouBanLv1_c3_c2,1,1062,45083,0.07303705945692761,0.07,252602,1v5
DouBanLv1_c3_c2,1,50822,51682,0.07606365317540453,0.07,252602,1v5
DouBanLv1_c3_c2,1,36968,40285,0.07992643515312513,0.07,252602,1v5
DouBanLv1_c3_c2,1,5997,35789,0.07218119573570751,0.07,252602,1v5
DouBanLv1_c3_c2,0,48578,2618,0.057707423811061226,0.05,252603,1v5
DouBanLv1_c3_c2,1,16340,39564,0.057269356066413035,0.05,252603,1v5
DouBanLv1_c3_c2,1,6817,11861,0.05916975601173271,0.05,252603,1v5
DouBanLv1_c3_c2,1,2236,40400,0.052783224210632106,0.05,252603,1v5
DouBanLv1_c3_c2,1,5594,29442,0.051929659373155225,0.05,252603,1v5
DouBanLv1_c3_c2,1,948,25051,0.05656891594762935,0.05,252603,1v5
DouBanLv1_c3_c542,0,3200,9480,0.14854491183032506,0.14,743306,1v5
DouBanLv1_c3_c542,1,9480,46465,0.14000359220832842,0.14,743306,1v5
DouBanLv1_c3_c542,1,5350,37284,0.142821117471304,0.14,743306,1v5
DouBanLv1_c3_c542,1,2937,5350,0.14395754458157586,0.14,743306,1v5
DouBanLv1_c3_c542,1,5350,23131,0.1495899548977636,0.14,743306,1v5
DouBanLv1_c3_c542,1,6575,9480,0.14938236988249737,0.14,743306,1v5
DouBanLv1_c3_c542,0,6066,13942,0.06695930241727696,0.06,757273,1v5
DouBanLv1_c3_c542,1,36968,42291,0.06360535388539906,0.06,757273,1v5
DouBanLv1_c3_c542,1,7480,10104,0.06824007319881119,0.06,757273,1v5
DouBanLv1_c3_c542,1,467,1846,0.06392030857514479,0.06,757273,1v5
DouBanLv1_c3_c542,1,6723,49277,0.06313252648121638,0.06,757273,1v5
DouBanLv1_c3_c542,1,23587,26403,0.06229832782238925,0.06,757273,1v5
DouBanLv1_c3_c542,0,30203,13942,0.06649206513551999,0.06,899439,1v5
DouBanLv1_c3_c542,1,36968,42291,0.06360535388539906,0.06,899439,1v5
DouBanLv1_c3_c542,1,7480,10104,0.06824007319881119,0.06,899439,1v5
DouBanLv1_c3_c542,1,467,1846,0.06392030857514479,0.06,899439,1v5
DouBanLv1_c3_c542,1,6723,49277,0.06313252648121638,0.06,899439,1v5
DouBanLv1_c3_c542,1,23587,26403,0.06229832782238925,0.06,899439,1v5
DouBanLv1_c3_c542,0,30203,46512,0.06696026550142126,0.06,899440,1v5
DouBanLv1_c3_c542,1,36968,42291,0.06360535388539906,0.06,899440,1v5
DouBanLv1_c3_c542,1,7480,10104,0.06824007319881119,0.06,899440,1v5
DouBanLv1_c3_c542,1,467,1846,0.06392030857514479,0.06,899440,1v5
DouBanLv1_c3_c542,1,6723,49277,0.06313252648121638,0.06,899440,1v5
DouBanLv1_c3_c542,1,23587,26403,0.06229832782238925,0.06,899440,1v5
DouBanLv1_c3_c542,0,40271,13942,0.06542605097256303,0.06,944641,1v5
DouBanLv1_c3_c542,1,36968,42291,0.06360535388539906,0.06,944641,1v5
DouBanLv1_c3_c542,1,7480,10104,0.06824007319881119,0.06,944641,1v5
DouBanLv1_c3_c542,1,467,1846,0.06392030857514479,0.06,944641,1v5
DouBanLv1_c3_c542,1,6723,49277,0.06313252648121638,0.06,944641,1v5
DouBanLv1_c3_c542,1,23587,26403,0.06229832782238925,0.06,944641,1v5
DouBanLv1_c3_c542,0,40271,46512,0.0649936582912302,0.06,944642,1v5
DouBanLv1_c3_c542,1,36968,42291,0.06360535388539906,0.06,944642,1v5
DouBanLv1_c3_c542,1,7480,10104,0.06824007319881119,0.06,944642,1v5
DouBanLv1_c3_c542,1,467,1846,0.06392030857514479,0.06,944642,1v5
DouBanLv1_c3_c542,1,6723,49277,0.06313252648121638,0.06,944642,1v5
DouBanLv1_c3_c542,1,23587,26403,0.06229832782238925,0.06,944642,1v5
DouBanLv1_c3_c542,0,49274,13942,0.06553858455936219,0.06,967802,1v5
DouBanLv1_c3_c542,1,36968,42291,0.06360535388539906,0.06,967802,1v5
DouBanLv1_c3_c542,1,7480,10104,0.06824007319881119,0.06,967802,1v5
DouBanLv1_c3_c542,1,467,1846,0.06392030857514479,0.06,967802,1v5
DouBanLv1_c3_c542,1,6723,49277,0.06313252648121638,0.06,967802,1v5
DouBanLv1_c3_c542,1,23587,26403,0.06229832782238925,0.06,967802,1v5
DouBanLv1_c3_c69,0,6283,6002,0.07752754111454757,0.07,1120797,1v5
DouBanLv1_c3_c69,1,2464,2697,0.07204987248592234,0.07,1120797,1v5
DouBanLv1_c3_c69,1,265,4997,0.07274378104368764,0.07,1120797,1v5
DouBanLv1_c3_c69,1,2290,6922,0.07038893837052868,0.07,1120797,1v5
DouBanLv1_c3_c69,1,296,1091,0.07463371887040088,0.07,1120797,1v5
DouBanLv1_c3_c69,1,560,39395,0.07239852772581355,0.07,1120797,1v5
DouBanLv1_c3_c69,0,6283,6194,0.07239119159482399,0.07,1120798,1v5
DouBanLv1_c3_c69,1,2464,2697,0.07204987248592234,0.07,1120798,1v5
DouBanLv1_c3_c69,1,265,4997,0.07274378104368764,0.07,1120798,1v5
DouBanLv1_c3_c69,1,2290,6922,0.07038893837052868,0.07,1120798,1v5
DouBanLv1_c3_c69,1,296,1091,0.07463371887040088,0.07,1120798,1v5
DouBanLv1_c3_c69,1,560,39395,0.07239852772581355,0.07,1120798,1v5
DouBanLv1_c3_c69,0,6283,6476,0.08047394616865311,0.08,1120799,1v5
DouBanLv1_c3_c69,1,2840,6301,0.08350374006225811,0.08,1120799,1v5
DouBanLv1_c3_c69,1,1683,2687,0.08499789277302586,0.08,1120799,1v5
DouBanLv1_c3_c69,1,3193,4904,0.08078207149513401,0.08,1120799,1v5
DouBanLv1_c3_c69,1,5142,6817,0.08090517617923955,0.08,1120799,1v5
DouBanLv1_c3_c69,1,14204,18517,0.08960058128640237,0.08,1120799,1v5
DouBanLv1_c3_c69,0,6283,6736,0.09620841293662835,0.09,1120800,1v5
DouBanLv1_c3_c69,1,3123,42317,0.09028568909425815,0.09,1120800,1v5
DouBanLv1_c3_c69,1,2497,4482,0.09723976774658515,0.09,1120800,1v5
DouBanLv1_c3_c69,1,8778,12028,0.09787679104741627,0.09,1120800,1v5
DouBanLv1_c3_c69,1,13765,27198,0.09267214216362926,0.09,1120800,1v5
DouBanLv1_c3_c69,1,624,5985,0.09447602813838778,0.09,1120800,1v5
DouBanLv1_c3_c69,0,6550,6194,0.08584739337503808,0.08,1122191,1v5
DouBanLv1_c3_c69,1,2840,6301,0.08350374006225811,0.08,1122191,1v5
DouBanLv1_c3_c69,1,1683,2687,0.08499789277302586,0.08,1122191,1v5
DouBanLv1_c3_c69,1,3193,4904,0.08078207149513401,0.08,1122191,1v5
DouBanLv1_c3_c69,1,5142,6817,0.08090517617923955,0.08,1122191,1v5
DouBanLv1_c3_c69,1,14204,18517,0.08960058128640237,0.08,1122191,1v5
DouBanLv1_c3_c69,0,6550,6476,0.08862041916858053,0.08,1122192,1v5
DouBanLv1_c3_c69,1,2840,6301,0.08350374006225811,0.08,1122192,1v5
DouBanLv1_c3_c69,1,1683,2687,0.08499789277302586,0.08,1122192,1v5
DouBanLv1_c3_c69,1,3193,4904,0.08078207149513401,0.08,1122192,1v5
DouBanLv1_c3_c69,1,5142,6817,0.08090517617923955,0.08,1122192,1v5
DouBanLv1_c3_c69,1,14204,18517,0.08960058128640237,0.08,1122192,1v5
DouBanLv1_c69_c2520,0,15292,35881,0.07051700169851934,0.07,1021373,1v5
DouBanLv1_c69_c2520,1,7625,15292,0.07183256541791004,0.07,1021373,1v5
DouBanLv1_c69_c2520,1,4727,14687,0.07100685155060307,0.07,1021373,1v5
DouBanLv1_c69_c2520,1,10153,39424,0.07486568524810228,0.07,1021373,1v5
DouBanLv1_c69_c2520,1,6662,23183,0.0710851416960277,0.07,1021373,1v5
DouBanLv1_c69_c2520,1,5872,7124,0.07216203769372162,0.07,1021373,1v5
DouBanLv1_c69_c2520,0,15292,47028,0.07007042774888042,0.07,1021374,1v5
DouBanLv1_c69_c2520,1,7625,15292,0.07183256541791004,0.07,1021374,1v5
DouBanLv1_c69_c2520,1,4727,14687,0.07100685155060307,0.07,1021374,1v5
DouBanLv1_c69_c2520,1,10153,39424,0.07486568524810228,0.07,1021374,1v5
DouBanLv1_c69_c2520,1,6662,23183,0.0710851416960277,0.07,1021374,1v5
DouBanLv1_c69_c2520,1,5872,7124,0.07216203769372162,0.07,1021374,1v5
DouBanLv1_c69_c2520,0,16466,35881,0.07222445721048228,0.07,1024196,1v5
DouBanLv1_c69_c2520,1,7625,15292,0.07183256541791004,0.07,1024196,1v5
DouBanLv1_c69_c2520,1,4727,14687,0.07100685155060307,0.07,1024196,1v5
DouBanLv1_c69_c2520,1,10153,39424,0.07486568524810228,0.07,1024196,1v5
DouBanLv1_c69_c2520,1,6662,23183,0.0710851416960277,0.07,1024196,1v5
DouBanLv1_c69_c2520,1,5872,7124,0.07216203769372162,0.07,1024196,1v5
DouBanLv1_c69_c2520,0,16466,47028,0.07178170845969367,0.07,1024197,1v5
DouBanLv1_c69_c2520,1,7625,15292,0.07183256541791004,0.07,1024197,1v5
DouBanLv1_c69_c2520,1,4727,14687,0.07100685155060307,0.07,1024197,1v5
DouBanLv1_c69_c2520,1,10153,39424,0.07486568524810228,0.07,1024197,1v5
DouBanLv1_c69_c2520,1,6662,23183,0.0710851416960277,0.07,1024197,1v5
DouBanLv1_c69_c2520,1,5872,7124,0.07216203769372162,0.07,1024197,1v5
HongZhang_c1_c1356,0,1596,4989,0.0814631271898883,0.08,1429317,1v5
HongZhang_c1_c1356,1,383,958,0.08799866547683402,0.08,1429317,1v5
HongZhang_c1_c1356,1,47050,87039,0.08386991050782995,0.08,1429317,1v5
HongZhang_c1_c1356,1,3444,41695,0.0847030923880055,0.08,1429317,1v5
HongZhang_c1_c1356,1,55360,83273,0.08141055474414444,0.08,1429317,1v5
HongZhang_c1_c1356,1,59465,88934,0.08275151543709582,0.08,1429317,1v5
HongZhang_c1_c1356,0,1882,4989,0.07027613280178042,0.07,1432648,1v5
HongZhang_c1_c1356,1,19458,89116,0.07623868545464864,0.07,1432648,1v5
HongZhang_c1_c1356,1,2539,68764,0.07647752251669863,0.07,1432648,1v5
HongZhang_c1_c1356,1,18444,44868,0.07072293149375855,0.07,1432648,1v5
HongZhang_c1_c1356,1,4758,4912,0.07288583880375515,0.07,1432648,1v5
HongZhang_c1_c1356,1,14,754,0.0784949141951763,0.07,1432648,1v5
HongZhang_c1_c1356,0,1882,5034,0.08322573335118583,0.08,1432649,1v5
HongZhang_c1_c1356,1,383,958,0.08799866547683402,0.08,1432649,1v5
HongZhang_c1_c1356,1,47050,87039,0.08386991050782995,0.08,1432649,1v5
HongZhang_c1_c1356,1,3444,41695,0.0847030923880055,0.08,1432649,1v5
HongZhang_c1_c1356,1,55360,83273,0.08141055474414444,0.08,1432649,1v5
HongZhang_c1_c1356,1,59465,88934,0.08275151543709582,0.08,1432649,1v5
HongZhang_c1_c1356,0,1882,5363,0.10023737681996944,0.1,1432650,1v5
HongZhang_c1_c1356,1,39531,80390,0.10576113668852051,0.1,1432650,1v5
HongZhang_c1_c1356,1,508,1648,0.1028052682295696,0.1,1432650,1v5
HongZhang_c1_c1356,1,57221,75314,0.10696006120206089,0.1,1432650,1v5
HongZhang_c1_c1356,1,35516,65783,0.10832122081210573,0.1,1432650,1v5
HongZhang_c1_c1356,1,62852,70310,0.1022488024506419,0.1,1432650,1v5
HongZhang_c1_c1356,0,1882,25776,0.10336789554180162,0.1,1432651,1v5
HongZhang_c1_c1356,1,39531,80390,0.10576113668852051,0.1,1432651,1v5
HongZhang_c1_c1356,1,508,1648,0.1028052682295696,0.1,1432651,1v5
HongZhang_c1_c1356,1,57221,75314,0.10696006120206089,0.1,1432651,1v5
HongZhang_c1_c1356,1,35516,65783,0.10832122081210573,0.1,1432651,1v5
HongZhang_c1_c1356,1,62852,70310,0.1022488024506419,0.1,1432651,1v5
HongZhang_c1_c1356,0,2669,57717,0.05533684011824706,0.05,1438710,1v5
HongZhang_c1_c1356,1,4890,30297,0.05704270099984431,0.05,1438710,1v5
HongZhang_c1_c1356,1,66815,79325,0.05155162346335478,0.05,1438710,1v5
HongZhang_c1_c1356,1,44128,84735,0.05587291650482354,0.05,1438710,1v5
HongZhang_c1_c1356,1,3966,4107,0.05222143306854319,0.05,1438710,1v5
HongZhang_c1_c1356,1,44764,46372,0.05619642577300022,0.05,1438710,1v5
HongZhang_c1_c1356,0,4632,26075,0.06850206989523051,0.06,1458677,1v5
HongZhang_c1_c1356,1,72699,76954,0.060919823349105694,0.06,1458677,1v5
HongZhang_c1_c1356,1,37664,52412,0.06050052903474484,0.06,1458677,1v5
HongZhang_c1_c1356,1,5174,6034,0.06556853649446535,0.06,1458677,1v5
HongZhang_c1_c1356,1,4919,22773,0.06181838235168419,0.06,1458677,1v5
HongZhang_c1_c1356,1,4390,26316,0.06060884603113726,0.06,1458677,1v5
HongZhang_c1_c1356,0,4632,26324,0.07679116500669056,0.07,1458678,1v5
HongZhang_c1_c1356,1,19458,89116,0.07623868545464864,0.07,1458678,1v5
HongZhang_c1_c1356,1,2539,68764,0.07647752251669863,0.07,1458678,1v5
HongZhang_c1_c1356,1,18444,44868,0.07072293149375855,0.07,1458678,1v5
HongZhang_c1_c1356,1,4758,4912,0.07288583880375515,0.07,1458678,1v5
HongZhang_c1_c1356,1,14,754,0.0784949141951763,0.07,1458678,1v5
HongZhang_c1_c1356,0,4632,27102,0.06073588646985416,0.06,1458679,1v5
HongZhang_c1_c1356,1,72699,76954,0.060919823349105694,0.06,1458679,1v5
HongZhang_c1_c1356,1,37664,52412,0.06050052903474484,0.06,1458679,1v5
HongZhang_c1_c1356,1,5174,6034,0.06556853649446535,0.06,1458679,1v5
HongZhang_c1_c1356,1,4919,22773,0.06181838235168419,0.06,1458679,1v5
HongZhang_c1_c1356,1,4390,26316,0.06060884603113726,0.06,1458679,1v5
HongZhang_c1_c1356,0,4632,27464,0.06002299383780312,0.06,1458680,1v5
HongZhang_c1_c1356,1,72699,76954,0.060919823349105694,0.06,1458680,1v5
HongZhang_c1_c1356,1,37664,52412,0.06050052903474484,0.06,1458680,1v5
HongZhang_c1_c1356,1,5174,6034,0.06556853649446535,0.06,1458680,1v5
HongZhang_c1_c1356,1,4919,22773,0.06181838235168419,0.06,1458680,1v5
HongZhang_c1_c1356,1,4390,26316,0.06060884603113726,0.06,1458680,1v5
HongZhang_c1_c1356,0,4632,57566,0.05807073944664704,0.05,1458681,1v5
HongZhang_c1_c1356,1,4890,30297,0.05704270099984431,0.05,1458681,1v5
HongZhang_c1_c1356,1,66815,79325,0.05155162346335478,0.05,1458681,1v5
HongZhang_c1_c1356,1,44128,84735,0.05587291650482354,0.05,1458681,1v5
HongZhang_c1_c1356,1,3966,4107,0.05222143306854319,0.05,1458681,1v5
HongZhang_c1_c1356,1,44764,46372,0.05619642577300022,0.05,1458681,1v5
HongZhang_c1_c1356,0,4632,57661,0.06549015032252915,0.06,1458682,1v5
HongZhang_c1_c1356,1,72699,76954,0.060919823349105694,0.06,1458682,1v5
HongZhang_c1_c1356,1,37664,52412,0.06050052903474484,0.06,1458682,1v5
HongZhang_c1_c1356,1,5174,6034,0.06556853649446535,0.06,1458682,1v5
HongZhang_c1_c1356,1,4919,22773,0.06181838235168419,0.06,1458682,1v5
HongZhang_c1_c1356,1,4390,26316,0.06060884603113726,0.06,1458682,1v5
HongZhang_c1_c1356,0,4632,61236,0.05808649786460855,0.05,1458683,1v5
HongZhang_c1_c1356,1,4890,30297,0.05704270099984431,0.05,1458683,1v5
HongZhang_c1_c1356,1,66815,79325,0.05155162346335478,0.05,1458683,1v5
HongZhang_c1_c1356,1,44128,84735,0.05587291650482354,0.05,1458683,1v5
HongZhang_c1_c1356,1,3966,4107,0.05222143306854319,0.05,1458683,1v5
HongZhang_c1_c1356,1,44764,46372,0.05619642577300022,0.05,1458683,1v5
HongZhang_c1_c1356,0,4632,79429,0.06609932810030898,0.06,1458684,1v5
HongZhang_c1_c1356,1,72699,76954,0.060919823349105694,0.06,1458684,1v5
HongZhang_c1_c1356,1,37664,52412,0.06050052903474484,0.06,1458684,1v5
HongZhang_c1_c1356,1,5174,6034,0.06556853649446535,0.06,1458684,1v5
HongZhang_c1_c1356,1,4919,22773,0.06181838235168419,0.06,1458684,1v5
HongZhang_c1_c1356,1,4390,26316,0.06060884603113726,0.06,1458684,1v5
HongZhang_c1_c1356,0,5198,4989,0.0587461022408084,0.05,1466493,1v5
HongZhang_c1_c1356,1,4890,30297,0.05704270099984431,0.05,1466493,1v5
HongZhang_c1_c1356,1,66815,79325,0.05155162346335478,0.05,1466493,1v5
HongZhang_c1_c1356,1,44128,84735,0.05587291650482354,0.05,1466493,1v5
HongZhang_c1_c1356,1,3966,4107,0.05222143306854319,0.05,1466493,1v5
HongZhang_c1_c1356,1,44764,46372,0.05619642577300022,0.05,1466493,1v5
HongZhang_c1_c1356,0,5198,5034,0.09027647041332926,0.09,1466494,1v5
HongZhang_c1_c1356,1,59525,83434,0.09128751885820173,0.09,1466494,1v5
HongZhang_c1_c1356,1,4339,78673,0.09538909530242277,0.09,1466494,1v5
HongZhang_c1_c1356,1,38080,49640,0.09244140848241535,0.09,1466494,1v5
HongZhang_c1_c1356,1,3444,73487,0.09742060676176045,0.09,1466494,1v5
HongZhang_c1_c1356,1,272,480,0.09165393834517895,0.09,1466494,1v5
HongZhang_c1_c1356,0,5198,5363,0.08049298483934617,0.08,1466495,1v5
HongZhang_c1_c1356,1,383,958,0.08799866547683402,0.08,1466495,1v5
HongZhang_c1_c1356,1,47050,87039,0.08386991050782995,0.08,1466495,1v5
HongZhang_c1_c1356,1,3444,41695,0.0847030923880055,0.08,1466495,1v5
HongZhang_c1_c1356,1,55360,83273,0.08141055474414444,0.08,1466495,1v5
HongZhang_c1_c1356,1,59465,88934,0.08275151543709582,0.08,1466495,1v5
HongZhang_c1_c1356,0,5198,25776,0.10523699023507926,0.1,1466496,1v5
HongZhang_c1_c1356,1,39531,80390,0.10576113668852051,0.1,1466496,1v5
HongZhang_c1_c1356,1,508,1648,0.1028052682295696,0.1,1466496,1v5
HongZhang_c1_c1356,1,57221,75314,0.10696006120206089,0.1,1466496,1v5
HongZhang_c1_c1356,1,35516,65783,0.10832122081210573,0.1,1466496,1v5
HongZhang_c1_c1356,1,62852,70310,0.1022488024506419,0.1,1466496,1v5
HongZhang_c1_c1356,0,5905,4989,0.061162734734312885,0.06,1473620,1v5
HongZhang_c1_c1356,1,72699,76954,0.060919823349105694,0.06,1473620,1v5
HongZhang_c1_c1356,1,37664,52412,0.06050052903474484,0.06,1473620,1v5
HongZhang_c1_c1356,1,5174,6034,0.06556853649446535,0.06,1473620,1v5
HongZhang_c1_c1356,1,4919,22773,0.06181838235168419,0.06,1473620,1v5
HongZhang_c1_c1356,1,4390,26316,0.06060884603113726,0.06,1473620,1v5
HongZhang_c1_c1356,0,5905,5034,0.07680745270827609,0.07,1473621,1v5
HongZhang_c1_c1356,1,19458,89116,0.07623868545464864,0.07,1473621,1v5
HongZhang_c1_c1356,1,2539,68764,0.07647752251669863,0.07,1473621,1v5
HongZhang_c1_c1356,1,18444,44868,0.07072293149375855,0.07,1473621,1v5
HongZhang_c1_c1356,1,4758,4912,0.07288583880375515,0.07,1473621,1v5
HongZhang_c1_c1356,1,14,754,0.0784949141951763,0.07,1473621,1v5
HongZhang_c1_c1356,0,5905,5363,0.09094154539114138,0.09,1473622,1v5
HongZhang_c1_c1356,1,59525,83434,0.09128751885820173,0.09,1473622,1v5
HongZhang_c1_c1356,1,4339,78673,0.09538909530242277,0.09,1473622,1v5
HongZhang_c1_c1356,1,38080,49640,0.09244140848241535,0.09,1473622,1v5
HongZhang_c1_c1356,1,3444,73487,0.09742060676176045,0.09,1473622,1v5
HongZhang_c1_c1356,1,272,480,0.09165393834517895,0.09,1473622,1v5
HongZhang_c1_c1356,0,5905,25776,0.09496646445510169,0.09,1473623,1v5
HongZhang_c1_c1356,1,59525,83434,0.09128751885820173,0.09,1473623,1v5
HongZhang_c1_c1356,1,4339,78673,0.09538909530242277,0.09,1473623,1v5
HongZhang_c1_c1356,1,38080,49640,0.09244140848241535,0.09,1473623,1v5
HongZhang_c1_c1356,1,3444,73487,0.09742060676176045,0.09,1473623,1v5
HongZhang_c1_c1356,1,272,480,0.09165393834517895,0.09,1473623,1v5
HongZhang_c1_c1356,0,19988,26324,0.09122846216308597,0.09,1484936,1v5
HongZhang_c1_c1356,1,59525,83434,0.09128751885820173,0.09,1484936,1v5
HongZhang_c1_c1356,1,4339,78673,0.09538909530242277,0.09,1484936,1v5
HongZhang_c1_c1356,1,38080,49640,0.09244140848241535,0.09,1484936,1v5
HongZhang_c1_c1356,1,3444,73487,0.09742060676176045,0.09,1484936,1v5
HongZhang_c1_c1356,1,272,480,0.09165393834517895,0.09,1484936,1v5
HongZhang_c1_c1356,0,20170,4989,0.0875488452358188,0.08,1485304,1v5
HongZhang_c1_c1356,1,383,958,0.08799866547683402,0.08,1485304,1v5
HongZhang_c1_c1356,1,47050,87039,0.08386991050782995,0.08,1485304,1v5
HongZhang_c1_c1356,1,3444,41695,0.0847030923880055,0.08,1485304,1v5
HongZhang_c1_c1356,1,55360,83273,0.08141055474414444,0.08,1485304,1v5
HongZhang_c1_c1356,1,59465,88934,0.08275151543709582,0.08,1485304,1v5
HongZhang_c1_c1356,0,20931,5034,0.0922367674713709,0.09,1489517,1v5
HongZhang_c1_c1356,1,59525,83434,0.09128751885820173,0.09,1489517,1v5
HongZhang_c1_c1356,1,4339,78673,0.09538909530242277,0.09,1489517,1v5
HongZhang_c1_c1356,1,38080,49640,0.09244140848241535,0.09,1489517,1v5
HongZhang_c1_c1356,1,3444,73487,0.09742060676176045,0.09,1489517,1v5
HongZhang_c1_c1356,1,272,480,0.09165393834517895,0.09,1489517,1v5
HongZhang_c1_c1356,0,21115,22391,0.05136431085598388,0.05,1490188,1v5
HongZhang_c1_c1356,1,4890,30297,0.05704270099984431,0.05,1490188,1v5
HongZhang_c1_c1356,1,66815,79325,0.05155162346335478,0.05,1490188,1v5
HongZhang_c1_c1356,1,44128,84735,0.05587291650482354,0.05,1490188,1v5
HongZhang_c1_c1356,1,3966,4107,0.05222143306854319,0.05,1490188,1v5
HongZhang_c1_c1356,1,44764,46372,0.05619642577300022,0.05,1490188,1v5
HongZhang_c1_c1356,0,21115,26051,0.053731351431497876,0.05,1490189,1v5
HongZhang_c1_c1356,1,4890,30297,0.05704270099984431,0.05,1490189,1v5
HongZhang_c1_c1356,1,66815,79325,0.05155162346335478,0.05,1490189,1v5
HongZhang_c1_c1356,1,44128,84735,0.05587291650482354,0.05,1490189,1v5
HongZhang_c1_c1356,1,3966,4107,0.05222143306854319,0.05,1490189,1v5
HongZhang_c1_c1356,1,44764,46372,0.05619642577300022,0.05,1490189,1v5
HongZhang_c1_c1356,0,21115,26075,0.05538203691469301,0.05,1490190,1v5
HongZhang_c1_c1356,1,4890,30297,0.05704270099984431,0.05,1490190,1v5
HongZhang_c1_c1356,1,66815,79325,0.05155162346335478,0.05,1490190,1v5
HongZhang_c1_c1356,1,44128,84735,0.05587291650482354,0.05,1490190,1v5
HongZhang_c1_c1356,1,3966,4107,0.05222143306854319,0.05,1490190,1v5
HongZhang_c1_c1356,1,44764,46372,0.05619642577300022,0.05,1490190,1v5
HongZhang_c1_c1356,0,21115,27022,0.0550425787102198,0.05,1490191,1v5
HongZhang_c1_c1356,1,4890,30297,0.05704270099984431,0.05,1490191,1v5
HongZhang_c1_c1356,1,66815,79325,0.05155162346335478,0.05,1490191,1v5
HongZhang_c1_c1356,1,44128,84735,0.05587291650482354,0.05,1490191,1v5
HongZhang_c1_c1356,1,3966,4107,0.05222143306854319,0.05,1490191,1v5
HongZhang_c1_c1356,1,44764,46372,0.05619642577300022,0.05,1490191,1v5
HongZhang_c1_c1356,0,21115,27102,0.05348925730923202,0.05,1490192,1v5
HongZhang_c1_c1356,1,4890,30297,0.05704270099984431,0.05,1490192,1v5
HongZhang_c1_c1356,1,66815,79325,0.05155162346335478,0.05,1490192,1v5
HongZhang_c1_c1356,1,44128,84735,0.05587291650482354,0.05,1490192,1v5
HongZhang_c1_c1356,1,3966,4107,0.05222143306854319,0.05,1490192,1v5
HongZhang_c1_c1356,1,44764,46372,0.05619642577300022,0.05,1490192,1v5
HongZhang_c1_c1356,0,21115,33514,0.0552769469715426,0.05,1490193,1v5
HongZhang_c1_c1356,1,4890,30297,0.05704270099984431,0.05,1490193,1v5
HongZhang_c1_c1356,1,66815,79325,0.05155162346335478,0.05,1490193,1v5
HongZhang_c1_c1356,1,44128,84735,0.05587291650482354,0.05,1490193,1v5
HongZhang_c1_c1356,1,3966,4107,0.05222143306854319,0.05,1490193,1v5
HongZhang_c1_c1356,1,44764,46372,0.05619642577300022,0.05,1490193,1v5
HongZhang_c1_c1356,0,21115,45130,0.0523146320371175,0.05,1490194,1v5
HongZhang_c1_c1356,1,4890,30297,0.05704270099984431,0.05,1490194,1v5
HongZhang_c1_c1356,1,66815,79325,0.05155162346335478,0.05,1490194,1v5
HongZhang_c1_c1356,1,44128,84735,0.05587291650482354,0.05,1490194,1v5
HongZhang_c1_c1356,1,3966,4107,0.05222143306854319,0.05,1490194,1v5
HongZhang_c1_c1356,1,44764,46372,0.05619642577300022,0.05,1490194,1v5
HongZhang_c1_c1356,0,21115,48769,0.05991505208844171,0.05,1490195,1v5
HongZhang_c1_c1356,1,4890,30297,0.05704270099984431,0.05,1490195,1v5
HongZhang_c1_c1356,1,66815,79325,0.05155162346335478,0.05,1490195,1v5
HongZhang_c1_c1356,1,44128,84735,0.05587291650482354,0.05,1490195,1v5
HongZhang_c1_c1356,1,3966,4107,0.05222143306854319,0.05,1490195,1v5
HongZhang_c1_c1356,1,44764,46372,0.05619642577300022,0.05,1490195,1v5
HongZhang_c1_c1356,0,21115,57566,0.05229445541176347,0.05,1490196,1v5
HongZhang_c1_c1356,1,4890,30297,0.05704270099984431,0.05,1490196,1v5
HongZhang_c1_c1356,1,66815,79325,0.05155162346335478,0.05,1490196,1v5
HongZhang_c1_c1356,1,44128,84735,0.05587291650482354,0.05,1490196,1v5
HongZhang_c1_c1356,1,3966,4107,0.05222143306854319,0.05,1490196,1v5
HongZhang_c1_c1356,1,44764,46372,0.05619642577300022,0.05,1490196,1v5
HongZhang_c1_c1356,0,21115,65044,0.05792194447175147,0.05,1490197,1v5
HongZhang_c1_c1356,1,4890,30297,0.05704270099984431,0.05,1490197,1v5
HongZhang_c1_c1356,1,66815,79325,0.05155162346335478,0.05,1490197,1v5
HongZhang_c1_c1356,1,44128,84735,0.05587291650482354,0.05,1490197,1v5
HongZhang_c1_c1356,1,3966,4107,0.05222143306854319,0.05,1490197,1v5
HongZhang_c1_c1356,1,44764,46372,0.05619642577300022,0.05,1490197,1v5
HongZhang_c1_c1356,0,21115,72070,0.05397382052557346,0.05,1490198,1v5
HongZhang_c1_c1356,1,4890,30297,0.05704270099984431,0.05,1490198,1v5
HongZhang_c1_c1356,1,66815,79325,0.05155162346335478,0.05,1490198,1v5
HongZhang_c1_c1356,1,44128,84735,0.05587291650482354,0.05,1490198,1v5
HongZhang_c1_c1356,1,3966,4107,0.05222143306854319,0.05,1490198,1v5
HongZhang_c1_c1356,1,44764,46372,0.05619642577300022,0.05,1490198,1v5
HongZhang_c1_c1356,0,21115,76309,0.062179067208174,0.06,1490199,1v5
HongZhang_c1_c1356,1,72699,76954,0.060919823349105694,0.06,1490199,1v5
HongZhang_c1_c1356,1,37664,52412,0.06050052903474484,0.06,1490199,1v5
HongZhang_c1_c1356,1,5174,6034,0.06556853649446535,0.06,1490199,1v5
HongZhang_c1_c1356,1,4919,22773,0.06181838235168419,0.06,1490199,1v5
HongZhang_c1_c1356,1,4390,26316,0.06060884603113726,0.06,1490199,1v5
HongZhang_c1_c1356,0,21115,79429,0.05844522675209685,0.05,1490200,1v5
HongZhang_c1_c1356,1,4890,30297,0.05704270099984431,0.05,1490200,1v5
HongZhang_c1_c1356,1,66815,79325,0.05155162346335478,0.05,1490200,1v5
HongZhang_c1_c1356,1,44128,84735,0.05587291650482354,0.05,1490200,1v5
HongZhang_c1_c1356,1,3966,4107,0.05222143306854319,0.05,1490200,1v5
HongZhang_c1_c1356,1,44764,46372,0.05619642577300022,0.05,1490200,1v5
HongZhang_c1_c1356,0,21115,83133,0.06079105406350849,0.06,1490201,1v5
HongZhang_c1_c1356,1,72699,76954,0.060919823349105694,0.06,1490201,1v5
HongZhang_c1_c1356,1,37664,52412,0.06050052903474484,0.06,1490201,1v5
HongZhang_c1_c1356,1,5174,6034,0.06556853649446535,0.06,1490201,1v5
HongZhang_c1_c1356,1,4919,22773,0.06181838235168419,0.06,1490201,1v5
HongZhang_c1_c1356,1,4390,26316,0.06060884603113726,0.06,1490201,1v5
HongZhang_c1_c1356,0,21544,57717,0.05532081937091359,0.05,1492046,1v5
HongZhang_c1_c1356,1,4890,30297,0.05704270099984431,0.05,1492046,1v5
HongZhang_c1_c1356,1,66815,79325,0.05155162346335478,0.05,1492046,1v5
HongZhang_c1_c1356,1,44128,84735,0.05587291650482354,0.05,1492046,1v5
HongZhang_c1_c1356,1,3966,4107,0.05222143306854319,0.05,1492046,1v5
HongZhang_c1_c1356,1,44764,46372,0.05619642577300022,0.05,1492046,1v5
HongZhang_c1_c1356,0,22184,21163,0.06864387219764563,0.06,1494550,1v5
HongZhang_c1_c1356,1,72699,76954,0.060919823349105694,0.06,1494550,1v5
HongZhang_c1_c1356,1,37664,52412,0.06050052903474484,0.06,1494550,1v5
HongZhang_c1_c1356,1,5174,6034,0.06556853649446535,0.06,1494550,1v5
HongZhang_c1_c1356,1,4919,22773,0.06181838235168419,0.06,1494550,1v5
HongZhang_c1_c1356,1,4390,26316,0.06060884603113726,0.06,1494550,1v5
HongZhang_c1_c1356,0,22184,26075,0.06326042987337055,0.06,1494551,1v5
HongZhang_c1_c1356,1,72699,76954,0.060919823349105694,0.06,1494551,1v5
HongZhang_c1_c1356,1,37664,52412,0.06050052903474484,0.06,1494551,1v5
HongZhang_c1_c1356,1,5174,6034,0.06556853649446535,0.06,1494551,1v5
HongZhang_c1_c1356,1,4919,22773,0.06181838235168419,0.06,1494551,1v5
HongZhang_c1_c1356,1,4390,26316,0.06060884603113726,0.06,1494551,1v5
HongZhang_c1_c1356,0,22184,26324,0.05906231638974486,0.05,1494552,1v5
HongZhang_c1_c1356,1,4890,30297,0.05704270099984431,0.05,1494552,1v5
HongZhang_c1_c1356,1,66815,79325,0.05155162346335478,0.05,1494552,1v5
HongZhang_c1_c1356,1,44128,84735,0.05587291650482354,0.05,1494552,1v5
HongZhang_c1_c1356,1,3966,4107,0.05222143306854319,0.05,1494552,1v5
HongZhang_c1_c1356,1,44764,46372,0.05619642577300022,0.05,1494552,1v5
HongZhang_c1_c1356,0,22184,27102,0.06104915168924798,0.06,1494553,1v5
HongZhang_c1_c1356,1,72699,76954,0.060919823349105694,0.06,1494553,1v5
HongZhang_c1_c1356,1,37664,52412,0.06050052903474484,0.06,1494553,1v5
HongZhang_c1_c1356,1,5174,6034,0.06556853649446535,0.06,1494553,1v5
HongZhang_c1_c1356,1,4919,22773,0.06181838235168419,0.06,1494553,1v5
HongZhang_c1_c1356,1,4390,26316,0.06060884603113726,0.06,1494553,1v5
HongZhang_c1_c1356,0,22184,27464,0.039915371474492436,0.03,1494554,1v5
HongZhang_c1_c1356,1,40276,67972,0.03613078015329388,0.03,1494554,1v5
HongZhang_c1_c1356,1,1283,18473,0.030513411562338333,0.03,1494554,1v5
HongZhang_c1_c1356,1,46644,48923,0.030560969738166337,0.03,1494554,1v5
HongZhang_c1_c1356,1,26235,35978,0.03969319074449494,0.03,1494554,1v5
HongZhang_c1_c1356,1,34375,58547,0.03669970116027549,0.03,1494554,1v5
HongZhang_c1_c1356,0,22184,37758,0.1020235562596488,0.1,1494555,1v5
HongZhang_c1_c1356,1,39531,80390,0.10576113668852051,0.1,1494555,1v5
HongZhang_c1_c1356,1,508,1648,0.1028052682295696,0.1,1494555,1v5
HongZhang_c1_c1356,1,57221,75314,0.10696006120206089,0.1,1494555,1v5
HongZhang_c1_c1356,1,35516,65783,0.10832122081210573,0.1,1494555,1v5
HongZhang_c1_c1356,1,62852,70310,0.1022488024506419,0.1,1494555,1v5
HongZhang_c1_c1356,0,22184,55064,0.06079556424600214,0.06,1494556,1v5
HongZhang_c1_c1356,1,72699,76954,0.060919823349105694,0.06,1494556,1v5
HongZhang_c1_c1356,1,37664,52412,0.06050052903474484,0.06,1494556,1v5
HongZhang_c1_c1356,1,5174,6034,0.06556853649446535,0.06,1494556,1v5
HongZhang_c1_c1356,1,4919,22773,0.06181838235168419,0.06,1494556,1v5
HongZhang_c1_c1356,1,4390,26316,0.06060884603113726,0.06,1494556,1v5
HongZhang_c1_c1356,0,22184,57566,0.055423690089136134,0.05,1494557,1v5
HongZhang_c1_c1356,1,4890,30297,0.05704270099984431,0.05,1494557,1v5
HongZhang_c1_c1356,1,66815,79325,0.05155162346335478,0.05,1494557,1v5
HongZhang_c1_c1356,1,44128,84735,0.05587291650482354,0.05,1494557,1v5
HongZhang_c1_c1356,1,3966,4107,0.05222143306854319,0.05,1494557,1v5
HongZhang_c1_c1356,1,44764,46372,0.05619642577300022,0.05,1494557,1v5
HongZhang_c1_c1356,0,22184,57661,0.057826986568944465,0.05,1494558,1v5
HongZhang_c1_c1356,1,4890,30297,0.05704270099984431,0.05,1494558,1v5
HongZhang_c1_c1356,1,66815,79325,0.05155162346335478,0.05,1494558,1v5
HongZhang_c1_c1356,1,44128,84735,0.05587291650482354,0.05,1494558,1v5
HongZhang_c1_c1356,1,3966,4107,0.05222143306854319,0.05,1494558,1v5
HongZhang_c1_c1356,1,44764,46372,0.05619642577300022,0.05,1494558,1v5
HongZhang_c1_c1356,0,22184,61236,0.049467779773376325,0.04,1494559,1v5
HongZhang_c1_c1356,1,68727,77096,0.047950012311556024,0.04,1494559,1v5
HongZhang_c1_c1356,1,46201,46650,0.04415133216856813,0.04,1494559,1v5
HongZhang_c1_c1356,1,65918,65960,0.049541770448425275,0.04,1494559,1v5
HongZhang_c1_c1356,1,78490,79833,0.04083814540413632,0.04,1494559,1v5
HongZhang_c1_c1356,1,641,5728,0.047779900087701485,0.04,1494559,1v5
HongZhang_c1_c1356,0,22184,62582,0.06307692397938333,0.06,1494560,1v5
HongZhang_c1_c1356,1,72699,76954,0.060919823349105694,0.06,1494560,1v5
HongZhang_c1_c1356,1,37664,52412,0.06050052903474484,0.06,1494560,1v5
HongZhang_c1_c1356,1,5174,6034,0.06556853649446535,0.06,1494560,1v5
HongZhang_c1_c1356,1,4919,22773,0.06181838235168419,0.06,1494560,1v5
HongZhang_c1_c1356,1,4390,26316,0.06060884603113726,0.06,1494560,1v5
HongZhang_c1_c1356,0,22184,79429,0.0595097258378353,0.05,1494561,1v5
HongZhang_c1_c1356,1,4890,30297,0.05704270099984431,0.05,1494561,1v5
HongZhang_c1_c1356,1,66815,79325,0.05155162346335478,0.05,1494561,1v5
HongZhang_c1_c1356,1,44128,84735,0.05587291650482354,0.05,1494561,1v5
HongZhang_c1_c1356,1,3966,4107,0.05222143306854319,0.05,1494561,1v5
HongZhang_c1_c1356,1,44764,46372,0.05619642577300022,0.05,1494561,1v5
HongZhang_c1_c1356,0,22184,83133,0.06717867354250517,0.06,1494562,1v5
HongZhang_c1_c1356,1,72699,76954,0.060919823349105694,0.06,1494562,1v5
HongZhang_c1_c1356,1,37664,52412,0.06050052903474484,0.06,1494562,1v5
HongZhang_c1_c1356,1,5174,6034,0.06556853649446535,0.06,1494562,1v5
HongZhang_c1_c1356,1,4919,22773,0.06181838235168419,0.06,1494562,1v5
HongZhang_c1_c1356,1,4390,26316,0.06060884603113726,0.06,1494562,1v5
HongZhang_c1_c1356,0,22237,20239,0.07419687754572382,0.07,1494611,1v5
HongZhang_c1_c1356,1,19458,89116,0.07623868545464864,0.07,1494611,1v5
HongZhang_c1_c1356,1,2539,68764,0.07647752251669863,0.07,1494611,1v5
HongZhang_c1_c1356,1,18444,44868,0.07072293149375855,0.07,1494611,1v5
HongZhang_c1_c1356,1,4758,4912,0.07288583880375515,0.07,1494611,1v5
HongZhang_c1_c1356,1,14,754,0.0784949141951763,0.07,1494611,1v5
HongZhang_c1_c1356,0,22237,23358,0.07182421573021508,0.07,1494612,1v5
HongZhang_c1_c1356,1,19458,89116,0.07623868545464864,0.07,1494612,1v5
HongZhang_c1_c1356,1,2539,68764,0.07647752251669863,0.07,1494612,1v5
HongZhang_c1_c1356,1,18444,44868,0.07072293149375855,0.07,1494612,1v5
HongZhang_c1_c1356,1,4758,4912,0.07288583880375515,0.07,1494612,1v5
HongZhang_c1_c1356,1,14,754,0.0784949141951763,0.07,1494612,1v5
HongZhang_c1_c1356,0,22237,23359,0.06928074421259403,0.06,1494613,1v5
HongZhang_c1_c1356,1,72699,76954,0.060919823349105694,0.06,1494613,1v5
HongZhang_c1_c1356,1,37664,52412,0.06050052903474484,0.06,1494613,1v5
HongZhang_c1_c1356,1,5174,6034,0.06556853649446535,0.06,1494613,1v5
HongZhang_c1_c1356,1,4919,22773,0.06181838235168419,0.06,1494613,1v5
HongZhang_c1_c1356,1,4390,26316,0.06060884603113726,0.06,1494613,1v5
HongZhang_c1_c1356,0,22237,25707,0.07815418774108582,0.07,1494614,1v5
HongZhang_c1_c1356,1,19458,89116,0.07623868545464864,0.07,1494614,1v5
HongZhang_c1_c1356,1,2539,68764,0.07647752251669863,0.07,1494614,1v5
HongZhang_c1_c1356,1,18444,44868,0.07072293149375855,0.07,1494614,1v5
HongZhang_c1_c1356,1,4758,4912,0.07288583880375515,0.07,1494614,1v5
HongZhang_c1_c1356,1,14,754,0.0784949141951763,0.07,1494614,1v5
HongZhang_c1_c1356,0,22237,26061,0.05994152379899747,0.05,1494615,1v5
HongZhang_c1_c1356,1,4890,30297,0.05704270099984431,0.05,1494615,1v5
HongZhang_c1_c1356,1,66815,79325,0.05155162346335478,0.05,1494615,1v5
HongZhang_c1_c1356,1,44128,84735,0.05587291650482354,0.05,1494615,1v5
HongZhang_c1_c1356,1,3966,4107,0.05222143306854319,0.05,1494615,1v5
HongZhang_c1_c1356,1,44764,46372,0.05619642577300022,0.05,1494615,1v5
HongZhang_c1_c1356,0,22237,30703,0.07920125048483163,0.07,1494616,1v5
HongZhang_c1_c1356,1,19458,89116,0.07623868545464864,0.07,1494616,1v5
HongZhang_c1_c1356,1,2539,68764,0.07647752251669863,0.07,1494616,1v5
HongZhang_c1_c1356,1,18444,44868,0.07072293149375855,0.07,1494616,1v5
HongZhang_c1_c1356,1,4758,4912,0.07288583880375515,0.07,1494616,1v5
HongZhang_c1_c1356,1,14,754,0.0784949141951763,0.07,1494616,1v5
HongZhang_c1_c1356,0,22237,31947,0.07032637308052783,0.07,1494617,1v5
HongZhang_c1_c1356,1,19458,89116,0.07623868545464864,0.07,1494617,1v5
HongZhang_c1_c1356,1,2539,68764,0.07647752251669863,0.07,1494617,1v5
HongZhang_c1_c1356,1,18444,44868,0.07072293149375855,0.07,1494617,1v5
HongZhang_c1_c1356,1,4758,4912,0.07288583880375515,0.07,1494617,1v5
HongZhang_c1_c1356,1,14,754,0.0784949141951763,0.07,1494617,1v5
HongZhang_c1_c1356,0,22237,35872,0.0720452674675663,0.07,1494618,1v5
HongZhang_c1_c1356,1,19458,89116,0.07623868545464864,0.07,1494618,1v5
HongZhang_c1_c1356,1,2539,68764,0.07647752251669863,0.07,1494618,1v5
HongZhang_c1_c1356,1,18444,44868,0.07072293149375855,0.07,1494618,1v5
HongZhang_c1_c1356,1,4758,4912,0.07288583880375515,0.07,1494618,1v5
HongZhang_c1_c1356,1,14,754,0.0784949141951763,0.07,1494618,1v5
HongZhang_c1_c1356,0,22237,37871,0.0775814642884923,0.07,1494619,1v5
HongZhang_c1_c1356,1,19458,89116,0.07623868545464864,0.07,1494619,1v5
HongZhang_c1_c1356,1,2539,68764,0.07647752251669863,0.07,1494619,1v5
HongZhang_c1_c1356,1,18444,44868,0.07072293149375855,0.07,1494619,1v5
HongZhang_c1_c1356,1,4758,4912,0.07288583880375515,0.07,1494619,1v5
HongZhang_c1_c1356,1,14,754,0.0784949141951763,0.07,1494619,1v5
HongZhang_c1_c1356,0,22237,47745,0.0740430557162867,0.07,1494620,1v5
HongZhang_c1_c1356,1,19458,89116,0.07623868545464864,0.07,1494620,1v5
HongZhang_c1_c1356,1,2539,68764,0.07647752251669863,0.07,1494620,1v5
HongZhang_c1_c1356,1,18444,44868,0.07072293149375855,0.07,1494620,1v5
HongZhang_c1_c1356,1,4758,4912,0.07288583880375515,0.07,1494620,1v5
HongZhang_c1_c1356,1,14,754,0.0784949141951763,0.07,1494620,1v5
HongZhang_c1_c1356,0,22237,72509,0.0658618264380742,0.06,1494621,1v5
HongZhang_c1_c1356,1,72699,76954,0.060919823349105694,0.06,1494621,1v5
HongZhang_c1_c1356,1,37664,52412,0.06050052903474484,0.06,1494621,1v5
HongZhang_c1_c1356,1,5174,6034,0.06556853649446535,0.06,1494621,1v5
HongZhang_c1_c1356,1,4919,22773,0.06181838235168419,0.06,1494621,1v5
HongZhang_c1_c1356,1,4390,26316,0.06060884603113726,0.06,1494621,1v5
HongZhang_c1_c1356,0,22237,87437,0.07355961021413915,0.07,1494622,1v5
HongZhang_c1_c1356,1,19458,89116,0.07623868545464864,0.07,1494622,1v5
HongZhang_c1_c1356,1,2539,68764,0.07647752251669863,0.07,1494622,1v5
HongZhang_c1_c1356,1,18444,44868,0.07072293149375855,0.07,1494622,1v5
HongZhang_c1_c1356,1,4758,4912,0.07288583880375515,0.07,1494622,1v5
HongZhang_c1_c1356,1,14,754,0.0784949141951763,0.07,1494622,1v5
HongZhang_c1_c1356,0,22237,90254,0.07206527393111155,0.07,1494623,1v5
HongZhang_c1_c1356,1,19458,89116,0.07623868545464864,0.07,1494623,1v5
HongZhang_c1_c1356,1,2539,68764,0.07647752251669863,0.07,1494623,1v5
HongZhang_c1_c1356,1,18444,44868,0.07072293149375855,0.07,1494623,1v5
HongZhang_c1_c1356,1,4758,4912,0.07288583880375515,0.07,1494623,1v5
HongZhang_c1_c1356,1,14,754,0.0784949141951763,0.07,1494623,1v5
HongZhang_c1_c1356,0,23963,57717,0.05189880649142254,0.05,1500966,1v5
HongZhang_c1_c1356,1,4890,30297,0.05704270099984431,0.05,1500966,1v5
HongZhang_c1_c1356,1,66815,79325,0.05155162346335478,0.05,1500966,1v5
HongZhang_c1_c1356,1,44128,84735,0.05587291650482354,0.05,1500966,1v5
HongZhang_c1_c1356,1,3966,4107,0.05222143306854319,0.05,1500966,1v5
HongZhang_c1_c1356,1,44764,46372,0.05619642577300022,0.05,1500966,1v5
HongZhang_c1_c1356,0,24418,4989,0.0999729406055711,0.09,1501999,1v5
HongZhang_c1_c1356,1,59525,83434,0.09128751885820173,0.09,1501999,1v5
HongZhang_c1_c1356,1,4339,78673,0.09538909530242277,0.09,1501999,1v5
HongZhang_c1_c1356,1,38080,49640,0.09244140848241535,0.09,1501999,1v5
HongZhang_c1_c1356,1,3444,73487,0.09742060676176045,0.09,1501999,1v5
HongZhang_c1_c1356,1,272,480,0.09165393834517895,0.09,1501999,1v5
HongZhang_c1_c1356,0,26254,26324,0.05726621988170936,0.05,1506970,1v5
HongZhang_c1_c1356,1,4890,30297,0.05704270099984431,0.05,1506970,1v5
HongZhang_c1_c1356,1,66815,79325,0.05155162346335478,0.05,1506970,1v5
HongZhang_c1_c1356,1,44128,84735,0.05587291650482354,0.05,1506970,1v5
HongZhang_c1_c1356,1,3966,4107,0.05222143306854319,0.05,1506970,1v5
HongZhang_c1_c1356,1,44764,46372,0.05619642577300022,0.05,1506970,1v5
HongZhang_c1_c1356,0,26254,27464,0.048499170848529866,0.04,1506971,1v5
HongZhang_c1_c1356,1,68727,77096,0.047950012311556024,0.04,1506971,1v5
HongZhang_c1_c1356,1,46201,46650,0.04415133216856813,0.04,1506971,1v5
HongZhang_c1_c1356,1,65918,65960,0.049541770448425275,0.04,1506971,1v5
HongZhang_c1_c1356,1,78490,79833,0.04083814540413632,0.04,1506971,1v5
HongZhang_c1_c1356,1,641,5728,0.047779900087701485,0.04,1506971,1v5
HongZhang_c1_c1356,0,26254,37758,0.09343150073548508,0.09,1506972,1v5
HongZhang_c1_c1356,1,59525,83434,0.09128751885820173,0.09,1506972,1v5
HongZhang_c1_c1356,1,4339,78673,0.09538909530242277,0.09,1506972,1v5
HongZhang_c1_c1356,1,38080,49640,0.09244140848241535,0.09,1506972,1v5
HongZhang_c1_c1356,1,3444,73487,0.09742060676176045,0.09,1506972,1v5
HongZhang_c1_c1356,1,272,480,0.09165393834517895,0.09,1506972,1v5
HongZhang_c1_c1356,0,26903,5034,0.10169924008199609,0.1,1510203,1v5
HongZhang_c1_c1356,1,39531,80390,0.10576113668852051,0.1,1510203,1v5
HongZhang_c1_c1356,1,508,1648,0.1028052682295696,0.1,1510203,1v5
HongZhang_c1_c1356,1,57221,75314,0.10696006120206089,0.1,1510203,1v5
HongZhang_c1_c1356,1,35516,65783,0.10832122081210573,0.1,1510203,1v5
HongZhang_c1_c1356,1,62852,70310,0.1022488024506419,0.1,1510203,1v5
HongZhang_c1_c1356,0,27705,57717,0.05736838923401209,0.05,1512268,1v5
HongZhang_c1_c1356,1,4890,30297,0.05704270099984431,0.05,1512268,1v5
HongZhang_c1_c1356,1,66815,79325,0.05155162346335478,0.05,1512268,1v5
HongZhang_c1_c1356,1,44128,84735,0.05587291650482354,0.05,1512268,1v5
HongZhang_c1_c1356,1,3966,4107,0.05222143306854319,0.05,1512268,1v5
HongZhang_c1_c1356,1,44764,46372,0.05619642577300022,0.05,1512268,1v5
HongZhang_c1_c1356,0,28094,4989,0.09953003378529027,0.09,1514348,1v5
HongZhang_c1_c1356,1,59525,83434,0.09128751885820173,0.09,1514348,1v5
HongZhang_c1_c1356,1,4339,78673,0.09538909530242277,0.09,1514348,1v5
HongZhang_c1_c1356,1,38080,49640,0.09244140848241535,0.09,1514348,1v5
HongZhang_c1_c1356,1,3444,73487,0.09742060676176045,0.09,1514348,1v5
HongZhang_c1_c1356,1,272,480,0.09165393834517895,0.09,1514348,1v5
HongZhang_c1_c1356,0,29376,4989,0.0902272825728807,0.09,1517978,1v5
HongZhang_c1_c1356,1,59525,83434,0.09128751885820173,0.09,1517978,1v5
HongZhang_c1_c1356,1,4339,78673,0.09538909530242277,0.09,1517978,1v5
HongZhang_c1_c1356,1,38080,49640,0.09244140848241535,0.09,1517978,1v5
HongZhang_c1_c1356,1,3444,73487,0.09742060676176045,0.09,1517978,1v5
HongZhang_c1_c1356,1,272,480,0.09165393834517895,0.09,1517978,1v5
HongZhang_c1_c1356,0,29376,5034,0.10140409012476352,0.1,1517979,1v5
HongZhang_c1_c1356,1,39531,80390,0.10576113668852051,0.1,1517979,1v5
HongZhang_c1_c1356,1,508,1648,0.1028052682295696,0.1,1517979,1v5
HongZhang_c1_c1356,1,57221,75314,0.10696006120206089,0.1,1517979,1v5
HongZhang_c1_c1356,1,35516,65783,0.10832122081210573,0.1,1517979,1v5
HongZhang_c1_c1356,1,62852,70310,0.1022488024506419,0.1,1517979,1v5
HongZhang_c1_c1356,0,31982,26051,0.05221308836418215,0.05,1526416,1v5
HongZhang_c1_c1356,1,4890,30297,0.05704270099984431,0.05,1526416,1v5
HongZhang_c1_c1356,1,66815,79325,0.05155162346335478,0.05,1526416,1v5
HongZhang_c1_c1356,1,44128,84735,0.05587291650482354,0.05,1526416,1v5
HongZhang_c1_c1356,1,3966,4107,0.05222143306854319,0.05,1526416,1v5
HongZhang_c1_c1356,1,44764,46372,0.05619642577300022,0.05,1526416,1v5
HongZhang_c1_c1356,0,31982,33514,0.0526734268704734,0.05,1526417,1v5
HongZhang_c1_c1356,1,4890,30297,0.05704270099984431,0.05,1526417,1v5
HongZhang_c1_c1356,1,66815,79325,0.05155162346335478,0.05,1526417,1v5
HongZhang_c1_c1356,1,44128,84735,0.05587291650482354,0.05,1526417,1v5
HongZhang_c1_c1356,1,3966,4107,0.05222143306854319,0.05,1526417,1v5
HongZhang_c1_c1356,1,44764,46372,0.05619642577300022,0.05,1526417,1v5
HongZhang_c1_c1356,0,31982,41193,0.052917438851934506,0.05,1526418,1v5
HongZhang_c1_c1356,1,4890,30297,0.05704270099984431,0.05,1526418,1v5
HongZhang_c1_c1356,1,66815,79325,0.05155162346335478,0.05,1526418,1v5
HongZhang_c1_c1356,1,44128,84735,0.05587291650482354,0.05,1526418,1v5
HongZhang_c1_c1356,1,3966,4107,0.05222143306854319,0.05,1526418,1v5
HongZhang_c1_c1356,1,44764,46372,0.05619642577300022,0.05,1526418,1v5
HongZhang_c1_c1356,0,31982,65031,0.04925115550414581,0.04,1526419,1v5
HongZhang_c1_c1356,1,68727,77096,0.047950012311556024,0.04,1526419,1v5
HongZhang_c1_c1356,1,46201,46650,0.04415133216856813,0.04,1526419,1v5
HongZhang_c1_c1356,1,65918,65960,0.049541770448425275,0.04,1526419,1v5
HongZhang_c1_c1356,1,78490,79833,0.04083814540413632,0.04,1526419,1v5
HongZhang_c1_c1356,1,641,5728,0.047779900087701485,0.04,1526419,1v5
HongZhang_c1_c1356,0,33099,4989,0.09996065455118326,0.09,1530417,1v5
HongZhang_c1_c1356,1,59525,83434,0.09128751885820173,0.09,1530417,1v5
HongZhang_c1_c1356,1,4339,78673,0.09538909530242277,0.09,1530417,1v5
HongZhang_c1_c1356,1,38080,49640,0.09244140848241535,0.09,1530417,1v5
HongZhang_c1_c1356,1,3444,73487,0.09742060676176045,0.09,1530417,1v5
HongZhang_c1_c1356,1,272,480,0.09165393834517895,0.09,1530417,1v5
HongZhang_c1_c1356,0,33099,5034,0.10167904244738368,0.1,1530418,1v5
HongZhang_c1_c1356,1,39531,80390,0.10576113668852051,0.1,1530418,1v5
HongZhang_c1_c1356,1,508,1648,0.1028052682295696,0.1,1530418,1v5
HongZhang_c1_c1356,1,57221,75314,0.10696006120206089,0.1,1530418,1v5
HongZhang_c1_c1356,1,35516,65783,0.10832122081210573,0.1,1530418,1v5
HongZhang_c1_c1356,1,62852,70310,0.1022488024506419,0.1,1530418,1v5
HongZhang_c1_c1356,0,33196,22391,0.05254429882338059,0.05,1531004,1v5
HongZhang_c1_c1356,1,4890,30297,0.05704270099984431,0.05,1531004,1v5
HongZhang_c1_c1356,1,66815,79325,0.05155162346335478,0.05,1531004,1v5
HongZhang_c1_c1356,1,44128,84735,0.05587291650482354,0.05,1531004,1v5
HongZhang_c1_c1356,1,3966,4107,0.05222143306854319,0.05,1531004,1v5
HongZhang_c1_c1356,1,44764,46372,0.05619642577300022,0.05,1531004,1v5
HongZhang_c1_c1356,0,33196,26075,0.05971738422921682,0.05,1531005,1v5
HongZhang_c1_c1356,1,4890,30297,0.05704270099984431,0.05,1531005,1v5
HongZhang_c1_c1356,1,66815,79325,0.05155162346335478,0.05,1531005,1v5
HongZhang_c1_c1356,1,44128,84735,0.05587291650482354,0.05,1531005,1v5
HongZhang_c1_c1356,1,3966,4107,0.05222143306854319,0.05,1531005,1v5
HongZhang_c1_c1356,1,44764,46372,0.05619642577300022,0.05,1531005,1v5
HongZhang_c1_c1356,0,33196,27102,0.051577314699955835,0.05,1531006,1v5
HongZhang_c1_c1356,1,4890,30297,0.05704270099984431,0.05,1531006,1v5
HongZhang_c1_c1356,1,66815,79325,0.05155162346335478,0.05,1531006,1v5
HongZhang_c1_c1356,1,44128,84735,0.05587291650482354,0.05,1531006,1v5
HongZhang_c1_c1356,1,3966,4107,0.05222143306854319,0.05,1531006,1v5
HongZhang_c1_c1356,1,44764,46372,0.05619642577300022,0.05,1531006,1v5
HongZhang_c1_c1356,0,33196,41193,0.049654442342131434,0.04,1531007,1v5
HongZhang_c1_c1356,1,68727,77096,0.047950012311556024,0.04,1531007,1v5
HongZhang_c1_c1356,1,46201,46650,0.04415133216856813,0.04,1531007,1v5
HongZhang_c1_c1356,1,65918,65960,0.049541770448425275,0.04,1531007,1v5
HongZhang_c1_c1356,1,78490,79833,0.04083814540413632,0.04,1531007,1v5
HongZhang_c1_c1356,1,641,5728,0.047779900087701485,0.04,1531007,1v5
HongZhang_c1_c1356,0,33196,45130,0.05147275697264839,0.05,1531008,1v5
HongZhang_c1_c1356,1,4890,30297,0.05704270099984431,0.05,1531008,1v5
HongZhang_c1_c1356,1,66815,79325,0.05155162346335478,0.05,1531008,1v5
HongZhang_c1_c1356,1,44128,84735,0.05587291650482354,0.05,1531008,1v5
HongZhang_c1_c1356,1,3966,4107,0.05222143306854319,0.05,1531008,1v5
HongZhang_c1_c1356,1,44764,46372,0.05619642577300022,0.05,1531008,1v5
HongZhang_c1_c1356,0,33196,57566,0.05330873291538471,0.05,1531009,1v5
HongZhang_c1_c1356,1,4890,30297,0.05704270099984431,0.05,1531009,1v5
HongZhang_c1_c1356,1,66815,79325,0.05155162346335478,0.05,1531009,1v5
HongZhang_c1_c1356,1,44128,84735,0.05587291650482354,0.05,1531009,1v5
HongZhang_c1_c1356,1,3966,4107,0.05222143306854319,0.05,1531009,1v5
HongZhang_c1_c1356,1,44764,46372,0.05619642577300022,0.05,1531009,1v5
HongZhang_c1_c1356,0,33196,57717,0.05136539902802047,0.05,1531010,1v5
HongZhang_c1_c1356,1,4890,30297,0.05704270099984431,0.05,1531010,1v5
HongZhang_c1_c1356,1,66815,79325,0.05155162346335478,0.05,1531010,1v5
HongZhang_c1_c1356,1,44128,84735,0.05587291650482354,0.05,1531010,1v5
HongZhang_c1_c1356,1,3966,4107,0.05222143306854319,0.05,1531010,1v5
HongZhang_c1_c1356,1,44764,46372,0.05619642577300022,0.05,1531010,1v5
HongZhang_c1_c1356,0,33353,26075,0.06028282754169105,0.06,1531520,1v5
HongZhang_c1_c1356,1,72699,76954,0.060919823349105694,0.06,1531520,1v5
HongZhang_c1_c1356,1,37664,52412,0.06050052903474484,0.06,1531520,1v5
HongZhang_c1_c1356,1,5174,6034,0.06556853649446535,0.06,1531520,1v5
HongZhang_c1_c1356,1,4919,22773,0.06181838235168419,0.06,1531520,1v5
HongZhang_c1_c1356,1,4390,26316,0.06060884603113726,0.06,1531520,1v5
HongZhang_c1_c1356,0,33353,27102,0.053973797282669565,0.05,1531521,1v5
HongZhang_c1_c1356,1,4890,30297,0.05704270099984431,0.05,1531521,1v5
HongZhang_c1_c1356,1,66815,79325,0.05155162346335478,0.05,1531521,1v5
HongZhang_c1_c1356,1,44128,84735,0.05587291650482354,0.05,1531521,1v5
HongZhang_c1_c1356,1,3966,4107,0.05222143306854319,0.05,1531521,1v5
HongZhang_c1_c1356,1,44764,46372,0.05619642577300022,0.05,1531521,1v5
HongZhang_c1_c1356,0,33353,57566,0.04910113656982044,0.04,1531522,1v5
HongZhang_c1_c1356,1,68727,77096,0.047950012311556024,0.04,1531522,1v5
HongZhang_c1_c1356,1,46201,46650,0.04415133216856813,0.04,1531522,1v5
HongZhang_c1_c1356,1,65918,65960,0.049541770448425275,0.04,1531522,1v5
HongZhang_c1_c1356,1,78490,79833,0.04083814540413632,0.04,1531522,1v5
HongZhang_c1_c1356,1,641,5728,0.047779900087701485,0.04,1531522,1v5
HongZhang_c1_c1356,0,33353,79429,0.060995678010707106,0.06,1531523,1v5
HongZhang_c1_c1356,1,72699,76954,0.060919823349105694,0.06,1531523,1v5
HongZhang_c1_c1356,1,37664,52412,0.06050052903474484,0.06,1531523,1v5
HongZhang_c1_c1356,1,5174,6034,0.06556853649446535,0.06,1531523,1v5
HongZhang_c1_c1356,1,4919,22773,0.06181838235168419,0.06,1531523,1v5
HongZhang_c1_c1356,1,4390,26316,0.06060884603113726,0.06,1531523,1v5
HongZhang_c1_c1356,0,33841,26061,0.06333510891958659,0.06,1532355,1v5
HongZhang_c1_c1356,1,72699,76954,0.060919823349105694,0.06,1532355,1v5
HongZhang_c1_c1356,1,37664,52412,0.06050052903474484,0.06,1532355,1v5
HongZhang_c1_c1356,1,5174,6034,0.06556853649446535,0.06,1532355,1v5
HongZhang_c1_c1356,1,4919,22773,0.06181838235168419,0.06,1532355,1v5
HongZhang_c1_c1356,1,4390,26316,0.06060884603113726,0.06,1532355,1v5
HongZhang_c1_c1356,0,36664,57717,0.05629734705103441,0.05,1541280,1v5
HongZhang_c1_c1356,1,4890,30297,0.05704270099984431,0.05,1541280,1v5
HongZhang_c1_c1356,1,66815,79325,0.05155162346335478,0.05,1541280,1v5
HongZhang_c1_c1356,1,44128,84735,0.05587291650482354,0.05,1541280,1v5
HongZhang_c1_c1356,1,3966,4107,0.05222143306854319,0.05,1541280,1v5
HongZhang_c1_c1356,1,44764,46372,0.05619642577300022,0.05,1541280,1v5
HongZhang_c1_c1356,0,36744,5034,0.09799474366110679,0.09,1541506,1v5
HongZhang_c1_c1356,1,59525,83434,0.09128751885820173,0.09,1541506,1v5
HongZhang_c1_c1356,1,4339,78673,0.09538909530242277,0.09,1541506,1v5
HongZhang_c1_c1356,1,38080,49640,0.09244140848241535,0.09,1541506,1v5
HongZhang_c1_c1356,1,3444,73487,0.09742060676176045,0.09,1541506,1v5
HongZhang_c1_c1356,1,272,480,0.09165393834517895,0.09,1541506,1v5
HongZhang_c1_c1356,0,36744,25776,0.10605225286636463,0.1,1541507,1v5
HongZhang_c1_c1356,1,39531,80390,0.10576113668852051,0.1,1541507,1v5
HongZhang_c1_c1356,1,508,1648,0.1028052682295696,0.1,1541507,1v5
HongZhang_c1_c1356,1,57221,75314,0.10696006120206089,0.1,1541507,1v5
HongZhang_c1_c1356,1,35516,65783,0.10832122081210573,0.1,1541507,1v5
HongZhang_c1_c1356,1,62852,70310,0.1022488024506419,0.1,1541507,1v5
HongZhang_c1_c1356,0,36951,4989,0.08252878514883745,0.08,1541636,1v5
HongZhang_c1_c1356,1,383,958,0.08799866547683402,0.08,1541636,1v5
HongZhang_c1_c1356,1,47050,87039,0.08386991050782995,0.08,1541636,1v5
HongZhang_c1_c1356,1,3444,41695,0.0847030923880055,0.08,1541636,1v5
HongZhang_c1_c1356,1,55360,83273,0.08141055474414444,0.08,1541636,1v5
HongZhang_c1_c1356,1,59465,88934,0.08275151543709582,0.08,1541636,1v5
HongZhang_c1_c1356,0,36951,5034,0.10287458525830455,0.1,1541637,1v5
HongZhang_c1_c1356,1,39531,80390,0.10576113668852051,0.1,1541637,1v5
HongZhang_c1_c1356,1,508,1648,0.1028052682295696,0.1,1541637,1v5
HongZhang_c1_c1356,1,57221,75314,0.10696006120206089,0.1,1541637,1v5
HongZhang_c1_c1356,1,35516,65783,0.10832122081210573,0.1,1541637,1v5
HongZhang_c1_c1356,1,62852,70310,0.1022488024506419,0.1,1541637,1v5
HongZhang_c1_c1356,0,36951,5363,0.10771360483517908,0.1,1541638,1v5
HongZhang_c1_c1356,1,39531,80390,0.10576113668852051,0.1,1541638,1v5
HongZhang_c1_c1356,1,508,1648,0.1028052682295696,0.1,1541638,1v5
HongZhang_c1_c1356,1,57221,75314,0.10696006120206089,0.1,1541638,1v5
HongZhang_c1_c1356,1,35516,65783,0.10832122081210573,0.1,1541638,1v5
HongZhang_c1_c1356,1,62852,70310,0.1022488024506419,0.1,1541638,1v5
HongZhang_c1_c1356,0,37657,5363,0.09047487125598229,0.09,1544101,1v5
HongZhang_c1_c1356,1,59525,83434,0.09128751885820173,0.09,1544101,1v5
HongZhang_c1_c1356,1,4339,78673,0.09538909530242277,0.09,1544101,1v5
HongZhang_c1_c1356,1,38080,49640,0.09244140848241535,0.09,1544101,1v5
HongZhang_c1_c1356,1,3444,73487,0.09742060676176045,0.09,1544101,1v5
HongZhang_c1_c1356,1,272,480,0.09165393834517895,0.09,1544101,1v5
HongZhang_c1_c1356,0,37794,20239,0.06513886670978881,0.06,1544776,1v5
HongZhang_c1_c1356,1,72699,76954,0.060919823349105694,0.06,1544776,1v5
HongZhang_c1_c1356,1,37664,52412,0.06050052903474484,0.06,1544776,1v5
HongZhang_c1_c1356,1,5174,6034,0.06556853649446535,0.06,1544776,1v5
HongZhang_c1_c1356,1,4919,22773,0.06181838235168419,0.06,1544776,1v5
HongZhang_c1_c1356,1,4390,26316,0.06060884603113726,0.06,1544776,1v5
HongZhang_c1_c1356,0,37794,23358,0.05726997463765216,0.05,1544777,1v5
HongZhang_c1_c1356,1,4890,30297,0.05704270099984431,0.05,1544777,1v5
HongZhang_c1_c1356,1,66815,79325,0.05155162346335478,0.05,1544777,1v5
HongZhang_c1_c1356,1,44128,84735,0.05587291650482354,0.05,1544777,1v5
HongZhang_c1_c1356,1,3966,4107,0.05222143306854319,0.05,1544777,1v5
HongZhang_c1_c1356,1,44764,46372,0.05619642577300022,0.05,1544777,1v5
HongZhang_c1_c1356,0,37794,23359,0.05821034540741114,0.05,1544778,1v5
HongZhang_c1_c1356,1,4890,30297,0.05704270099984431,0.05,1544778,1v5
HongZhang_c1_c1356,1,66815,79325,0.05155162346335478,0.05,1544778,1v5
HongZhang_c1_c1356,1,44128,84735,0.05587291650482354,0.05,1544778,1v5
HongZhang_c1_c1356,1,3966,4107,0.05222143306854319,0.05,1544778,1v5
HongZhang_c1_c1356,1,44764,46372,0.05619642577300022,0.05,1544778,1v5
HongZhang_c1_c1356,0,37794,25707,0.06923558796101309,0.06,1544779,1v5
HongZhang_c1_c1356,1,72699,76954,0.060919823349105694,0.06,1544779,1v5
HongZhang_c1_c1356,1,37664,52412,0.06050052903474484,0.06,1544779,1v5
HongZhang_c1_c1356,1,5174,6034,0.06556853649446535,0.06,1544779,1v5
HongZhang_c1_c1356,1,4919,22773,0.06181838235168419,0.06,1544779,1v5
HongZhang_c1_c1356,1,4390,26316,0.06060884603113726,0.06,1544779,1v5
HongZhang_c1_c1356,0,37794,26061,0.048132791083981975,0.04,1544780,1v5
HongZhang_c1_c1356,1,68727,77096,0.047950012311556024,0.04,1544780,1v5
HongZhang_c1_c1356,1,46201,46650,0.04415133216856813,0.04,1544780,1v5
HongZhang_c1_c1356,1,65918,65960,0.049541770448425275,0.04,1544780,1v5
HongZhang_c1_c1356,1,78490,79833,0.04083814540413632,0.04,1544780,1v5
HongZhang_c1_c1356,1,641,5728,0.047779900087701485,0.04,1544780,1v5
HongZhang_c1_c1356,0,37794,26990,0.06978822719446261,0.06,1544781,1v5
HongZhang_c1_c1356,1,72699,76954,0.060919823349105694,0.06,1544781,1v5
HongZhang_c1_c1356,1,37664,52412,0.06050052903474484,0.06,1544781,1v5
HongZhang_c1_c1356,1,5174,6034,0.06556853649446535,0.06,1544781,1v5
HongZhang_c1_c1356,1,4919,22773,0.06181838235168419,0.06,1544781,1v5
HongZhang_c1_c1356,1,4390,26316,0.06060884603113726,0.06,1544781,1v5
HongZhang_c1_c1356,0,37794,29444,0.07436552241971656,0.07,1544782,1v5
HongZhang_c1_c1356,1,19458,89116,0.07623868545464864,0.07,1544782,1v5
HongZhang_c1_c1356,1,2539,68764,0.07647752251669863,0.07,1544782,1v5
HongZhang_c1_c1356,1,18444,44868,0.07072293149375855,0.07,1544782,1v5
HongZhang_c1_c1356,1,4758,4912,0.07288583880375515,0.07,1544782,1v5
HongZhang_c1_c1356,1,14,754,0.0784949141951763,0.07,1544782,1v5
HongZhang_c1_c1356,0,37794,30703,0.06543680213701765,0.06,1544783,1v5
HongZhang_c1_c1356,1,72699,76954,0.060919823349105694,0.06,1544783,1v5
HongZhang_c1_c1356,1,37664,52412,0.06050052903474484,0.06,1544783,1v5
HongZhang_c1_c1356,1,5174,6034,0.06556853649446535,0.06,1544783,1v5
HongZhang_c1_c1356,1,4919,22773,0.06181838235168419,0.06,1544783,1v5
HongZhang_c1_c1356,1,4390,26316,0.06060884603113726,0.06,1544783,1v5
HongZhang_c1_c1356,0,37794,31947,0.05773066785483416,0.05,1544784,1v5
HongZhang_c1_c1356,1,4890,30297,0.05704270099984431,0.05,1544784,1v5
HongZhang_c1_c1356,1,66815,79325,0.05155162346335478,0.05,1544784,1v5
HongZhang_c1_c1356,1,44128,84735,0.05587291650482354,0.05,1544784,1v5
HongZhang_c1_c1356,1,3966,4107,0.05222143306854319,0.05,1544784,1v5
HongZhang_c1_c1356,1,44764,46372,0.05619642577300022,0.05,1544784,1v5
HongZhang_c1_c1356,0,37794,35872,0.06078994772865451,0.06,1544785,1v5
HongZhang_c1_c1356,1,72699,76954,0.060919823349105694,0.06,1544785,1v5
HongZhang_c1_c1356,1,37664,52412,0.06050052903474484,0.06,1544785,1v5
HongZhang_c1_c1356,1,5174,6034,0.06556853649446535,0.06,1544785,1v5
HongZhang_c1_c1356,1,4919,22773,0.06181838235168419,0.06,1544785,1v5
HongZhang_c1_c1356,1,4390,26316,0.06060884603113726,0.06,1544785,1v5
HongZhang_c1_c1356,0,37794,37871,0.06476963311024805,0.06,1544786,1v5
HongZhang_c1_c1356,1,72699,76954,0.060919823349105694,0.06,1544786,1v5
HongZhang_c1_c1356,1,37664,52412,0.06050052903474484,0.06,1544786,1v5
HongZhang_c1_c1356,1,5174,6034,0.06556853649446535,0.06,1544786,1v5
HongZhang_c1_c1356,1,4919,22773,0.06181838235168419,0.06,1544786,1v5
HongZhang_c1_c1356,1,4390,26316,0.06060884603113726,0.06,1544786,1v5
HongZhang_c1_c1356,0,37794,38844,0.07493861580155481,0.07,1544787,1v5
HongZhang_c1_c1356,1,19458,89116,0.07623868545464864,0.07,1544787,1v5
HongZhang_c1_c1356,1,2539,68764,0.07647752251669863,0.07,1544787,1v5
HongZhang_c1_c1356,1,18444,44868,0.07072293149375855,0.07,1544787,1v5
HongZhang_c1_c1356,1,4758,4912,0.07288583880375515,0.07,1544787,1v5
HongZhang_c1_c1356,1,14,754,0.0784949141951763,0.07,1544787,1v5
HongZhang_c1_c1356,0,37794,47745,0.061296357091395956,0.06,1544788,1v5
HongZhang_c1_c1356,1,72699,76954,0.060919823349105694,0.06,1544788,1v5
HongZhang_c1_c1356,1,37664,52412,0.06050052903474484,0.06,1544788,1v5
HongZhang_c1_c1356,1,5174,6034,0.06556853649446535,0.06,1544788,1v5
HongZhang_c1_c1356,1,4919,22773,0.06181838235168419,0.06,1544788,1v5
HongZhang_c1_c1356,1,4390,26316,0.06060884603113726,0.06,1544788,1v5
HongZhang_c1_c1356,0,37794,66423,0.07018560786404383,0.07,1544789,1v5
HongZhang_c1_c1356,1,19458,89116,0.07623868545464864,0.07,1544789,1v5
HongZhang_c1_c1356,1,2539,68764,0.07647752251669863,0.07,1544789,1v5
HongZhang_c1_c1356,1,18444,44868,0.07072293149375855,0.07,1544789,1v5
HongZhang_c1_c1356,1,4758,4912,0.07288583880375515,0.07,1544789,1v5
HongZhang_c1_c1356,1,14,754,0.0784949141951763,0.07,1544789,1v5
HongZhang_c1_c1356,0,37794,72509,0.048389902846908694,0.04,1544790,1v5
HongZhang_c1_c1356,1,68727,77096,0.047950012311556024,0.04,1544790,1v5
HongZhang_c1_c1356,1,46201,46650,0.04415133216856813,0.04,1544790,1v5
HongZhang_c1_c1356,1,65918,65960,0.049541770448425275,0.04,1544790,1v5
HongZhang_c1_c1356,1,78490,79833,0.04083814540413632,0.04,1544790,1v5
HongZhang_c1_c1356,1,641,5728,0.047779900087701485,0.04,1544790,1v5
HongZhang_c1_c1356,0,37794,76279,0.0708875364256925,0.07,1544791,1v5
HongZhang_c1_c1356,1,19458,89116,0.07623868545464864,0.07,1544791,1v5
HongZhang_c1_c1356,1,2539,68764,0.07647752251669863,0.07,1544791,1v5
HongZhang_c1_c1356,1,18444,44868,0.07072293149375855,0.07,1544791,1v5
HongZhang_c1_c1356,1,4758,4912,0.07288583880375515,0.07,1544791,1v5
HongZhang_c1_c1356,1,14,754,0.0784949141951763,0.07,1544791,1v5
HongZhang_c1_c1356,0,37794,77748,0.06741201695437228,0.06,1544792,1v5
HongZhang_c1_c1356,1,72699,76954,0.060919823349105694,0.06,1544792,1v5
HongZhang_c1_c1356,1,37664,52412,0.06050052903474484,0.06,1544792,1v5
HongZhang_c1_c1356,1,5174,6034,0.06556853649446535,0.06,1544792,1v5
HongZhang_c1_c1356,1,4919,22773,0.06181838235168419,0.06,1544792,1v5
HongZhang_c1_c1356,1,4390,26316,0.06060884603113726,0.06,1544792,1v5
HongZhang_c1_c1356,0,37794,87437,0.06591824081143102,0.06,1544793,1v5
HongZhang_c1_c1356,1,72699,76954,0.060919823349105694,0.06,1544793,1v5
HongZhang_c1_c1356,1,37664,52412,0.06050052903474484,0.06,1544793,1v5
HongZhang_c1_c1356,1,5174,6034,0.06556853649446535,0.06,1544793,1v5
HongZhang_c1_c1356,1,4919,22773,0.06181838235168419,0.06,1544793,1v5
HongZhang_c1_c1356,1,4390,26316,0.06060884603113726,0.06,1544793,1v5
HongZhang_c1_c1356,0,37794,90254,0.06288807732089073,0.06,1544794,1v5
HongZhang_c1_c1356,1,72699,76954,0.060919823349105694,0.06,1544794,1v5
HongZhang_c1_c1356,1,37664,52412,0.06050052903474484,0.06,1544794,1v5
HongZhang_c1_c1356,1,5174,6034,0.06556853649446535,0.06,1544794,1v5
HongZhang_c1_c1356,1,4919,22773,0.06181838235168419,0.06,1544794,1v5
HongZhang_c1_c1356,1,4390,26316,0.06060884603113726,0.06,1544794,1v5
HongZhang_c1_c1356,0,37915,26324,0.09459604795755518,0.09,1544981,1v5
HongZhang_c1_c1356,1,59525,83434,0.09128751885820173,0.09,1544981,1v5
HongZhang_c1_c1356,1,4339,78673,0.09538909530242277,0.09,1544981,1v5
HongZhang_c1_c1356,1,38080,49640,0.09244140848241535,0.09,1544981,1v5
HongZhang_c1_c1356,1,3444,73487,0.09742060676176045,0.09,1544981,1v5
HongZhang_c1_c1356,1,272,480,0.09165393834517895,0.09,1544981,1v5
HongZhang_c1_c1356,0,37915,27464,0.07804738896227327,0.07,1544982,1v5
HongZhang_c1_c1356,1,19458,89116,0.07623868545464864,0.07,1544982,1v5
HongZhang_c1_c1356,1,2539,68764,0.07647752251669863,0.07,1544982,1v5
HongZhang_c1_c1356,1,18444,44868,0.07072293149375855,0.07,1544982,1v5
HongZhang_c1_c1356,1,4758,4912,0.07288583880375515,0.07,1544982,1v5
HongZhang_c1_c1356,1,14,754,0.0784949141951763,0.07,1544982,1v5
HongZhang_c1_c1356,0,38046,57717,0.07362471578132662,0.07,1545297,1v5
HongZhang_c1_c1356,1,19458,89116,0.07623868545464864,0.07,1545297,1v5
HongZhang_c1_c1356,1,2539,68764,0.07647752251669863,0.07,1545297,1v5
HongZhang_c1_c1356,1,18444,44868,0.07072293149375855,0.07,1545297,1v5
HongZhang_c1_c1356,1,4758,4912,0.07288583880375515,0.07,1545297,1v5
HongZhang_c1_c1356,1,14,754,0.0784949141951763,0.07,1545297,1v5
HongZhang_c1_c1356,0,38864,57717,0.0539693475659539,0.05,1548281,1v5
HongZhang_c1_c1356,1,4890,30297,0.05704270099984431,0.05,1548281,1v5
HongZhang_c1_c1356,1,66815,79325,0.05155162346335478,0.05,1548281,1v5
HongZhang_c1_c1356,1,44128,84735,0.05587291650482354,0.05,1548281,1v5
HongZhang_c1_c1356,1,3966,4107,0.05222143306854319,0.05,1548281,1v5
HongZhang_c1_c1356,1,44764,46372,0.05619642577300022,0.05,1548281,1v5
HongZhang_c1_c1356,0,41078,57717,0.05658484983385454,0.05,1555107,1v5
HongZhang_c1_c1356,1,4890,30297,0.05704270099984431,0.05,1555107,1v5
HongZhang_c1_c1356,1,66815,79325,0.05155162346335478,0.05,1555107,1v5
HongZhang_c1_c1356,1,44128,84735,0.05587291650482354,0.05,1555107,1v5
HongZhang_c1_c1356,1,3966,4107,0.05222143306854319,0.05,1555107,1v5
HongZhang_c1_c1356,1,44764,46372,0.05619642577300022,0.05,1555107,1v5
HongZhang_c1_c1356,0,42062,57717,0.05013039722998836,0.05,1557229,1v5
HongZhang_c1_c1356,1,4890,30297,0.05704270099984431,0.05,1557229,1v5
HongZhang_c1_c1356,1,66815,79325,0.05155162346335478,0.05,1557229,1v5
HongZhang_c1_c1356,1,44128,84735,0.05587291650482354,0.05,1557229,1v5
HongZhang_c1_c1356,1,3966,4107,0.05222143306854319,0.05,1557229,1v5
HongZhang_c1_c1356,1,44764,46372,0.05619642577300022,0.05,1557229,1v5
HongZhang_c1_c1356,0,43138,65031,0.052037008988777986,0.05,1560021,1v5
HongZhang_c1_c1356,1,4890,30297,0.05704270099984431,0.05,1560021,1v5
HongZhang_c1_c1356,1,66815,79325,0.05155162346335478,0.05,1560021,1v5
HongZhang_c1_c1356,1,44128,84735,0.05587291650482354,0.05,1560021,1v5
HongZhang_c1_c1356,1,3966,4107,0.05222143306854319,0.05,1560021,1v5
HongZhang_c1_c1356,1,44764,46372,0.05619642577300022,0.05,1560021,1v5
HongZhang_c1_c1356,0,43218,26075,0.06145732070268467,0.06,1560198,1v5
HongZhang_c1_c1356,1,72699,76954,0.060919823349105694,0.06,1560198,1v5
HongZhang_c1_c1356,1,37664,52412,0.06050052903474484,0.06,1560198,1v5
HongZhang_c1_c1356,1,5174,6034,0.06556853649446535,0.06,1560198,1v5
HongZhang_c1_c1356,1,4919,22773,0.06181838235168419,0.06,1560198,1v5
HongZhang_c1_c1356,1,4390,26316,0.06060884603113726,0.06,1560198,1v5
HongZhang_c1_c1356,0,43218,27102,0.052873390931947026,0.05,1560199,1v5
HongZhang_c1_c1356,1,4890,30297,0.05704270099984431,0.05,1560199,1v5
HongZhang_c1_c1356,1,66815,79325,0.05155162346335478,0.05,1560199,1v5
HongZhang_c1_c1356,1,44128,84735,0.05587291650482354,0.05,1560199,1v5
HongZhang_c1_c1356,1,3966,4107,0.05222143306854319,0.05,1560199,1v5
HongZhang_c1_c1356,1,44764,46372,0.05619642577300022,0.05,1560199,1v5
HongZhang_c1_c1356,0,43218,57566,0.051787028436811725,0.05,1560200,1v5
HongZhang_c1_c1356,1,4890,30297,0.05704270099984431,0.05,1560200,1v5
HongZhang_c1_c1356,1,66815,79325,0.05155162346335478,0.05,1560200,1v5
HongZhang_c1_c1356,1,44128,84735,0.05587291650482354,0.05,1560200,1v5
HongZhang_c1_c1356,1,3966,4107,0.05222143306854319,0.05,1560200,1v5
HongZhang_c1_c1356,1,44764,46372,0.05619642577300022,0.05,1560200,1v5
HongZhang_c1_c1356,0,43218,57717,0.05565758554630761,0.05,1560201,1v5
HongZhang_c1_c1356,1,4890,30297,0.05704270099984431,0.05,1560201,1v5
HongZhang_c1_c1356,1,66815,79325,0.05155162346335478,0.05,1560201,1v5
HongZhang_c1_c1356,1,44128,84735,0.05587291650482354,0.05,1560201,1v5
HongZhang_c1_c1356,1,3966,4107,0.05222143306854319,0.05,1560201,1v5
HongZhang_c1_c1356,1,44764,46372,0.05619642577300022,0.05,1560201,1v5
HongZhang_c1_c1356,0,43827,4989,0.06857311592166654,0.06,1561472,1v5
HongZhang_c1_c1356,1,72699,76954,0.060919823349105694,0.06,1561472,1v5
HongZhang_c1_c1356,1,37664,52412,0.06050052903474484,0.06,1561472,1v5
HongZhang_c1_c1356,1,5174,6034,0.06556853649446535,0.06,1561472,1v5
HongZhang_c1_c1356,1,4919,22773,0.06181838235168419,0.06,1561472,1v5
HongZhang_c1_c1356,1,4390,26316,0.06060884603113726,0.06,1561472,1v5
HongZhang_c1_c1356,0,43827,5034,0.08510503753025851,0.08,1561473,1v5
HongZhang_c1_c1356,1,383,958,0.08799866547683402,0.08,1561473,1v5
HongZhang_c1_c1356,1,47050,87039,0.08386991050782995,0.08,1561473,1v5
HongZhang_c1_c1356,1,3444,41695,0.0847030923880055,0.08,1561473,1v5
HongZhang_c1_c1356,1,55360,83273,0.08141055474414444,0.08,1561473,1v5
HongZhang_c1_c1356,1,59465,88934,0.08275151543709582,0.08,1561473,1v5
HongZhang_c1_c1356,0,43827,5363,0.0970400803566876,0.09,1561474,1v5
HongZhang_c1_c1356,1,59525,83434,0.09128751885820173,0.09,1561474,1v5
HongZhang_c1_c1356,1,4339,78673,0.09538909530242277,0.09,1561474,1v5
HongZhang_c1_c1356,1,38080,49640,0.09244140848241535,0.09,1561474,1v5
HongZhang_c1_c1356,1,3444,73487,0.09742060676176045,0.09,1561474,1v5
HongZhang_c1_c1356,1,272,480,0.09165393834517895,0.09,1561474,1v5
HongZhang_c1_c1356,0,43827,25776,0.10049116677476955,0.1,1561475,1v5
HongZhang_c1_c1356,1,39531,80390,0.10576113668852051,0.1,1561475,1v5
HongZhang_c1_c1356,1,508,1648,0.1028052682295696,0.1,1561475,1v5
HongZhang_c1_c1356,1,57221,75314,0.10696006120206089,0.1,1561475,1v5
HongZhang_c1_c1356,1,35516,65783,0.10832122081210573,0.1,1561475,1v5
HongZhang_c1_c1356,1,62852,70310,0.1022488024506419,0.1,1561475,1v5
HongZhang_c1_c1356,0,44183,21163,0.06065550891712344,0.06,1562649,1v5
HongZhang_c1_c1356,1,72699,76954,0.060919823349105694,0.06,1562649,1v5
HongZhang_c1_c1356,1,37664,52412,0.06050052903474484,0.06,1562649,1v5
HongZhang_c1_c1356,1,5174,6034,0.06556853649446535,0.06,1562649,1v5
HongZhang_c1_c1356,1,4919,22773,0.06181838235168419,0.06,1562649,1v5
HongZhang_c1_c1356,1,4390,26316,0.06060884603113726,0.06,1562649,1v5
HongZhang_c1_c1356,0,44183,26075,0.05251677246405353,0.05,1562650,1v5
HongZhang_c1_c1356,1,4890,30297,0.05704270099984431,0.05,1562650,1v5
HongZhang_c1_c1356,1,66815,79325,0.05155162346335478,0.05,1562650,1v5
HongZhang_c1_c1356,1,44128,84735,0.05587291650482354,0.05,1562650,1v5
HongZhang_c1_c1356,1,3966,4107,0.05222143306854319,0.05,1562650,1v5
HongZhang_c1_c1356,1,44764,46372,0.05619642577300022,0.05,1562650,1v5
HongZhang_c1_c1356,0,44183,27102,0.053102749478237316,0.05,1562651,1v5
HongZhang_c1_c1356,1,4890,30297,0.05704270099984431,0.05,1562651,1v5
HongZhang_c1_c1356,1,66815,79325,0.05155162346335478,0.05,1562651,1v5
HongZhang_c1_c1356,1,44128,84735,0.05587291650482354,0.05,1562651,1v5
HongZhang_c1_c1356,1,3966,4107,0.05222143306854319,0.05,1562651,1v5
HongZhang_c1_c1356,1,44764,46372,0.05619642577300022,0.05,1562651,1v5
HongZhang_c1_c1356,0,44183,57566,0.04638996837096454,0.04,1562652,1v5
HongZhang_c1_c1356,1,68727,77096,0.047950012311556024,0.04,1562652,1v5
HongZhang_c1_c1356,1,46201,46650,0.04415133216856813,0.04,1562652,1v5
HongZhang_c1_c1356,1,65918,65960,0.049541770448425275,0.04,1562652,1v5
HongZhang_c1_c1356,1,78490,79833,0.04083814540413632,0.04,1562652,1v5
HongZhang_c1_c1356,1,641,5728,0.047779900087701485,0.04,1562652,1v5
HongZhang_c1_c1356,0,44183,57661,0.06242145221985716,0.06,1562653,1v5
HongZhang_c1_c1356,1,72699,76954,0.060919823349105694,0.06,1562653,1v5
HongZhang_c1_c1356,1,37664,52412,0.06050052903474484,0.06,1562653,1v5
HongZhang_c1_c1356,1,5174,6034,0.06556853649446535,0.06,1562653,1v5
HongZhang_c1_c1356,1,4919,22773,0.06181838235168419,0.06,1562653,1v5
HongZhang_c1_c1356,1,4390,26316,0.06060884603113726,0.06,1562653,1v5
HongZhang_c1_c1356,0,44183,61236,0.06223099122532456,0.06,1562654,1v5
HongZhang_c1_c1356,1,72699,76954,0.060919823349105694,0.06,1562654,1v5
HongZhang_c1_c1356,1,37664,52412,0.06050052903474484,0.06,1562654,1v5
HongZhang_c1_c1356,1,5174,6034,0.06556853649446535,0.06,1562654,1v5
HongZhang_c1_c1356,1,4919,22773,0.06181838235168419,0.06,1562654,1v5
HongZhang_c1_c1356,1,4390,26316,0.06060884603113726,0.06,1562654,1v5
HongZhang_c1_c1356,0,44183,62582,0.06191344894730679,0.06,1562655,1v5
HongZhang_c1_c1356,1,72699,76954,0.060919823349105694,0.06,1562655,1v5
HongZhang_c1_c1356,1,37664,52412,0.06050052903474484,0.06,1562655,1v5
HongZhang_c1_c1356,1,5174,6034,0.06556853649446535,0.06,1562655,1v5
HongZhang_c1_c1356,1,4919,22773,0.06181838235168419,0.06,1562655,1v5
HongZhang_c1_c1356,1,4390,26316,0.06060884603113726,0.06,1562655,1v5
HongZhang_c1_c1356,0,44183,65044,0.06063503620142573,0.06,1562656,1v5
HongZhang_c1_c1356,1,72699,76954,0.060919823349105694,0.06,1562656,1v5
HongZhang_c1_c1356,1,37664,52412,0.06050052903474484,0.06,1562656,1v5
HongZhang_c1_c1356,1,5174,6034,0.06556853649446535,0.06,1562656,1v5
HongZhang_c1_c1356,1,4919,22773,0.06181838235168419,0.06,1562656,1v5
HongZhang_c1_c1356,1,4390,26316,0.06060884603113726,0.06,1562656,1v5
HongZhang_c1_c1356,0,44183,79429,0.053382811282041163,0.05,1562657,1v5
HongZhang_c1_c1356,1,4890,30297,0.05704270099984431,0.05,1562657,1v5
HongZhang_c1_c1356,1,66815,79325,0.05155162346335478,0.05,1562657,1v5
HongZhang_c1_c1356,1,44128,84735,0.05587291650482354,0.05,1562657,1v5
HongZhang_c1_c1356,1,3966,4107,0.05222143306854319,0.05,1562657,1v5
HongZhang_c1_c1356,1,44764,46372,0.05619642577300022,0.05,1562657,1v5
HongZhang_c1_c1356,0,44183,83133,0.05934616725660471,0.05,1562658,1v5
HongZhang_c1_c1356,1,4890,30297,0.05704270099984431,0.05,1562658,1v5
HongZhang_c1_c1356,1,66815,79325,0.05155162346335478,0.05,1562658,1v5
HongZhang_c1_c1356,1,44128,84735,0.05587291650482354,0.05,1562658,1v5
HongZhang_c1_c1356,1,3966,4107,0.05222143306854319,0.05,1562658,1v5
HongZhang_c1_c1356,1,44764,46372,0.05619642577300022,0.05,1562658,1v5
HongZhang_c1_c1356,0,45759,4989,0.08622414043160456,0.08,1566777,1v5
HongZhang_c1_c1356,1,383,958,0.08799866547683402,0.08,1566777,1v5
HongZhang_c1_c1356,1,47050,87039,0.08386991050782995,0.08,1566777,1v5
HongZhang_c1_c1356,1,3444,41695,0.0847030923880055,0.08,1566777,1v5
HongZhang_c1_c1356,1,55360,83273,0.08141055474414444,0.08,1566777,1v5
HongZhang_c1_c1356,1,59465,88934,0.08275151543709582,0.08,1566777,1v5
HongZhang_c1_c1356,0,46001,5034,0.09915889872465551,0.09,1567633,1v5
HongZhang_c1_c1356,1,59525,83434,0.09128751885820173,0.09,1567633,1v5
HongZhang_c1_c1356,1,4339,78673,0.09538909530242277,0.09,1567633,1v5
HongZhang_c1_c1356,1,38080,49640,0.09244140848241535,0.09,1567633,1v5
HongZhang_c1_c1356,1,3444,73487,0.09742060676176045,0.09,1567633,1v5
HongZhang_c1_c1356,1,272,480,0.09165393834517895,0.09,1567633,1v5
HongZhang_c1_c1356,0,46001,25776,0.10750872116653888,0.1,1567634,1v5
HongZhang_c1_c1356,1,39531,80390,0.10576113668852051,0.1,1567634,1v5
HongZhang_c1_c1356,1,508,1648,0.1028052682295696,0.1,1567634,1v5
HongZhang_c1_c1356,1,57221,75314,0.10696006120206089,0.1,1567634,1v5
HongZhang_c1_c1356,1,35516,65783,0.10832122081210573,0.1,1567634,1v5
HongZhang_c1_c1356,1,62852,70310,0.1022488024506419,0.1,1567634,1v5
HongZhang_c1_c1356,0,46130,5034,0.09812773240723342,0.09,1568048,1v5
HongZhang_c1_c1356,1,59525,83434,0.09128751885820173,0.09,1568048,1v5
HongZhang_c1_c1356,1,4339,78673,0.09538909530242277,0.09,1568048,1v5
HongZhang_c1_c1356,1,38080,49640,0.09244140848241535,0.09,1568048,1v5
HongZhang_c1_c1356,1,3444,73487,0.09742060676176045,0.09,1568048,1v5
HongZhang_c1_c1356,1,272,480,0.09165393834517895,0.09,1568048,1v5
HongZhang_c1_c1356,0,46130,25776,0.10786330681975756,0.1,1568049,1v5
HongZhang_c1_c1356,1,39531,80390,0.10576113668852051,0.1,1568049,1v5
HongZhang_c1_c1356,1,508,1648,0.1028052682295696,0.1,1568049,1v5
HongZhang_c1_c1356,1,57221,75314,0.10696006120206089,0.1,1568049,1v5
HongZhang_c1_c1356,1,35516,65783,0.10832122081210573,0.1,1568049,1v5
HongZhang_c1_c1356,1,62852,70310,0.1022488024506419,0.1,1568049,1v5
HongZhang_c1_c1356,0,46706,25776,0.11023444948245291,0.11,1569467,1v5
HongZhang_c1_c1356,1,41282,81386,0.11988138587919604,0.11,1569467,1v5
HongZhang_c1_c1356,1,33103,38457,0.11549427810461008,0.11,1569467,1v5
HongZhang_c1_c1356,1,19104,72690,0.11138195314836875,0.11,1569467,1v5
HongZhang_c1_c1356,1,934,88505,0.11359824625277963,0.11,1569467,1v5
HongZhang_c1_c1356,1,2797,73924,0.1123441921501226,0.11,1569467,1v5
HongZhang_c1_c1356,0,47567,25776,0.10893586381313315,0.1,1572427,1v5
HongZhang_c1_c1356,1,39531,80390,0.10576113668852051,0.1,1572427,1v5
HongZhang_c1_c1356,1,508,1648,0.1028052682295696,0.1,1572427,1v5
HongZhang_c1_c1356,1,57221,75314,0.10696006120206089,0.1,1572427,1v5
HongZhang_c1_c1356,1,35516,65783,0.10832122081210573,0.1,1572427,1v5
HongZhang_c1_c1356,1,62852,70310,0.1022488024506419,0.1,1572427,1v5
HongZhang_c1_c1356,0,47567,28241,0.10644686377011275,0.1,1572428,1v5
HongZhang_c1_c1356,1,39531,80390,0.10576113668852051,0.1,1572428,1v5
HongZhang_c1_c1356,1,508,1648,0.1028052682295696,0.1,1572428,1v5
HongZhang_c1_c1356,1,57221,75314,0.10696006120206089,0.1,1572428,1v5
HongZhang_c1_c1356,1,35516,65783,0.10832122081210573,0.1,1572428,1v5
HongZhang_c1_c1356,1,62852,70310,0.1022488024506419,0.1,1572428,1v5
HongZhang_c1_c1356,0,48639,57717,0.0502431423451427,0.05,1575548,1v5
HongZhang_c1_c1356,1,4890,30297,0.05704270099984431,0.05,1575548,1v5
HongZhang_c1_c1356,1,66815,79325,0.05155162346335478,0.05,1575548,1v5
HongZhang_c1_c1356,1,44128,84735,0.05587291650482354,0.05,1575548,1v5
HongZhang_c1_c1356,1,3966,4107,0.05222143306854319,0.05,1575548,1v5
HongZhang_c1_c1356,1,44764,46372,0.05619642577300022,0.05,1575548,1v5
HongZhang_c1_c1356,0,48785,4989,0.09894032605287592,0.09,1575843,1v5
HongZhang_c1_c1356,1,59525,83434,0.09128751885820173,0.09,1575843,1v5
HongZhang_c1_c1356,1,4339,78673,0.09538909530242277,0.09,1575843,1v5
HongZhang_c1_c1356,1,38080,49640,0.09244140848241535,0.09,1575843,1v5
HongZhang_c1_c1356,1,3444,73487,0.09742060676176045,0.09,1575843,1v5
HongZhang_c1_c1356,1,272,480,0.09165393834517895,0.09,1575843,1v5
HongZhang_c1_c1356,0,48785,5034,0.09072497848506714,0.09,1575844,1v5
HongZhang_c1_c1356,1,59525,83434,0.09128751885820173,0.09,1575844,1v5
HongZhang_c1_c1356,1,4339,78673,0.09538909530242277,0.09,1575844,1v5
HongZhang_c1_c1356,1,38080,49640,0.09244140848241535,0.09,1575844,1v5
HongZhang_c1_c1356,1,3444,73487,0.09742060676176045,0.09,1575844,1v5
HongZhang_c1_c1356,1,272,480,0.09165393834517895,0.09,1575844,1v5
HongZhang_c1_c1356,0,48785,5363,0.09446249096645362,0.09,1575845,1v5
HongZhang_c1_c1356,1,59525,83434,0.09128751885820173,0.09,1575845,1v5
HongZhang_c1_c1356,1,4339,78673,0.09538909530242277,0.09,1575845,1v5
HongZhang_c1_c1356,1,38080,49640,0.09244140848241535,0.09,1575845,1v5
HongZhang_c1_c1356,1,3444,73487,0.09742060676176045,0.09,1575845,1v5
HongZhang_c1_c1356,1,272,480,0.09165393834517895,0.09,1575845,1v5
HongZhang_c1_c1356,0,48785,25776,0.10082559079227403,0.1,1575846,1v5
HongZhang_c1_c1356,1,39531,80390,0.10576113668852051,0.1,1575846,1v5
HongZhang_c1_c1356,1,508,1648,0.1028052682295696,0.1,1575846,1v5
HongZhang_c1_c1356,1,57221,75314,0.10696006120206089,0.1,1575846,1v5
HongZhang_c1_c1356,1,35516,65783,0.10832122081210573,0.1,1575846,1v5
HongZhang_c1_c1356,1,62852,70310,0.1022488024506419,0.1,1575846,1v5
HongZhang_c1_c1356,0,49931,22391,0.05094634778904009,0.05,1579222,1v5
HongZhang_c1_c1356,1,4890,30297,0.05704270099984431,0.05,1579222,1v5
HongZhang_c1_c1356,1,66815,79325,0.05155162346335478,0.05,1579222,1v5
HongZhang_c1_c1356,1,44128,84735,0.05587291650482354,0.05,1579222,1v5
HongZhang_c1_c1356,1,3966,4107,0.05222143306854319,0.05,1579222,1v5
HongZhang_c1_c1356,1,44764,46372,0.05619642577300022,0.05,1579222,1v5
HongZhang_c1_c1356,0,49931,26075,0.05822631372804046,0.05,1579223,1v5
HongZhang_c1_c1356,1,4890,30297,0.05704270099984431,0.05,1579223,1v5
HongZhang_c1_c1356,1,66815,79325,0.05155162346335478,0.05,1579223,1v5
HongZhang_c1_c1356,1,44128,84735,0.05587291650482354,0.05,1579223,1v5
HongZhang_c1_c1356,1,3966,4107,0.05222143306854319,0.05,1579223,1v5
HongZhang_c1_c1356,1,44764,46372,0.05619642577300022,0.05,1579223,1v5
HongZhang_c1_c1356,0,49931,27102,0.05245394929220026,0.05,1579224,1v5
HongZhang_c1_c1356,1,4890,30297,0.05704270099984431,0.05,1579224,1v5
HongZhang_c1_c1356,1,66815,79325,0.05155162346335478,0.05,1579224,1v5
HongZhang_c1_c1356,1,44128,84735,0.05587291650482354,0.05,1579224,1v5
HongZhang_c1_c1356,1,3966,4107,0.05222143306854319,0.05,1579224,1v5
HongZhang_c1_c1356,1,44764,46372,0.05619642577300022,0.05,1579224,1v5
HongZhang_c1_c1356,0,49931,33514,0.05510605544031796,0.05,1579225,1v5
HongZhang_c1_c1356,1,4890,30297,0.05704270099984431,0.05,1579225,1v5
HongZhang_c1_c1356,1,66815,79325,0.05155162346335478,0.05,1579225,1v5
HongZhang_c1_c1356,1,44128,84735,0.05587291650482354,0.05,1579225,1v5
HongZhang_c1_c1356,1,3966,4107,0.05222143306854319,0.05,1579225,1v5
HongZhang_c1_c1356,1,44764,46372,0.05619642577300022,0.05,1579225,1v5
HongZhang_c1_c1356,0,49931,41193,0.04979555737679622,0.04,1579226,1v5
HongZhang_c1_c1356,1,68727,77096,0.047950012311556024,0.04,1579226,1v5
HongZhang_c1_c1356,1,46201,46650,0.04415133216856813,0.04,1579226,1v5
HongZhang_c1_c1356,1,65918,65960,0.049541770448425275,0.04,1579226,1v5
HongZhang_c1_c1356,1,78490,79833,0.04083814540413632,0.04,1579226,1v5
HongZhang_c1_c1356,1,641,5728,0.047779900087701485,0.04,1579226,1v5
HongZhang_c1_c1356,0,49931,45130,0.051061204750456037,0.05,1579227,1v5
HongZhang_c1_c1356,1,4890,30297,0.05704270099984431,0.05,1579227,1v5
HongZhang_c1_c1356,1,66815,79325,0.05155162346335478,0.05,1579227,1v5
HongZhang_c1_c1356,1,44128,84735,0.05587291650482354,0.05,1579227,1v5
HongZhang_c1_c1356,1,3966,4107,0.05222143306854319,0.05,1579227,1v5
HongZhang_c1_c1356,1,44764,46372,0.05619642577300022,0.05,1579227,1v5
HongZhang_c1_c1356,0,49931,57566,0.053725870432768934,0.05,1579228,1v5
HongZhang_c1_c1356,1,4890,30297,0.05704270099984431,0.05,1579228,1v5
HongZhang_c1_c1356,1,66815,79325,0.05155162346335478,0.05,1579228,1v5
HongZhang_c1_c1356,1,44128,84735,0.05587291650482354,0.05,1579228,1v5
HongZhang_c1_c1356,1,3966,4107,0.05222143306854319,0.05,1579228,1v5
HongZhang_c1_c1356,1,44764,46372,0.05619642577300022,0.05,1579228,1v5
HongZhang_c1_c1356,0,49931,57717,0.05568474479910217,0.05,1579229,1v5
HongZhang_c1_c1356,1,4890,30297,0.05704270099984431,0.05,1579229,1v5
HongZhang_c1_c1356,1,66815,79325,0.05155162346335478,0.05,1579229,1v5
HongZhang_c1_c1356,1,44128,84735,0.05587291650482354,0.05,1579229,1v5
HongZhang_c1_c1356,1,3966,4107,0.05222143306854319,0.05,1579229,1v5
HongZhang_c1_c1356,1,44764,46372,0.05619642577300022,0.05,1579229,1v5
HongZhang_c1_c1356,0,49931,65031,0.05426402359845473,0.05,1579230,1v5
HongZhang_c1_c1356,1,4890,30297,0.05704270099984431,0.05,1579230,1v5
HongZhang_c1_c1356,1,66815,79325,0.05155162346335478,0.05,1579230,1v5
HongZhang_c1_c1356,1,44128,84735,0.05587291650482354,0.05,1579230,1v5
HongZhang_c1_c1356,1,3966,4107,0.05222143306854319,0.05,1579230,1v5
HongZhang_c1_c1356,1,44764,46372,0.05619642577300022,0.05,1579230,1v5
HongZhang_c1_c1356,0,49931,65044,0.06109524000795731,0.06,1579231,1v5
HongZhang_c1_c1356,1,72699,76954,0.060919823349105694,0.06,1579231,1v5
HongZhang_c1_c1356,1,37664,52412,0.06050052903474484,0.06,1579231,1v5
HongZhang_c1_c1356,1,5174,6034,0.06556853649446535,0.06,1579231,1v5
HongZhang_c1_c1356,1,4919,22773,0.06181838235168419,0.06,1579231,1v5
HongZhang_c1_c1356,1,4390,26316,0.06060884603113726,0.06,1579231,1v5
HongZhang_c1_c1356,0,49931,72070,0.05659424191078935,0.05,1579232,1v5
HongZhang_c1_c1356,1,4890,30297,0.05704270099984431,0.05,1579232,1v5
HongZhang_c1_c1356,1,66815,79325,0.05155162346335478,0.05,1579232,1v5
HongZhang_c1_c1356,1,44128,84735,0.05587291650482354,0.05,1579232,1v5
HongZhang_c1_c1356,1,3966,4107,0.05222143306854319,0.05,1579232,1v5
HongZhang_c1_c1356,1,44764,46372,0.05619642577300022,0.05,1579232,1v5
HongZhang_c1_c1356,0,49931,79429,0.06180309563577341,0.06,1579233,1v5
HongZhang_c1_c1356,1,72699,76954,0.060919823349105694,0.06,1579233,1v5
HongZhang_c1_c1356,1,37664,52412,0.06050052903474484,0.06,1579233,1v5
HongZhang_c1_c1356,1,5174,6034,0.06556853649446535,0.06,1579233,1v5
HongZhang_c1_c1356,1,4919,22773,0.06181838235168419,0.06,1579233,1v5
HongZhang_c1_c1356,1,4390,26316,0.06060884603113726,0.06,1579233,1v5
HongZhang_c1_c1356,0,49931,83133,0.06398473724630972,0.06,1579234,1v5
HongZhang_c1_c1356,1,72699,76954,0.060919823349105694,0.06,1579234,1v5
HongZhang_c1_c1356,1,37664,52412,0.06050052903474484,0.06,1579234,1v5
HongZhang_c1_c1356,1,5174,6034,0.06556853649446535,0.06,1579234,1v5
HongZhang_c1_c1356,1,4919,22773,0.06181838235168419,0.06,1579234,1v5
HongZhang_c1_c1356,1,4390,26316,0.06060884603113726,0.06,1579234,1v5
HongZhang_c1_c1356,0,50012,57717,0.053687869634846494,0.05,1579450,1v5
HongZhang_c1_c1356,1,4890,30297,0.05704270099984431,0.05,1579450,1v5
HongZhang_c1_c1356,1,66815,79325,0.05155162346335478,0.05,1579450,1v5
HongZhang_c1_c1356,1,44128,84735,0.05587291650482354,0.05,1579450,1v5
HongZhang_c1_c1356,1,3966,4107,0.05222143306854319,0.05,1579450,1v5
HongZhang_c1_c1356,1,44764,46372,0.05619642577300022,0.05,1579450,1v5
HongZhang_c1_c1356,0,52463,22391,0.05345078085176447,0.05,1585544,1v5
HongZhang_c1_c1356,1,4890,30297,0.05704270099984431,0.05,1585544,1v5
HongZhang_c1_c1356,1,66815,79325,0.05155162346335478,0.05,1585544,1v5
HongZhang_c1_c1356,1,44128,84735,0.05587291650482354,0.05,1585544,1v5
HongZhang_c1_c1356,1,3966,4107,0.05222143306854319,0.05,1585544,1v5
HongZhang_c1_c1356,1,44764,46372,0.05619642577300022,0.05,1585544,1v5
HongZhang_c1_c1356,0,52463,41193,0.05079665419163507,0.05,1585545,1v5
HongZhang_c1_c1356,1,4890,30297,0.05704270099984431,0.05,1585545,1v5
HongZhang_c1_c1356,1,66815,79325,0.05155162346335478,0.05,1585545,1v5
HongZhang_c1_c1356,1,44128,84735,0.05587291650482354,0.05,1585545,1v5
HongZhang_c1_c1356,1,3966,4107,0.05222143306854319,0.05,1585545,1v5
HongZhang_c1_c1356,1,44764,46372,0.05619642577300022,0.05,1585545,1v5
HongZhang_c1_c1356,0,52463,45130,0.054022151619331514,0.05,1585546,1v5
HongZhang_c1_c1356,1,4890,30297,0.05704270099984431,0.05,1585546,1v5
HongZhang_c1_c1356,1,66815,79325,0.05155162346335478,0.05,1585546,1v5
HongZhang_c1_c1356,1,44128,84735,0.05587291650482354,0.05,1585546,1v5
HongZhang_c1_c1356,1,3966,4107,0.05222143306854319,0.05,1585546,1v5
HongZhang_c1_c1356,1,44764,46372,0.05619642577300022,0.05,1585546,1v5
HongZhang_c1_c1356,0,52463,57717,0.056616390030638196,0.05,1585547,1v5
HongZhang_c1_c1356,1,4890,30297,0.05704270099984431,0.05,1585547,1v5
HongZhang_c1_c1356,1,66815,79325,0.05155162346335478,0.05,1585547,1v5
HongZhang_c1_c1356,1,44128,84735,0.05587291650482354,0.05,1585547,1v5
HongZhang_c1_c1356,1,3966,4107,0.05222143306854319,0.05,1585547,1v5
HongZhang_c1_c1356,1,44764,46372,0.05619642577300022,0.05,1585547,1v5
HongZhang_c1_c1356,0,52586,4989,0.10073938612116726,0.1,1585671,1v5
HongZhang_c1_c1356,1,39531,80390,0.10576113668852051,0.1,1585671,1v5
HongZhang_c1_c1356,1,508,1648,0.1028052682295696,0.1,1585671,1v5
HongZhang_c1_c1356,1,57221,75314,0.10696006120206089,0.1,1585671,1v5
HongZhang_c1_c1356,1,35516,65783,0.10832122081210573,0.1,1585671,1v5
HongZhang_c1_c1356,1,62852,70310,0.1022488024506419,0.1,1585671,1v5
HongZhang_c1_c1356,0,52586,5034,0.08414392032965869,0.08,1585672,1v5
HongZhang_c1_c1356,1,383,958,0.08799866547683402,0.08,1585672,1v5
HongZhang_c1_c1356,1,47050,87039,0.08386991050782995,0.08,1585672,1v5
HongZhang_c1_c1356,1,3444,41695,0.0847030923880055,0.08,1585672,1v5
HongZhang_c1_c1356,1,55360,83273,0.08141055474414444,0.08,1585672,1v5
HongZhang_c1_c1356,1,59465,88934,0.08275151543709582,0.08,1585672,1v5
HongZhang_c1_c1356,0,52586,5363,0.09296603572807963,0.09,1585673,1v5
HongZhang_c1_c1356,1,59525,83434,0.09128751885820173,0.09,1585673,1v5
HongZhang_c1_c1356,1,4339,78673,0.09538909530242277,0.09,1585673,1v5
HongZhang_c1_c1356,1,38080,49640,0.09244140848241535,0.09,1585673,1v5
HongZhang_c1_c1356,1,3444,73487,0.09742060676176045,0.09,1585673,1v5
HongZhang_c1_c1356,1,272,480,0.09165393834517895,0.09,1585673,1v5
HongZhang_c1_c1356,0,52586,25776,0.0889417811801216,0.08,1585674,1v5
HongZhang_c1_c1356,1,383,958,0.08799866547683402,0.08,1585674,1v5
HongZhang_c1_c1356,1,47050,87039,0.08386991050782995,0.08,1585674,1v5
HongZhang_c1_c1356,1,3444,41695,0.0847030923880055,0.08,1585674,1v5
HongZhang_c1_c1356,1,55360,83273,0.08141055474414444,0.08,1585674,1v5
HongZhang_c1_c1356,1,59465,88934,0.08275151543709582,0.08,1585674,1v5
HongZhang_c1_c1356,0,52586,28241,0.09072421719280443,0.09,1585675,1v5
HongZhang_c1_c1356,1,59525,83434,0.09128751885820173,0.09,1585675,1v5
HongZhang_c1_c1356,1,4339,78673,0.09538909530242277,0.09,1585675,1v5
HongZhang_c1_c1356,1,38080,49640,0.09244140848241535,0.09,1585675,1v5
HongZhang_c1_c1356,1,3444,73487,0.09742060676176045,0.09,1585675,1v5
HongZhang_c1_c1356,1,272,480,0.09165393834517895,0.09,1585675,1v5
HongZhang_c1_c1356,0,52586,31996,0.10614785918419876,0.1,1585676,1v5
HongZhang_c1_c1356,1,39531,80390,0.10576113668852051,0.1,1585676,1v5
HongZhang_c1_c1356,1,508,1648,0.1028052682295696,0.1,1585676,1v5
HongZhang_c1_c1356,1,57221,75314,0.10696006120206089,0.1,1585676,1v5
HongZhang_c1_c1356,1,35516,65783,0.10832122081210573,0.1,1585676,1v5
HongZhang_c1_c1356,1,62852,70310,0.1022488024506419,0.1,1585676,1v5
HongZhang_c1_c1356,0,52586,37758,0.10387932295948282,0.1,1585677,1v5
HongZhang_c1_c1356,1,39531,80390,0.10576113668852051,0.1,1585677,1v5
HongZhang_c1_c1356,1,508,1648,0.1028052682295696,0.1,1585677,1v5
HongZhang_c1_c1356,1,57221,75314,0.10696006120206089,0.1,1585677,1v5
HongZhang_c1_c1356,1,35516,65783,0.10832122081210573,0.1,1585677,1v5
HongZhang_c1_c1356,1,62852,70310,0.1022488024506419,0.1,1585677,1v5
HongZhang_c1_c1356,0,52749,26324,0.09362562610768177,0.09,1586104,1v5
HongZhang_c1_c1356,1,59525,83434,0.09128751885820173,0.09,1586104,1v5
HongZhang_c1_c1356,1,4339,78673,0.09538909530242277,0.09,1586104,1v5
HongZhang_c1_c1356,1,38080,49640,0.09244140848241535,0.09,1586104,1v5
HongZhang_c1_c1356,1,3444,73487,0.09742060676176045,0.09,1586104,1v5
HongZhang_c1_c1356,1,272,480,0.09165393834517895,0.09,1586104,1v5
HongZhang_c1_c1356,0,52749,27464,0.07620906747859889,0.07,1586105,1v5
HongZhang_c1_c1356,1,19458,89116,0.07623868545464864,0.07,1586105,1v5
HongZhang_c1_c1356,1,2539,68764,0.07647752251669863,0.07,1586105,1v5
HongZhang_c1_c1356,1,18444,44868,0.07072293149375855,0.07,1586105,1v5
HongZhang_c1_c1356,1,4758,4912,0.07288583880375515,0.07,1586105,1v5
HongZhang_c1_c1356,1,14,754,0.0784949141951763,0.07,1586105,1v5
HongZhang_c1_c1356,0,53823,5034,0.09255648727074747,0.09,1588288,1v5
HongZhang_c1_c1356,1,59525,83434,0.09128751885820173,0.09,1588288,1v5
HongZhang_c1_c1356,1,4339,78673,0.09538909530242277,0.09,1588288,1v5
HongZhang_c1_c1356,1,38080,49640,0.09244140848241535,0.09,1588288,1v5
HongZhang_c1_c1356,1,3444,73487,0.09742060676176045,0.09,1588288,1v5
HongZhang_c1_c1356,1,272,480,0.09165393834517895,0.09,1588288,1v5
HongZhang_c1_c1356,0,53823,25776,0.09855727211839638,0.09,1588289,1v5
HongZhang_c1_c1356,1,59525,83434,0.09128751885820173,0.09,1588289,1v5
HongZhang_c1_c1356,1,4339,78673,0.09538909530242277,0.09,1588289,1v5
HongZhang_c1_c1356,1,38080,49640,0.09244140848241535,0.09,1588289,1v5
HongZhang_c1_c1356,1,3444,73487,0.09742060676176045,0.09,1588289,1v5
HongZhang_c1_c1356,1,272,480,0.09165393834517895,0.09,1588289,1v5
HongZhang_c1_c1356,0,53823,28241,0.10097217022074874,0.1,1588290,1v5
HongZhang_c1_c1356,1,39531,80390,0.10576113668852051,0.1,1588290,1v5
HongZhang_c1_c1356,1,508,1648,0.1028052682295696,0.1,1588290,1v5
HongZhang_c1_c1356,1,57221,75314,0.10696006120206089,0.1,1588290,1v5
HongZhang_c1_c1356,1,35516,65783,0.10832122081210573,0.1,1588290,1v5
HongZhang_c1_c1356,1,62852,70310,0.1022488024506419,0.1,1588290,1v5
HongZhang_c1_c1356,0,54939,26051,0.05275665488977765,0.05,1591432,1v5
HongZhang_c1_c1356,1,4890,30297,0.05704270099984431,0.05,1591432,1v5
HongZhang_c1_c1356,1,66815,79325,0.05155162346335478,0.05,1591432,1v5
HongZhang_c1_c1356,1,44128,84735,0.05587291650482354,0.05,1591432,1v5
HongZhang_c1_c1356,1,3966,4107,0.05222143306854319,0.05,1591432,1v5
HongZhang_c1_c1356,1,44764,46372,0.05619642577300022,0.05,1591432,1v5
HongZhang_c1_c1356,0,54939,33514,0.05358266035930503,0.05,1591433,1v5
HongZhang_c1_c1356,1,4890,30297,0.05704270099984431,0.05,1591433,1v5
HongZhang_c1_c1356,1,66815,79325,0.05155162346335478,0.05,1591433,1v5
HongZhang_c1_c1356,1,44128,84735,0.05587291650482354,0.05,1591433,1v5
HongZhang_c1_c1356,1,3966,4107,0.05222143306854319,0.05,1591433,1v5
HongZhang_c1_c1356,1,44764,46372,0.05619642577300022,0.05,1591433,1v5
HongZhang_c1_c1356,0,54939,65031,0.050283377078345126,0.05,1591434,1v5
HongZhang_c1_c1356,1,4890,30297,0.05704270099984431,0.05,1591434,1v5
HongZhang_c1_c1356,1,66815,79325,0.05155162346335478,0.05,1591434,1v5
HongZhang_c1_c1356,1,44128,84735,0.05587291650482354,0.05,1591434,1v5
HongZhang_c1_c1356,1,3966,4107,0.05222143306854319,0.05,1591434,1v5
HongZhang_c1_c1356,1,44764,46372,0.05619642577300022,0.05,1591434,1v5
HongZhang_c1_c1356,0,55079,25776,0.10505435853321575,0.1,1591834,1v5
HongZhang_c1_c1356,1,39531,80390,0.10576113668852051,0.1,1591834,1v5
HongZhang_c1_c1356,1,508,1648,0.1028052682295696,0.1,1591834,1v5
HongZhang_c1_c1356,1,57221,75314,0.10696006120206089,0.1,1591834,1v5
HongZhang_c1_c1356,1,35516,65783,0.10832122081210573,0.1,1591834,1v5
HongZhang_c1_c1356,1,62852,70310,0.1022488024506419,0.1,1591834,1v5
HongZhang_c1_c1356,0,55079,26324,0.09480199052157925,0.09,1591835,1v5
HongZhang_c1_c1356,1,59525,83434,0.09128751885820173,0.09,1591835,1v5
HongZhang_c1_c1356,1,4339,78673,0.09538909530242277,0.09,1591835,1v5
HongZhang_c1_c1356,1,38080,49640,0.09244140848241535,0.09,1591835,1v5
HongZhang_c1_c1356,1,3444,73487,0.09742060676176045,0.09,1591835,1v5
HongZhang_c1_c1356,1,272,480,0.09165393834517895,0.09,1591835,1v5
HongZhang_c1_c1356,0,55079,28241,0.09554032029042701,0.09,1591836,1v5
HongZhang_c1_c1356,1,59525,83434,0.09128751885820173,0.09,1591836,1v5
HongZhang_c1_c1356,1,4339,78673,0.09538909530242277,0.09,1591836,1v5
HongZhang_c1_c1356,1,38080,49640,0.09244140848241535,0.09,1591836,1v5
HongZhang_c1_c1356,1,3444,73487,0.09742060676176045,0.09,1591836,1v5
HongZhang_c1_c1356,1,272,480,0.09165393834517895,0.09,1591836,1v5
HongZhang_c1_c1356,0,55079,31996,0.10900348188990355,0.1,1591837,1v5
HongZhang_c1_c1356,1,39531,80390,0.10576113668852051,0.1,1591837,1v5
HongZhang_c1_c1356,1,508,1648,0.1028052682295696,0.1,1591837,1v5
HongZhang_c1_c1356,1,57221,75314,0.10696006120206089,0.1,1591837,1v5
HongZhang_c1_c1356,1,35516,65783,0.10832122081210573,0.1,1591837,1v5
HongZhang_c1_c1356,1,62852,70310,0.1022488024506419,0.1,1591837,1v5
HongZhang_c1_c1356,0,55079,37758,0.09845077671281792,0.09,1591838,1v5
HongZhang_c1_c1356,1,59525,83434,0.09128751885820173,0.09,1591838,1v5
HongZhang_c1_c1356,1,4339,78673,0.09538909530242277,0.09,1591838,1v5
HongZhang_c1_c1356,1,38080,49640,0.09244140848241535,0.09,1591838,1v5
HongZhang_c1_c1356,1,3444,73487,0.09742060676176045,0.09,1591838,1v5
HongZhang_c1_c1356,1,272,480,0.09165393834517895,0.09,1591838,1v5
HongZhang_c1_c1356,0,55232,4989,0.09148000482727178,0.09,1592401,1v5
HongZhang_c1_c1356,1,59525,83434,0.09128751885820173,0.09,1592401,1v5
HongZhang_c1_c1356,1,4339,78673,0.09538909530242277,0.09,1592401,1v5
HongZhang_c1_c1356,1,38080,49640,0.09244140848241535,0.09,1592401,1v5
HongZhang_c1_c1356,1,3444,73487,0.09742060676176045,0.09,1592401,1v5
HongZhang_c1_c1356,1,272,480,0.09165393834517895,0.09,1592401,1v5
HongZhang_c1_c1356,0,55232,5034,0.0957290699908462,0.09,1592402,1v5
HongZhang_c1_c1356,1,59525,83434,0.09128751885820173,0.09,1592402,1v5
HongZhang_c1_c1356,1,4339,78673,0.09538909530242277,0.09,1592402,1v5
HongZhang_c1_c1356,1,38080,49640,0.09244140848241535,0.09,1592402,1v5
HongZhang_c1_c1356,1,3444,73487,0.09742060676176045,0.09,1592402,1v5
HongZhang_c1_c1356,1,272,480,0.09165393834517895,0.09,1592402,1v5
HongZhang_c1_c1356,0,55232,5363,0.0897797329096436,0.08,1592403,1v5
HongZhang_c1_c1356,1,383,958,0.08799866547683402,0.08,1592403,1v5
HongZhang_c1_c1356,1,47050,87039,0.08386991050782995,0.08,1592403,1v5
HongZhang_c1_c1356,1,3444,41695,0.0847030923880055,0.08,1592403,1v5
HongZhang_c1_c1356,1,55360,83273,0.08141055474414444,0.08,1592403,1v5
HongZhang_c1_c1356,1,59465,88934,0.08275151543709582,0.08,1592403,1v5
HongZhang_c1_c1356,0,55232,25776,0.10944036974187034,0.1,1592404,1v5
HongZhang_c1_c1356,1,39531,80390,0.10576113668852051,0.1,1592404,1v5
HongZhang_c1_c1356,1,508,1648,0.1028052682295696,0.1,1592404,1v5
HongZhang_c1_c1356,1,57221,75314,0.10696006120206089,0.1,1592404,1v5
HongZhang_c1_c1356,1,35516,65783,0.10832122081210573,0.1,1592404,1v5
HongZhang_c1_c1356,1,62852,70310,0.1022488024506419,0.1,1592404,1v5
HongZhang_c1_c1356,0,56532,4989,0.09681082952644551,0.09,1595672,1v5
HongZhang_c1_c1356,1,59525,83434,0.09128751885820173,0.09,1595672,1v5
HongZhang_c1_c1356,1,4339,78673,0.09538909530242277,0.09,1595672,1v5
HongZhang_c1_c1356,1,38080,49640,0.09244140848241535,0.09,1595672,1v5
HongZhang_c1_c1356,1,3444,73487,0.09742060676176045,0.09,1595672,1v5
HongZhang_c1_c1356,1,272,480,0.09165393834517895,0.09,1595672,1v5
HongZhang_c1_c1356,0,56532,5363,0.08444722701853832,0.08,1595673,1v5
HongZhang_c1_c1356,1,383,958,0.08799866547683402,0.08,1595673,1v5
HongZhang_c1_c1356,1,47050,87039,0.08386991050782995,0.08,1595673,1v5
HongZhang_c1_c1356,1,3444,41695,0.0847030923880055,0.08,1595673,1v5
HongZhang_c1_c1356,1,55360,83273,0.08141055474414444,0.08,1595673,1v5
HongZhang_c1_c1356,1,59465,88934,0.08275151543709582,0.08,1595673,1v5
HongZhang_c1_c1356,0,59592,4989,0.06609742500319647,0.06,1602035,1v5
HongZhang_c1_c1356,1,72699,76954,0.060919823349105694,0.06,1602035,1v5
HongZhang_c1_c1356,1,37664,52412,0.06050052903474484,0.06,1602035,1v5
HongZhang_c1_c1356,1,5174,6034,0.06556853649446535,0.06,1602035,1v5
HongZhang_c1_c1356,1,4919,22773,0.06181838235168419,0.06,1602035,1v5
HongZhang_c1_c1356,1,4390,26316,0.06060884603113726,0.06,1602035,1v5
HongZhang_c1_c1356,0,59592,5034,0.08002710173820492,0.08,1602036,1v5
HongZhang_c1_c1356,1,383,958,0.08799866547683402,0.08,1602036,1v5
HongZhang_c1_c1356,1,47050,87039,0.08386991050782995,0.08,1602036,1v5
HongZhang_c1_c1356,1,3444,41695,0.0847030923880055,0.08,1602036,1v5
HongZhang_c1_c1356,1,55360,83273,0.08141055474414444,0.08,1602036,1v5
HongZhang_c1_c1356,1,59465,88934,0.08275151543709582,0.08,1602036,1v5
HongZhang_c1_c1356,0,59592,5363,0.09583295583348737,0.09,1602037,1v5
HongZhang_c1_c1356,1,59525,83434,0.09128751885820173,0.09,1602037,1v5
HongZhang_c1_c1356,1,4339,78673,0.09538909530242277,0.09,1602037,1v5
HongZhang_c1_c1356,1,38080,49640,0.09244140848241535,0.09,1602037,1v5
HongZhang_c1_c1356,1,3444,73487,0.09742060676176045,0.09,1602037,1v5
HongZhang_c1_c1356,1,272,480,0.09165393834517895,0.09,1602037,1v5
HongZhang_c1_c1356,0,59592,25776,0.09761171192147078,0.09,1602038,1v5
HongZhang_c1_c1356,1,59525,83434,0.09128751885820173,0.09,1602038,1v5
HongZhang_c1_c1356,1,4339,78673,0.09538909530242277,0.09,1602038,1v5
HongZhang_c1_c1356,1,38080,49640,0.09244140848241535,0.09,1602038,1v5
HongZhang_c1_c1356,1,3444,73487,0.09742060676176045,0.09,1602038,1v5
HongZhang_c1_c1356,1,272,480,0.09165393834517895,0.09,1602038,1v5
HongZhang_c1_c1356,0,61119,26051,0.05574053545526882,0.05,1604858,1v5
HongZhang_c1_c1356,1,4890,30297,0.05704270099984431,0.05,1604858,1v5
HongZhang_c1_c1356,1,66815,79325,0.05155162346335478,0.05,1604858,1v5
HongZhang_c1_c1356,1,44128,84735,0.05587291650482354,0.05,1604858,1v5
HongZhang_c1_c1356,1,3966,4107,0.05222143306854319,0.05,1604858,1v5
HongZhang_c1_c1356,1,44764,46372,0.05619642577300022,0.05,1604858,1v5
HongZhang_c1_c1356,0,61119,72070,0.057943132752753056,0.05,1604859,1v5
HongZhang_c1_c1356,1,4890,30297,0.05704270099984431,0.05,1604859,1v5
HongZhang_c1_c1356,1,66815,79325,0.05155162346335478,0.05,1604859,1v5
HongZhang_c1_c1356,1,44128,84735,0.05587291650482354,0.05,1604859,1v5
HongZhang_c1_c1356,1,3966,4107,0.05222143306854319,0.05,1604859,1v5
HongZhang_c1_c1356,1,44764,46372,0.05619642577300022,0.05,1604859,1v5
HongZhang_c1_c1356,0,61425,26324,0.09429990597637328,0.09,1605485,1v5
HongZhang_c1_c1356,1,59525,83434,0.09128751885820173,0.09,1605485,1v5
HongZhang_c1_c1356,1,4339,78673,0.09538909530242277,0.09,1605485,1v5
HongZhang_c1_c1356,1,38080,49640,0.09244140848241535,0.09,1605485,1v5
HongZhang_c1_c1356,1,3444,73487,0.09742060676176045,0.09,1605485,1v5
HongZhang_c1_c1356,1,272,480,0.09165393834517895,0.09,1605485,1v5
HongZhang_c1_c1356,0,61425,27464,0.07606214541240063,0.07,1605486,1v5
HongZhang_c1_c1356,1,19458,89116,0.07623868545464864,0.07,1605486,1v5
HongZhang_c1_c1356,1,2539,68764,0.07647752251669863,0.07,1605486,1v5
HongZhang_c1_c1356,1,18444,44868,0.07072293149375855,0.07,1605486,1v5
HongZhang_c1_c1356,1,4758,4912,0.07288583880375515,0.07,1605486,1v5
HongZhang_c1_c1356,1,14,754,0.0784949141951763,0.07,1605486,1v5
HongZhang_c1_c1356,0,61425,61236,0.06524669105048685,0.06,1605487,1v5
HongZhang_c1_c1356,1,72699,76954,0.060919823349105694,0.06,1605487,1v5
HongZhang_c1_c1356,1,37664,52412,0.06050052903474484,0.06,1605487,1v5
HongZhang_c1_c1356,1,5174,6034,0.06556853649446535,0.06,1605487,1v5
HongZhang_c1_c1356,1,4919,22773,0.06181838235168419,0.06,1605487,1v5
HongZhang_c1_c1356,1,4390,26316,0.06060884603113726,0.06,1605487,1v5
HongZhang_c1_c1356,0,62464,41193,0.05145454123958263,0.05,1607305,1v5
HongZhang_c1_c1356,1,4890,30297,0.05704270099984431,0.05,1607305,1v5
HongZhang_c1_c1356,1,66815,79325,0.05155162346335478,0.05,1607305,1v5
HongZhang_c1_c1356,1,44128,84735,0.05587291650482354,0.05,1607305,1v5
HongZhang_c1_c1356,1,3966,4107,0.05222143306854319,0.05,1607305,1v5
HongZhang_c1_c1356,1,44764,46372,0.05619642577300022,0.05,1607305,1v5
HongZhang_c1_c1356,0,62464,57717,0.05835975624209481,0.05,1607306,1v5
HongZhang_c1_c1356,1,4890,30297,0.05704270099984431,0.05,1607306,1v5
HongZhang_c1_c1356,1,66815,79325,0.05155162346335478,0.05,1607306,1v5
HongZhang_c1_c1356,1,44128,84735,0.05587291650482354,0.05,1607306,1v5
HongZhang_c1_c1356,1,3966,4107,0.05222143306854319,0.05,1607306,1v5
HongZhang_c1_c1356,1,44764,46372,0.05619642577300022,0.05,1607306,1v5
HongZhang_c1_c1356,0,62464,65031,0.0522307992015619,0.05,1607307,1v5
HongZhang_c1_c1356,1,4890,30297,0.05704270099984431,0.05,1607307,1v5
HongZhang_c1_c1356,1,66815,79325,0.05155162346335478,0.05,1607307,1v5
HongZhang_c1_c1356,1,44128,84735,0.05587291650482354,0.05,1607307,1v5
HongZhang_c1_c1356,1,3966,4107,0.05222143306854319,0.05,1607307,1v5
HongZhang_c1_c1356,1,44764,46372,0.05619642577300022,0.05,1607307,1v5
HongZhang_c1_c1356,0,63698,26051,0.05070418630849474,0.05,1609263,1v5
HongZhang_c1_c1356,1,4890,30297,0.05704270099984431,0.05,1609263,1v5
HongZhang_c1_c1356,1,66815,79325,0.05155162346335478,0.05,1609263,1v5
HongZhang_c1_c1356,1,44128,84735,0.05587291650482354,0.05,1609263,1v5
HongZhang_c1_c1356,1,3966,4107,0.05222143306854319,0.05,1609263,1v5
HongZhang_c1_c1356,1,44764,46372,0.05619642577300022,0.05,1609263,1v5
HongZhang_c1_c1356,0,63698,27022,0.056568441060217384,0.05,1609264,1v5
HongZhang_c1_c1356,1,4890,30297,0.05704270099984431,0.05,1609264,1v5
HongZhang_c1_c1356,1,66815,79325,0.05155162346335478,0.05,1609264,1v5
HongZhang_c1_c1356,1,44128,84735,0.05587291650482354,0.05,1609264,1v5
HongZhang_c1_c1356,1,3966,4107,0.05222143306854319,0.05,1609264,1v5
HongZhang_c1_c1356,1,44764,46372,0.05619642577300022,0.05,1609264,1v5
HongZhang_c1_c1356,0,63698,33514,0.051766701296674454,0.05,1609265,1v5
HongZhang_c1_c1356,1,4890,30297,0.05704270099984431,0.05,1609265,1v5
HongZhang_c1_c1356,1,66815,79325,0.05155162346335478,0.05,1609265,1v5
HongZhang_c1_c1356,1,44128,84735,0.05587291650482354,0.05,1609265,1v5
HongZhang_c1_c1356,1,3966,4107,0.05222143306854319,0.05,1609265,1v5
HongZhang_c1_c1356,1,44764,46372,0.05619642577300022,0.05,1609265,1v5
HongZhang_c1_c1356,0,63698,48769,0.061764764953598957,0.06,1609266,1v5
HongZhang_c1_c1356,1,72699,76954,0.060919823349105694,0.06,1609266,1v5
HongZhang_c1_c1356,1,37664,52412,0.06050052903474484,0.06,1609266,1v5
HongZhang_c1_c1356,1,5174,6034,0.06556853649446535,0.06,1609266,1v5
HongZhang_c1_c1356,1,4919,22773,0.06181838235168419,0.06,1609266,1v5
HongZhang_c1_c1356,1,4390,26316,0.06060884603113726,0.06,1609266,1v5
HongZhang_c1_c1356,0,63698,65031,0.04849255350789906,0.04,1609267,1v5
HongZhang_c1_c1356,1,68727,77096,0.047950012311556024,0.04,1609267,1v5
HongZhang_c1_c1356,1,46201,46650,0.04415133216856813,0.04,1609267,1v5
HongZhang_c1_c1356,1,65918,65960,0.049541770448425275,0.04,1609267,1v5
HongZhang_c1_c1356,1,78490,79833,0.04083814540413632,0.04,1609267,1v5
HongZhang_c1_c1356,1,641,5728,0.047779900087701485,0.04,1609267,1v5
HongZhang_c1_c1356,0,63698,72070,0.056528341653080044,0.05,1609268,1v5
HongZhang_c1_c1356,1,4890,30297,0.05704270099984431,0.05,1609268,1v5
HongZhang_c1_c1356,1,66815,79325,0.05155162346335478,0.05,1609268,1v5
HongZhang_c1_c1356,1,44128,84735,0.05587291650482354,0.05,1609268,1v5
HongZhang_c1_c1356,1,3966,4107,0.05222143306854319,0.05,1609268,1v5
HongZhang_c1_c1356,1,44764,46372,0.05619642577300022,0.05,1609268,1v5
HongZhang_c1_c1356,0,64930,22391,0.05326117754434608,0.05,1611325,1v5
HongZhang_c1_c1356,1,4890,30297,0.05704270099984431,0.05,1611325,1v5
HongZhang_c1_c1356,1,66815,79325,0.05155162346335478,0.05,1611325,1v5
HongZhang_c1_c1356,1,44128,84735,0.05587291650482354,0.05,1611325,1v5
HongZhang_c1_c1356,1,3966,4107,0.05222143306854319,0.05,1611325,1v5
HongZhang_c1_c1356,1,44764,46372,0.05619642577300022,0.05,1611325,1v5
HongZhang_c1_c1356,0,64930,26051,0.05406493401389701,0.05,1611326,1v5
HongZhang_c1_c1356,1,4890,30297,0.05704270099984431,0.05,1611326,1v5
HongZhang_c1_c1356,1,66815,79325,0.05155162346335478,0.05,1611326,1v5
HongZhang_c1_c1356,1,44128,84735,0.05587291650482354,0.05,1611326,1v5
HongZhang_c1_c1356,1,3966,4107,0.05222143306854319,0.05,1611326,1v5
HongZhang_c1_c1356,1,44764,46372,0.05619642577300022,0.05,1611326,1v5
HongZhang_c1_c1356,0,64930,33514,0.05341588892902047,0.05,1611327,1v5
HongZhang_c1_c1356,1,4890,30297,0.05704270099984431,0.05,1611327,1v5
HongZhang_c1_c1356,1,66815,79325,0.05155162346335478,0.05,1611327,1v5
HongZhang_c1_c1356,1,44128,84735,0.05587291650482354,0.05,1611327,1v5
HongZhang_c1_c1356,1,3966,4107,0.05222143306854319,0.05,1611327,1v5
HongZhang_c1_c1356,1,44764,46372,0.05619642577300022,0.05,1611327,1v5
HongZhang_c1_c1356,0,64930,41193,0.05017701463379933,0.05,1611328,1v5
HongZhang_c1_c1356,1,4890,30297,0.05704270099984431,0.05,1611328,1v5
HongZhang_c1_c1356,1,66815,79325,0.05155162346335478,0.05,1611328,1v5
HongZhang_c1_c1356,1,44128,84735,0.05587291650482354,0.05,1611328,1v5
HongZhang_c1_c1356,1,3966,4107,0.05222143306854319,0.05,1611328,1v5
HongZhang_c1_c1356,1,44764,46372,0.05619642577300022,0.05,1611328,1v5
HongZhang_c1_c1356,0,64930,45130,0.054835164903242375,0.05,1611329,1v5
HongZhang_c1_c1356,1,4890,30297,0.05704270099984431,0.05,1611329,1v5
HongZhang_c1_c1356,1,66815,79325,0.05155162346335478,0.05,1611329,1v5
HongZhang_c1_c1356,1,44128,84735,0.05587291650482354,0.05,1611329,1v5
HongZhang_c1_c1356,1,3966,4107,0.05222143306854319,0.05,1611329,1v5
HongZhang_c1_c1356,1,44764,46372,0.05619642577300022,0.05,1611329,1v5
HongZhang_c1_c1356,0,64930,57717,0.058365226310493554,0.05,1611330,1v5
HongZhang_c1_c1356,1,4890,30297,0.05704270099984431,0.05,1611330,1v5
HongZhang_c1_c1356,1,66815,79325,0.05155162346335478,0.05,1611330,1v5
HongZhang_c1_c1356,1,44128,84735,0.05587291650482354,0.05,1611330,1v5
HongZhang_c1_c1356,1,3966,4107,0.05222143306854319,0.05,1611330,1v5
HongZhang_c1_c1356,1,44764,46372,0.05619642577300022,0.05,1611330,1v5
HongZhang_c1_c1356,0,64930,65031,0.05088006309780788,0.05,1611331,1v5
HongZhang_c1_c1356,1,4890,30297,0.05704270099984431,0.05,1611331,1v5
HongZhang_c1_c1356,1,66815,79325,0.05155162346335478,0.05,1611331,1v5
HongZhang_c1_c1356,1,44128,84735,0.05587291650482354,0.05,1611331,1v5
HongZhang_c1_c1356,1,3966,4107,0.05222143306854319,0.05,1611331,1v5
HongZhang_c1_c1356,1,44764,46372,0.05619642577300022,0.05,1611331,1v5
HongZhang_c1_c1356,0,65210,26324,0.09415346089361888,0.09,1611957,1v5
HongZhang_c1_c1356,1,59525,83434,0.09128751885820173,0.09,1611957,1v5
HongZhang_c1_c1356,1,4339,78673,0.09538909530242277,0.09,1611957,1v5
HongZhang_c1_c1356,1,38080,49640,0.09244140848241535,0.09,1611957,1v5
HongZhang_c1_c1356,1,3444,73487,0.09742060676176045,0.09,1611957,1v5
HongZhang_c1_c1356,1,272,480,0.09165393834517895,0.09,1611957,1v5
HongZhang_c1_c1356,0,65210,27464,0.07834289185522807,0.07,1611958,1v5
HongZhang_c1_c1356,1,19458,89116,0.07623868545464864,0.07,1611958,1v5
HongZhang_c1_c1356,1,2539,68764,0.07647752251669863,0.07,1611958,1v5
HongZhang_c1_c1356,1,18444,44868,0.07072293149375855,0.07,1611958,1v5
HongZhang_c1_c1356,1,4758,4912,0.07288583880375515,0.07,1611958,1v5
HongZhang_c1_c1356,1,14,754,0.0784949141951763,0.07,1611958,1v5
HongZhang_c1_c1356,0,66339,5034,0.09786383931134227,0.09,1613268,1v5
HongZhang_c1_c1356,1,59525,83434,0.09128751885820173,0.09,1613268,1v5
HongZhang_c1_c1356,1,4339,78673,0.09538909530242277,0.09,1613268,1v5
HongZhang_c1_c1356,1,38080,49640,0.09244140848241535,0.09,1613268,1v5
HongZhang_c1_c1356,1,3444,73487,0.09742060676176045,0.09,1613268,1v5
HongZhang_c1_c1356,1,272,480,0.09165393834517895,0.09,1613268,1v5
HongZhang_c1_c1356,0,66466,28241,0.10743478076584126,0.1,1613440,1v5
HongZhang_c1_c1356,1,39531,80390,0.10576113668852051,0.1,1613440,1v5
HongZhang_c1_c1356,1,508,1648,0.1028052682295696,0.1,1613440,1v5
HongZhang_c1_c1356,1,57221,75314,0.10696006120206089,0.1,1613440,1v5
HongZhang_c1_c1356,1,35516,65783,0.10832122081210573,0.1,1613440,1v5
HongZhang_c1_c1356,1,62852,70310,0.1022488024506419,0.1,1613440,1v5
HongZhang_c1_c1356,0,66466,37758,0.10951535617392959,0.1,1613441,1v5
HongZhang_c1_c1356,1,39531,80390,0.10576113668852051,0.1,1613441,1v5
HongZhang_c1_c1356,1,508,1648,0.1028052682295696,0.1,1613441,1v5
HongZhang_c1_c1356,1,57221,75314,0.10696006120206089,0.1,1613441,1v5
HongZhang_c1_c1356,1,35516,65783,0.10832122081210573,0.1,1613441,1v5
HongZhang_c1_c1356,1,62852,70310,0.1022488024506419,0.1,1613441,1v5
HongZhang_c1_c1356,0,66756,5034,0.10112930923066035,0.1,1613964,1v5
HongZhang_c1_c1356,1,39531,80390,0.10576113668852051,0.1,1613964,1v5
HongZhang_c1_c1356,1,508,1648,0.1028052682295696,0.1,1613964,1v5
HongZhang_c1_c1356,1,57221,75314,0.10696006120206089,0.1,1613964,1v5
HongZhang_c1_c1356,1,35516,65783,0.10832122081210573,0.1,1613964,1v5
HongZhang_c1_c1356,1,62852,70310,0.1022488024506419,0.1,1613964,1v5
HongZhang_c1_c1356,0,66756,25776,0.10675414661455321,0.1,1613965,1v5
HongZhang_c1_c1356,1,39531,80390,0.10576113668852051,0.1,1613965,1v5
HongZhang_c1_c1356,1,508,1648,0.1028052682295696,0.1,1613965,1v5
HongZhang_c1_c1356,1,57221,75314,0.10696006120206089,0.1,1613965,1v5
HongZhang_c1_c1356,1,35516,65783,0.10832122081210573,0.1,1613965,1v5
HongZhang_c1_c1356,1,62852,70310,0.1022488024506419,0.1,1613965,1v5
HongZhang_c1_c1356,0,66756,28241,0.10716375583004063,0.1,1613966,1v5
HongZhang_c1_c1356,1,39531,80390,0.10576113668852051,0.1,1613966,1v5
HongZhang_c1_c1356,1,508,1648,0.1028052682295696,0.1,1613966,1v5
HongZhang_c1_c1356,1,57221,75314,0.10696006120206089,0.1,1613966,1v5
HongZhang_c1_c1356,1,35516,65783,0.10832122081210573,0.1,1613966,1v5
HongZhang_c1_c1356,1,62852,70310,0.1022488024506419,0.1,1613966,1v5
HongZhang_c1_c1356,0,68803,37758,0.11006983400230932,0.11,1616965,1v5
HongZhang_c1_c1356,1,41282,81386,0.11988138587919604,0.11,1616965,1v5
HongZhang_c1_c1356,1,33103,38457,0.11549427810461008,0.11,1616965,1v5
HongZhang_c1_c1356,1,19104,72690,0.11138195314836875,0.11,1616965,1v5
HongZhang_c1_c1356,1,934,88505,0.11359824625277963,0.11,1616965,1v5
HongZhang_c1_c1356,1,2797,73924,0.1123441921501226,0.11,1616965,1v5
HongZhang_c1_c1356,0,68914,5363,0.09387698447043392,0.09,1617320,1v5
HongZhang_c1_c1356,1,59525,83434,0.09128751885820173,0.09,1617320,1v5
HongZhang_c1_c1356,1,4339,78673,0.09538909530242277,0.09,1617320,1v5
HongZhang_c1_c1356,1,38080,49640,0.09244140848241535,0.09,1617320,1v5
HongZhang_c1_c1356,1,3444,73487,0.09742060676176045,0.09,1617320,1v5
HongZhang_c1_c1356,1,272,480,0.09165393834517895,0.09,1617320,1v5
HongZhang_c1_c1356,0,68923,57566,0.05517882470444478,0.05,1617356,1v5
HongZhang_c1_c1356,1,4890,30297,0.05704270099984431,0.05,1617356,1v5
HongZhang_c1_c1356,1,66815,79325,0.05155162346335478,0.05,1617356,1v5
HongZhang_c1_c1356,1,44128,84735,0.05587291650482354,0.05,1617356,1v5
HongZhang_c1_c1356,1,3966,4107,0.05222143306854319,0.05,1617356,1v5
HongZhang_c1_c1356,1,44764,46372,0.05619642577300022,0.05,1617356,1v5
HongZhang_c1_c1356,0,68923,61236,0.0653341872898309,0.06,1617357,1v5
HongZhang_c1_c1356,1,72699,76954,0.060919823349105694,0.06,1617357,1v5
HongZhang_c1_c1356,1,37664,52412,0.06050052903474484,0.06,1617357,1v5
HongZhang_c1_c1356,1,5174,6034,0.06556853649446535,0.06,1617357,1v5
HongZhang_c1_c1356,1,4919,22773,0.06181838235168419,0.06,1617357,1v5
HongZhang_c1_c1356,1,4390,26316,0.06060884603113726,0.06,1617357,1v5
HongZhang_c1_c1356,0,69850,37758,0.10977249922113103,0.1,1618696,1v5
HongZhang_c1_c1356,1,39531,80390,0.10576113668852051,0.1,1618696,1v5
HongZhang_c1_c1356,1,508,1648,0.1028052682295696,0.1,1618696,1v5
HongZhang_c1_c1356,1,57221,75314,0.10696006120206089,0.1,1618696,1v5
HongZhang_c1_c1356,1,35516,65783,0.10832122081210573,0.1,1618696,1v5
HongZhang_c1_c1356,1,62852,70310,0.1022488024506419,0.1,1618696,1v5
HongZhang_c1_c1356,0,69957,4989,0.09861738224398056,0.09,1618898,1v5
HongZhang_c1_c1356,1,59525,83434,0.09128751885820173,0.09,1618898,1v5
HongZhang_c1_c1356,1,4339,78673,0.09538909530242277,0.09,1618898,1v5
HongZhang_c1_c1356,1,38080,49640,0.09244140848241535,0.09,1618898,1v5
HongZhang_c1_c1356,1,3444,73487,0.09742060676176045,0.09,1618898,1v5
HongZhang_c1_c1356,1,272,480,0.09165393834517895,0.09,1618898,1v5
HongZhang_c1_c1356,0,69957,5363,0.09027888731025106,0.09,1618899,1v5
HongZhang_c1_c1356,1,59525,83434,0.09128751885820173,0.09,1618899,1v5
HongZhang_c1_c1356,1,4339,78673,0.09538909530242277,0.09,1618899,1v5
HongZhang_c1_c1356,1,38080,49640,0.09244140848241535,0.09,1618899,1v5
HongZhang_c1_c1356,1,3444,73487,0.09742060676176045,0.09,1618899,1v5
HongZhang_c1_c1356,1,272,480,0.09165393834517895,0.09,1618899,1v5
HongZhang_c1_c1356,0,70819,4989,0.09855603688819399,0.09,1619949,1v5
HongZhang_c1_c1356,1,59525,83434,0.09128751885820173,0.09,1619949,1v5
HongZhang_c1_c1356,1,4339,78673,0.09538909530242277,0.09,1619949,1v5
HongZhang_c1_c1356,1,38080,49640,0.09244140848241535,0.09,1619949,1v5
HongZhang_c1_c1356,1,3444,73487,0.09742060676176045,0.09,1619949,1v5
HongZhang_c1_c1356,1,272,480,0.09165393834517895,0.09,1619949,1v5
HongZhang_c1_c1356,0,70819,5034,0.0891515128876427,0.08,1619950,1v5
HongZhang_c1_c1356,1,383,958,0.08799866547683402,0.08,1619950,1v5
HongZhang_c1_c1356,1,47050,87039,0.08386991050782995,0.08,1619950,1v5
HongZhang_c1_c1356,1,3444,41695,0.0847030923880055,0.08,1619950,1v5
HongZhang_c1_c1356,1,55360,83273,0.08141055474414444,0.08,1619950,1v5
HongZhang_c1_c1356,1,59465,88934,0.08275151543709582,0.08,1619950,1v5
HongZhang_c1_c1356,0,70819,25776,0.10640611981837188,0.1,1619951,1v5
HongZhang_c1_c1356,1,39531,80390,0.10576113668852051,0.1,1619951,1v5
HongZhang_c1_c1356,1,508,1648,0.1028052682295696,0.1,1619951,1v5
HongZhang_c1_c1356,1,57221,75314,0.10696006120206089,0.1,1619951,1v5
HongZhang_c1_c1356,1,35516,65783,0.10832122081210573,0.1,1619951,1v5
HongZhang_c1_c1356,1,62852,70310,0.1022488024506419,0.1,1619951,1v5
HongZhang_c1_c1356,0,71058,4989,0.1010402751455394,0.1,1620357,1v5
HongZhang_c1_c1356,1,39531,80390,0.10576113668852051,0.1,1620357,1v5
HongZhang_c1_c1356,1,508,1648,0.1028052682295696,0.1,1620357,1v5
HongZhang_c1_c1356,1,57221,75314,0.10696006120206089,0.1,1620357,1v5
HongZhang_c1_c1356,1,35516,65783,0.10832122081210573,0.1,1620357,1v5
HongZhang_c1_c1356,1,62852,70310,0.1022488024506419,0.1,1620357,1v5
HongZhang_c1_c1356,0,71058,5363,0.09450284040080832,0.09,1620358,1v5
HongZhang_c1_c1356,1,59525,83434,0.09128751885820173,0.09,1620358,1v5
HongZhang_c1_c1356,1,4339,78673,0.09538909530242277,0.09,1620358,1v5
HongZhang_c1_c1356,1,38080,49640,0.09244140848241535,0.09,1620358,1v5
HongZhang_c1_c1356,1,3444,73487,0.09742060676176045,0.09,1620358,1v5
HongZhang_c1_c1356,1,272,480,0.09165393834517895,0.09,1620358,1v5
HongZhang_c1_c1356,0,71417,37758,0.11022711543099707,0.11,1620698,1v5
HongZhang_c1_c1356,1,41282,81386,0.11988138587919604,0.11,1620698,1v5
HongZhang_c1_c1356,1,33103,38457,0.11549427810461008,0.11,1620698,1v5
HongZhang_c1_c1356,1,19104,72690,0.11138195314836875,0.11,1620698,1v5
HongZhang_c1_c1356,1,934,88505,0.11359824625277963,0.11,1620698,1v5
HongZhang_c1_c1356,1,2797,73924,0.1123441921501226,0.11,1620698,1v5
HongZhang_c1_c1356,0,71973,5034,0.10053360930721587,0.1,1621710,1v5
HongZhang_c1_c1356,1,39531,80390,0.10576113668852051,0.1,1621710,1v5
HongZhang_c1_c1356,1,508,1648,0.1028052682295696,0.1,1621710,1v5
HongZhang_c1_c1356,1,57221,75314,0.10696006120206089,0.1,1621710,1v5
HongZhang_c1_c1356,1,35516,65783,0.10832122081210573,0.1,1621710,1v5
HongZhang_c1_c1356,1,62852,70310,0.1022488024506419,0.1,1621710,1v5
HongZhang_c1_c1356,0,73116,57717,0.054492508282935836,0.05,1622979,1v5
HongZhang_c1_c1356,1,4890,30297,0.05704270099984431,0.05,1622979,1v5
HongZhang_c1_c1356,1,66815,79325,0.05155162346335478,0.05,1622979,1v5
HongZhang_c1_c1356,1,44128,84735,0.05587291650482354,0.05,1622979,1v5
HongZhang_c1_c1356,1,3966,4107,0.05222143306854319,0.05,1622979,1v5
HongZhang_c1_c1356,1,44764,46372,0.05619642577300022,0.05,1622979,1v5
HongZhang_c1_c1356,0,73325,27464,0.07797310321828774,0.07,1623221,1v5
HongZhang_c1_c1356,1,19458,89116,0.07623868545464864,0.07,1623221,1v5
HongZhang_c1_c1356,1,2539,68764,0.07647752251669863,0.07,1623221,1v5
HongZhang_c1_c1356,1,18444,44868,0.07072293149375855,0.07,1623221,1v5
HongZhang_c1_c1356,1,4758,4912,0.07288583880375515,0.07,1623221,1v5
HongZhang_c1_c1356,1,14,754,0.0784949141951763,0.07,1623221,1v5
HongZhang_c1_c1356,0,74157,27102,0.05649059679704279,0.05,1624180,1v5
HongZhang_c1_c1356,1,4890,30297,0.05704270099984431,0.05,1624180,1v5
HongZhang_c1_c1356,1,66815,79325,0.05155162346335478,0.05,1624180,1v5
HongZhang_c1_c1356,1,44128,84735,0.05587291650482354,0.05,1624180,1v5
HongZhang_c1_c1356,1,3966,4107,0.05222143306854319,0.05,1624180,1v5
HongZhang_c1_c1356,1,44764,46372,0.05619642577300022,0.05,1624180,1v5
HongZhang_c1_c1356,0,74157,41193,0.04824698594146035,0.04,1624181,1v5
HongZhang_c1_c1356,1,68727,77096,0.047950012311556024,0.04,1624181,1v5
HongZhang_c1_c1356,1,46201,46650,0.04415133216856813,0.04,1624181,1v5
HongZhang_c1_c1356,1,65918,65960,0.049541770448425275,0.04,1624181,1v5
HongZhang_c1_c1356,1,78490,79833,0.04083814540413632,0.04,1624181,1v5
HongZhang_c1_c1356,1,641,5728,0.047779900087701485,0.04,1624181,1v5
HongZhang_c1_c1356,0,74157,45130,0.054285331988202686,0.05,1624182,1v5
HongZhang_c1_c1356,1,4890,30297,0.05704270099984431,0.05,1624182,1v5
HongZhang_c1_c1356,1,66815,79325,0.05155162346335478,0.05,1624182,1v5
HongZhang_c1_c1356,1,44128,84735,0.05587291650482354,0.05,1624182,1v5
HongZhang_c1_c1356,1,3966,4107,0.05222143306854319,0.05,1624182,1v5
HongZhang_c1_c1356,1,44764,46372,0.05619642577300022,0.05,1624182,1v5
HongZhang_c1_c1356,0,74157,57717,0.04874666104298331,0.04,1624183,1v5
HongZhang_c1_c1356,1,68727,77096,0.047950012311556024,0.04,1624183,1v5
HongZhang_c1_c1356,1,46201,46650,0.04415133216856813,0.04,1624183,1v5
HongZhang_c1_c1356,1,65918,65960,0.049541770448425275,0.04,1624183,1v5
HongZhang_c1_c1356,1,78490,79833,0.04083814540413632,0.04,1624183,1v5
HongZhang_c1_c1356,1,641,5728,0.047779900087701485,0.04,1624183,1v5
HongZhang_c1_c1356,0,74237,37758,0.11158269925384587,0.11,1624358,1v5
HongZhang_c1_c1356,1,41282,81386,0.11988138587919604,0.11,1624358,1v5
HongZhang_c1_c1356,1,33103,38457,0.11549427810461008,0.11,1624358,1v5
HongZhang_c1_c1356,1,19104,72690,0.11138195314836875,0.11,1624358,1v5
HongZhang_c1_c1356,1,934,88505,0.11359824625277963,0.11,1624358,1v5
HongZhang_c1_c1356,1,2797,73924,0.1123441921501226,0.11,1624358,1v5
HongZhang_c1_c1356,0,75252,65031,0.052666017694853,0.05,1625500,1v5
HongZhang_c1_c1356,1,4890,30297,0.05704270099984431,0.05,1625500,1v5
HongZhang_c1_c1356,1,66815,79325,0.05155162346335478,0.05,1625500,1v5
HongZhang_c1_c1356,1,44128,84735,0.05587291650482354,0.05,1625500,1v5
HongZhang_c1_c1356,1,3966,4107,0.05222143306854319,0.05,1625500,1v5
HongZhang_c1_c1356,1,44764,46372,0.05619642577300022,0.05,1625500,1v5
HongZhang_c1_c1356,0,75455,4989,0.09586014981342482,0.09,1625834,1v5
HongZhang_c1_c1356,1,59525,83434,0.09128751885820173,0.09,1625834,1v5
HongZhang_c1_c1356,1,4339,78673,0.09538909530242277,0.09,1625834,1v5
HongZhang_c1_c1356,1,38080,49640,0.09244140848241535,0.09,1625834,1v5
HongZhang_c1_c1356,1,3444,73487,0.09742060676176045,0.09,1625834,1v5
HongZhang_c1_c1356,1,272,480,0.09165393834517895,0.09,1625834,1v5
HongZhang_c1_c1356,0,75455,5363,0.08249498985710323,0.08,1625835,1v5
HongZhang_c1_c1356,1,383,958,0.08799866547683402,0.08,1625835,1v5
HongZhang_c1_c1356,1,47050,87039,0.08386991050782995,0.08,1625835,1v5
HongZhang_c1_c1356,1,3444,41695,0.0847030923880055,0.08,1625835,1v5
HongZhang_c1_c1356,1,55360,83273,0.08141055474414444,0.08,1625835,1v5
HongZhang_c1_c1356,1,59465,88934,0.08275151543709582,0.08,1625835,1v5
HongZhang_c1_c1356,0,76210,5034,0.09957772924186066,0.09,1626677,1v5
HongZhang_c1_c1356,1,59525,83434,0.09128751885820173,0.09,1626677,1v5
HongZhang_c1_c1356,1,4339,78673,0.09538909530242277,0.09,1626677,1v5
HongZhang_c1_c1356,1,38080,49640,0.09244140848241535,0.09,1626677,1v5
HongZhang_c1_c1356,1,3444,73487,0.09742060676176045,0.09,1626677,1v5
HongZhang_c1_c1356,1,272,480,0.09165393834517895,0.09,1626677,1v5
HongZhang_c1_c1356,0,76336,41193,0.05260895707516656,0.05,1626860,1v5
HongZhang_c1_c1356,1,4890,30297,0.05704270099984431,0.05,1626860,1v5
HongZhang_c1_c1356,1,66815,79325,0.05155162346335478,0.05,1626860,1v5
HongZhang_c1_c1356,1,44128,84735,0.05587291650482354,0.05,1626860,1v5
HongZhang_c1_c1356,1,3966,4107,0.05222143306854319,0.05,1626860,1v5
HongZhang_c1_c1356,1,44764,46372,0.05619642577300022,0.05,1626860,1v5
HongZhang_c1_c1356,0,76336,57717,0.058648737235356796,0.05,1626861,1v5
HongZhang_c1_c1356,1,4890,30297,0.05704270099984431,0.05,1626861,1v5
HongZhang_c1_c1356,1,66815,79325,0.05155162346335478,0.05,1626861,1v5
HongZhang_c1_c1356,1,44128,84735,0.05587291650482354,0.05,1626861,1v5
HongZhang_c1_c1356,1,3966,4107,0.05222143306854319,0.05,1626861,1v5
HongZhang_c1_c1356,1,44764,46372,0.05619642577300022,0.05,1626861,1v5
HongZhang_c1_c1356,0,76336,65031,0.05351071315494481,0.05,1626862,1v5
HongZhang_c1_c1356,1,4890,30297,0.05704270099984431,0.05,1626862,1v5
HongZhang_c1_c1356,1,66815,79325,0.05155162346335478,0.05,1626862,1v5
HongZhang_c1_c1356,1,44128,84735,0.05587291650482354,0.05,1626862,1v5
HongZhang_c1_c1356,1,3966,4107,0.05222143306854319,0.05,1626862,1v5
HongZhang_c1_c1356,1,44764,46372,0.05619642577300022,0.05,1626862,1v5
HongZhang_c1_c1356,0,77454,5363,0.09366891324507048,0.09,1627819,1v5
HongZhang_c1_c1356,1,59525,83434,0.09128751885820173,0.09,1627819,1v5
HongZhang_c1_c1356,1,4339,78673,0.09538909530242277,0.09,1627819,1v5
HongZhang_c1_c1356,1,38080,49640,0.09244140848241535,0.09,1627819,1v5
HongZhang_c1_c1356,1,3444,73487,0.09742060676176045,0.09,1627819,1v5
HongZhang_c1_c1356,1,272,480,0.09165393834517895,0.09,1627819,1v5
HongZhang_c1_c1356,0,78240,26324,0.09437968308817328,0.09,1628305,1v5
HongZhang_c1_c1356,1,59525,83434,0.09128751885820173,0.09,1628305,1v5
HongZhang_c1_c1356,1,4339,78673,0.09538909530242277,0.09,1628305,1v5
HongZhang_c1_c1356,1,38080,49640,0.09244140848241535,0.09,1628305,1v5
HongZhang_c1_c1356,1,3444,73487,0.09742060676176045,0.09,1628305,1v5
HongZhang_c1_c1356,1,272,480,0.09165393834517895,0.09,1628305,1v5
HongZhang_c1_c1356,0,79350,22391,0.051005902457791366,0.05,1629152,1v5
HongZhang_c1_c1356,1,4890,30297,0.05704270099984431,0.05,1629152,1v5
HongZhang_c1_c1356,1,66815,79325,0.05155162346335478,0.05,1629152,1v5
HongZhang_c1_c1356,1,44128,84735,0.05587291650482354,0.05,1629152,1v5
HongZhang_c1_c1356,1,3966,4107,0.05222143306854319,0.05,1629152,1v5
HongZhang_c1_c1356,1,44764,46372,0.05619642577300022,0.05,1629152,1v5
HongZhang_c1_c1356,0,79350,26051,0.053722114518471975,0.05,1629153,1v5
HongZhang_c1_c1356,1,4890,30297,0.05704270099984431,0.05,1629153,1v5
HongZhang_c1_c1356,1,66815,79325,0.05155162346335478,0.05,1629153,1v5
HongZhang_c1_c1356,1,44128,84735,0.05587291650482354,0.05,1629153,1v5
HongZhang_c1_c1356,1,3966,4107,0.05222143306854319,0.05,1629153,1v5
HongZhang_c1_c1356,1,44764,46372,0.05619642577300022,0.05,1629153,1v5
HongZhang_c1_c1356,0,79350,26075,0.0541622105442996,0.05,1629154,1v5
HongZhang_c1_c1356,1,4890,30297,0.05704270099984431,0.05,1629154,1v5
HongZhang_c1_c1356,1,66815,79325,0.05155162346335478,0.05,1629154,1v5
HongZhang_c1_c1356,1,44128,84735,0.05587291650482354,0.05,1629154,1v5
HongZhang_c1_c1356,1,3966,4107,0.05222143306854319,0.05,1629154,1v5
HongZhang_c1_c1356,1,44764,46372,0.05619642577300022,0.05,1629154,1v5
HongZhang_c1_c1356,0,79350,27022,0.054551237625309924,0.05,1629155,1v5
HongZhang_c1_c1356,1,4890,30297,0.05704270099984431,0.05,1629155,1v5
HongZhang_c1_c1356,1,66815,79325,0.05155162346335478,0.05,1629155,1v5
HongZhang_c1_c1356,1,44128,84735,0.05587291650482354,0.05,1629155,1v5
HongZhang_c1_c1356,1,3966,4107,0.05222143306854319,0.05,1629155,1v5
HongZhang_c1_c1356,1,44764,46372,0.05619642577300022,0.05,1629155,1v5
HongZhang_c1_c1356,0,79350,27102,0.05260219997395143,0.05,1629156,1v5
HongZhang_c1_c1356,1,4890,30297,0.05704270099984431,0.05,1629156,1v5
HongZhang_c1_c1356,1,66815,79325,0.05155162346335478,0.05,1629156,1v5
HongZhang_c1_c1356,1,44128,84735,0.05587291650482354,0.05,1629156,1v5
HongZhang_c1_c1356,1,3966,4107,0.05222143306854319,0.05,1629156,1v5
HongZhang_c1_c1356,1,44764,46372,0.05619642577300022,0.05,1629156,1v5
HongZhang_c1_c1356,0,79350,45130,0.051829054999873295,0.05,1629157,1v5
HongZhang_c1_c1356,1,4890,30297,0.05704270099984431,0.05,1629157,1v5
HongZhang_c1_c1356,1,66815,79325,0.05155162346335478,0.05,1629157,1v5
HongZhang_c1_c1356,1,44128,84735,0.05587291650482354,0.05,1629157,1v5
HongZhang_c1_c1356,1,3966,4107,0.05222143306854319,0.05,1629157,1v5
HongZhang_c1_c1356,1,44764,46372,0.05619642577300022,0.05,1629157,1v5
HongZhang_c1_c1356,0,79350,48769,0.059374251038869785,0.05,1629158,1v5
HongZhang_c1_c1356,1,4890,30297,0.05704270099984431,0.05,1629158,1v5
HongZhang_c1_c1356,1,66815,79325,0.05155162346335478,0.05,1629158,1v5
HongZhang_c1_c1356,1,44128,84735,0.05587291650482354,0.05,1629158,1v5
HongZhang_c1_c1356,1,3966,4107,0.05222143306854319,0.05,1629158,1v5
HongZhang_c1_c1356,1,44764,46372,0.05619642577300022,0.05,1629158,1v5
HongZhang_c1_c1356,0,79350,57566,0.05089321388880204,0.05,1629159,1v5
HongZhang_c1_c1356,1,4890,30297,0.05704270099984431,0.05,1629159,1v5
HongZhang_c1_c1356,1,66815,79325,0.05155162346335478,0.05,1629159,1v5
HongZhang_c1_c1356,1,44128,84735,0.05587291650482354,0.05,1629159,1v5
HongZhang_c1_c1356,1,3966,4107,0.05222143306854319,0.05,1629159,1v5
HongZhang_c1_c1356,1,44764,46372,0.05619642577300022,0.05,1629159,1v5
HongZhang_c1_c1356,0,79350,57661,0.06538659189739254,0.06,1629160,1v5
HongZhang_c1_c1356,1,72699,76954,0.060919823349105694,0.06,1629160,1v5
HongZhang_c1_c1356,1,37664,52412,0.06050052903474484,0.06,1629160,1v5
HongZhang_c1_c1356,1,5174,6034,0.06556853649446535,0.06,1629160,1v5
HongZhang_c1_c1356,1,4919,22773,0.06181838235168419,0.06,1629160,1v5
HongZhang_c1_c1356,1,4390,26316,0.06060884603113726,0.06,1629160,1v5
HongZhang_c1_c1356,0,79350,62582,0.06483062195895026,0.06,1629161,1v5
HongZhang_c1_c1356,1,72699,76954,0.060919823349105694,0.06,1629161,1v5
HongZhang_c1_c1356,1,37664,52412,0.06050052903474484,0.06,1629161,1v5
HongZhang_c1_c1356,1,5174,6034,0.06556853649446535,0.06,1629161,1v5
HongZhang_c1_c1356,1,4919,22773,0.06181838235168419,0.06,1629161,1v5
HongZhang_c1_c1356,1,4390,26316,0.06060884603113726,0.06,1629161,1v5
HongZhang_c1_c1356,0,79350,65044,0.05718248502735108,0.05,1629162,1v5
HongZhang_c1_c1356,1,4890,30297,0.05704270099984431,0.05,1629162,1v5
HongZhang_c1_c1356,1,66815,79325,0.05155162346335478,0.05,1629162,1v5
HongZhang_c1_c1356,1,44128,84735,0.05587291650482354,0.05,1629162,1v5
HongZhang_c1_c1356,1,3966,4107,0.05222143306854319,0.05,1629162,1v5
HongZhang_c1_c1356,1,44764,46372,0.05619642577300022,0.05,1629162,1v5
HongZhang_c1_c1356,0,79350,72070,0.05344119008855989,0.05,1629163,1v5
HongZhang_c1_c1356,1,4890,30297,0.05704270099984431,0.05,1629163,1v5
HongZhang_c1_c1356,1,66815,79325,0.05155162346335478,0.05,1629163,1v5
HongZhang_c1_c1356,1,44128,84735,0.05587291650482354,0.05,1629163,1v5
HongZhang_c1_c1356,1,3966,4107,0.05222143306854319,0.05,1629163,1v5
HongZhang_c1_c1356,1,44764,46372,0.05619642577300022,0.05,1629163,1v5
HongZhang_c1_c1356,0,79350,76309,0.06145345619135434,0.06,1629164,1v5
HongZhang_c1_c1356,1,72699,76954,0.060919823349105694,0.06,1629164,1v5
HongZhang_c1_c1356,1,37664,52412,0.06050052903474484,0.06,1629164,1v5
HongZhang_c1_c1356,1,5174,6034,0.06556853649446535,0.06,1629164,1v5
HongZhang_c1_c1356,1,4919,22773,0.06181838235168419,0.06,1629164,1v5
HongZhang_c1_c1356,1,4390,26316,0.06060884603113726,0.06,1629164,1v5
HongZhang_c1_c1356,0,79350,79429,0.05706246164627396,0.05,1629165,1v5
HongZhang_c1_c1356,1,4890,30297,0.05704270099984431,0.05,1629165,1v5
HongZhang_c1_c1356,1,66815,79325,0.05155162346335478,0.05,1629165,1v5
HongZhang_c1_c1356,1,44128,84735,0.05587291650482354,0.05,1629165,1v5
HongZhang_c1_c1356,1,3966,4107,0.05222143306854319,0.05,1629165,1v5
HongZhang_c1_c1356,1,44764,46372,0.05619642577300022,0.05,1629165,1v5
HongZhang_c1_c1356,0,79350,83133,0.05970337651545323,0.05,1629166,1v5
HongZhang_c1_c1356,1,4890,30297,0.05704270099984431,0.05,1629166,1v5
HongZhang_c1_c1356,1,66815,79325,0.05155162346335478,0.05,1629166,1v5
HongZhang_c1_c1356,1,44128,84735,0.05587291650482354,0.05,1629166,1v5
HongZhang_c1_c1356,1,3966,4107,0.05222143306854319,0.05,1629166,1v5
HongZhang_c1_c1356,1,44764,46372,0.05619642577300022,0.05,1629166,1v5
HongZhang_c1_c1356,0,80202,22391,0.05301669590537985,0.05,1629624,1v5
HongZhang_c1_c1356,1,4890,30297,0.05704270099984431,0.05,1629624,1v5
HongZhang_c1_c1356,1,66815,79325,0.05155162346335478,0.05,1629624,1v5
HongZhang_c1_c1356,1,44128,84735,0.05587291650482354,0.05,1629624,1v5
HongZhang_c1_c1356,1,3966,4107,0.05222143306854319,0.05,1629624,1v5
HongZhang_c1_c1356,1,44764,46372,0.05619642577300022,0.05,1629624,1v5
HongZhang_c1_c1356,0,80202,26051,0.0520379676101558,0.05,1629625,1v5
HongZhang_c1_c1356,1,4890,30297,0.05704270099984431,0.05,1629625,1v5
HongZhang_c1_c1356,1,66815,79325,0.05155162346335478,0.05,1629625,1v5
HongZhang_c1_c1356,1,44128,84735,0.05587291650482354,0.05,1629625,1v5
HongZhang_c1_c1356,1,3966,4107,0.05222143306854319,0.05,1629625,1v5
HongZhang_c1_c1356,1,44764,46372,0.05619642577300022,0.05,1629625,1v5
HongZhang_c1_c1356,0,80202,27022,0.05829794093159823,0.05,1629626,1v5
HongZhang_c1_c1356,1,4890,30297,0.05704270099984431,0.05,1629626,1v5
HongZhang_c1_c1356,1,66815,79325,0.05155162346335478,0.05,1629626,1v5
HongZhang_c1_c1356,1,44128,84735,0.05587291650482354,0.05,1629626,1v5
HongZhang_c1_c1356,1,3966,4107,0.05222143306854319,0.05,1629626,1v5
HongZhang_c1_c1356,1,44764,46372,0.05619642577300022,0.05,1629626,1v5
HongZhang_c1_c1356,0,80202,33514,0.05138482918631047,0.05,1629627,1v5
HongZhang_c1_c1356,1,4890,30297,0.05704270099984431,0.05,1629627,1v5
HongZhang_c1_c1356,1,66815,79325,0.05155162346335478,0.05,1629627,1v5
HongZhang_c1_c1356,1,44128,84735,0.05587291650482354,0.05,1629627,1v5
HongZhang_c1_c1356,1,3966,4107,0.05222143306854319,0.05,1629627,1v5
HongZhang_c1_c1356,1,44764,46372,0.05619642577300022,0.05,1629627,1v5
HongZhang_c1_c1356,0,80202,41193,0.04934721626435579,0.04,1629628,1v5
HongZhang_c1_c1356,1,68727,77096,0.047950012311556024,0.04,1629628,1v5
HongZhang_c1_c1356,1,46201,46650,0.04415133216856813,0.04,1629628,1v5
HongZhang_c1_c1356,1,65918,65960,0.049541770448425275,0.04,1629628,1v5
HongZhang_c1_c1356,1,78490,79833,0.04083814540413632,0.04,1629628,1v5
HongZhang_c1_c1356,1,641,5728,0.047779900087701485,0.04,1629628,1v5
HongZhang_c1_c1356,0,80202,65031,0.0481559676474118,0.04,1629629,1v5
HongZhang_c1_c1356,1,68727,77096,0.047950012311556024,0.04,1629629,1v5
HongZhang_c1_c1356,1,46201,46650,0.04415133216856813,0.04,1629629,1v5
HongZhang_c1_c1356,1,65918,65960,0.049541770448425275,0.04,1629629,1v5
HongZhang_c1_c1356,1,78490,79833,0.04083814540413632,0.04,1629629,1v5
HongZhang_c1_c1356,1,641,5728,0.047779900087701485,0.04,1629629,1v5
HongZhang_c1_c1356,0,80202,72070,0.057482797772269285,0.05,1629630,1v5
HongZhang_c1_c1356,1,4890,30297,0.05704270099984431,0.05,1629630,1v5
HongZhang_c1_c1356,1,66815,79325,0.05155162346335478,0.05,1629630,1v5
HongZhang_c1_c1356,1,44128,84735,0.05587291650482354,0.05,1629630,1v5
HongZhang_c1_c1356,1,3966,4107,0.05222143306854319,0.05,1629630,1v5
HongZhang_c1_c1356,1,44764,46372,0.05619642577300022,0.05,1629630,1v5
HongZhang_c1_c1356,0,80273,26051,0.04992714637886124,0.04,1629674,1v5
HongZhang_c1_c1356,1,68727,77096,0.047950012311556024,0.04,1629674,1v5
HongZhang_c1_c1356,1,46201,46650,0.04415133216856813,0.04,1629674,1v5
HongZhang_c1_c1356,1,65918,65960,0.049541770448425275,0.04,1629674,1v5
HongZhang_c1_c1356,1,78490,79833,0.04083814540413632,0.04,1629674,1v5
HongZhang_c1_c1356,1,641,5728,0.047779900087701485,0.04,1629674,1v5
HongZhang_c1_c1356,0,80273,27022,0.05659143411366645,0.05,1629675,1v5
HongZhang_c1_c1356,1,4890,30297,0.05704270099984431,0.05,1629675,1v5
HongZhang_c1_c1356,1,66815,79325,0.05155162346335478,0.05,1629675,1v5
HongZhang_c1_c1356,1,44128,84735,0.05587291650482354,0.05,1629675,1v5
HongZhang_c1_c1356,1,3966,4107,0.05222143306854319,0.05,1629675,1v5
HongZhang_c1_c1356,1,44764,46372,0.05619642577300022,0.05,1629675,1v5
HongZhang_c1_c1356,0,80273,33514,0.05129435006819462,0.05,1629676,1v5
HongZhang_c1_c1356,1,4890,30297,0.05704270099984431,0.05,1629676,1v5
HongZhang_c1_c1356,1,66815,79325,0.05155162346335478,0.05,1629676,1v5
HongZhang_c1_c1356,1,44128,84735,0.05587291650482354,0.05,1629676,1v5
HongZhang_c1_c1356,1,3966,4107,0.05222143306854319,0.05,1629676,1v5
HongZhang_c1_c1356,1,44764,46372,0.05619642577300022,0.05,1629676,1v5
HongZhang_c1_c1356,0,80273,65031,0.04742667774192036,0.04,1629677,1v5
HongZhang_c1_c1356,1,68727,77096,0.047950012311556024,0.04,1629677,1v5
HongZhang_c1_c1356,1,46201,46650,0.04415133216856813,0.04,1629677,1v5
HongZhang_c1_c1356,1,65918,65960,0.049541770448425275,0.04,1629677,1v5
HongZhang_c1_c1356,1,78490,79833,0.04083814540413632,0.04,1629677,1v5
HongZhang_c1_c1356,1,641,5728,0.047779900087701485,0.04,1629677,1v5
HongZhang_c1_c1356,0,80273,72070,0.05697786570519591,0.05,1629678,1v5
HongZhang_c1_c1356,1,4890,30297,0.05704270099984431,0.05,1629678,1v5
HongZhang_c1_c1356,1,66815,79325,0.05155162346335478,0.05,1629678,1v5
HongZhang_c1_c1356,1,44128,84735,0.05587291650482354,0.05,1629678,1v5
HongZhang_c1_c1356,1,3966,4107,0.05222143306854319,0.05,1629678,1v5
HongZhang_c1_c1356,1,44764,46372,0.05619642577300022,0.05,1629678,1v5
HongZhang_c1_c1356,0,80328,4989,0.06984405040308156,0.06,1629709,1v5
HongZhang_c1_c1356,1,72699,76954,0.060919823349105694,0.06,1629709,1v5
HongZhang_c1_c1356,1,37664,52412,0.06050052903474484,0.06,1629709,1v5
HongZhang_c1_c1356,1,5174,6034,0.06556853649446535,0.06,1629709,1v5
HongZhang_c1_c1356,1,4919,22773,0.06181838235168419,0.06,1629709,1v5
HongZhang_c1_c1356,1,4390,26316,0.06060884603113726,0.06,1629709,1v5
HongZhang_c1_c1356,0,80328,5034,0.07772187077452228,0.07,1629710,1v5
HongZhang_c1_c1356,1,19458,89116,0.07623868545464864,0.07,1629710,1v5
HongZhang_c1_c1356,1,2539,68764,0.07647752251669863,0.07,1629710,1v5
HongZhang_c1_c1356,1,18444,44868,0.07072293149375855,0.07,1629710,1v5
HongZhang_c1_c1356,1,4758,4912,0.07288583880375515,0.07,1629710,1v5
HongZhang_c1_c1356,1,14,754,0.0784949141951763,0.07,1629710,1v5
HongZhang_c1_c1356,0,80328,5363,0.06819444959208525,0.06,1629711,1v5
HongZhang_c1_c1356,1,72699,76954,0.060919823349105694,0.06,1629711,1v5
HongZhang_c1_c1356,1,37664,52412,0.06050052903474484,0.06,1629711,1v5
HongZhang_c1_c1356,1,5174,6034,0.06556853649446535,0.06,1629711,1v5
HongZhang_c1_c1356,1,4919,22773,0.06181838235168419,0.06,1629711,1v5
HongZhang_c1_c1356,1,4390,26316,0.06060884603113726,0.06,1629711,1v5
HongZhang_c1_c1356,0,80328,25776,0.09145466838063655,0.09,1629712,1v5
HongZhang_c1_c1356,1,59525,83434,0.09128751885820173,0.09,1629712,1v5
HongZhang_c1_c1356,1,4339,78673,0.09538909530242277,0.09,1629712,1v5
HongZhang_c1_c1356,1,38080,49640,0.09244140848241535,0.09,1629712,1v5
HongZhang_c1_c1356,1,3444,73487,0.09742060676176045,0.09,1629712,1v5
HongZhang_c1_c1356,1,272,480,0.09165393834517895,0.09,1629712,1v5
HongZhang_c1_c1356,0,80328,28241,0.10411166626212509,0.1,1629713,1v5
HongZhang_c1_c1356,1,39531,80390,0.10576113668852051,0.1,1629713,1v5
HongZhang_c1_c1356,1,508,1648,0.1028052682295696,0.1,1629713,1v5
HongZhang_c1_c1356,1,57221,75314,0.10696006120206089,0.1,1629713,1v5
HongZhang_c1_c1356,1,35516,65783,0.10832122081210573,0.1,1629713,1v5
HongZhang_c1_c1356,1,62852,70310,0.1022488024506419,0.1,1629713,1v5
HongZhang_c1_c1356,0,83147,25776,0.10926660853834004,0.1,1631447,1v5
HongZhang_c1_c1356,1,39531,80390,0.10576113668852051,0.1,1631447,1v5
HongZhang_c1_c1356,1,508,1648,0.1028052682295696,0.1,1631447,1v5
HongZhang_c1_c1356,1,57221,75314,0.10696006120206089,0.1,1631447,1v5
HongZhang_c1_c1356,1,35516,65783,0.10832122081210573,0.1,1631447,1v5
HongZhang_c1_c1356,1,62852,70310,0.1022488024506419,0.1,1631447,1v5
HongZhang_c1_c1356,0,83147,28241,0.10644943059652281,0.1,1631448,1v5
HongZhang_c1_c1356,1,39531,80390,0.10576113668852051,0.1,1631448,1v5
HongZhang_c1_c1356,1,508,1648,0.1028052682295696,0.1,1631448,1v5
HongZhang_c1_c1356,1,57221,75314,0.10696006120206089,0.1,1631448,1v5
HongZhang_c1_c1356,1,35516,65783,0.10832122081210573,0.1,1631448,1v5
HongZhang_c1_c1356,1,62852,70310,0.1022488024506419,0.1,1631448,1v5
HongZhang_c1_c1356,0,83290,5363,0.08889739516419355,0.08,1631561,1v5
HongZhang_c1_c1356,1,383,958,0.08799866547683402,0.08,1631561,1v5
HongZhang_c1_c1356,1,47050,87039,0.08386991050782995,0.08,1631561,1v5
HongZhang_c1_c1356,1,3444,41695,0.0847030923880055,0.08,1631561,1v5
HongZhang_c1_c1356,1,55360,83273,0.08141055474414444,0.08,1631561,1v5
HongZhang_c1_c1356,1,59465,88934,0.08275151543709582,0.08,1631561,1v5
HongZhang_c1_c1356,0,84639,57717,0.06271378393978834,0.06,1632362,1v5
HongZhang_c1_c1356,1,72699,76954,0.060919823349105694,0.06,1632362,1v5
HongZhang_c1_c1356,1,37664,52412,0.06050052903474484,0.06,1632362,1v5
HongZhang_c1_c1356,1,5174,6034,0.06556853649446535,0.06,1632362,1v5
HongZhang_c1_c1356,1,4919,22773,0.06181838235168419,0.06,1632362,1v5
HongZhang_c1_c1356,1,4390,26316,0.06060884603113726,0.06,1632362,1v5
HongZhang_c1_c1356,0,84741,5363,0.09013413720030937,0.09,1632432,1v5
HongZhang_c1_c1356,1,59525,83434,0.09128751885820173,0.09,1632432,1v5
HongZhang_c1_c1356,1,4339,78673,0.09538909530242277,0.09,1632432,1v5
HongZhang_c1_c1356,1,38080,49640,0.09244140848241535,0.09,1632432,1v5
HongZhang_c1_c1356,1,3444,73487,0.09742060676176045,0.09,1632432,1v5
HongZhang_c1_c1356,1,272,480,0.09165393834517895,0.09,1632432,1v5
HongZhang_c1_c1356,0,84745,26324,0.0935323397025083,0.09,1632438,1v5
HongZhang_c1_c1356,1,59525,83434,0.09128751885820173,0.09,1632438,1v5
HongZhang_c1_c1356,1,4339,78673,0.09538909530242277,0.09,1632438,1v5
HongZhang_c1_c1356,1,38080,49640,0.09244140848241535,0.09,1632438,1v5
HongZhang_c1_c1356,1,3444,73487,0.09742060676176045,0.09,1632438,1v5
HongZhang_c1_c1356,1,272,480,0.09165393834517895,0.09,1632438,1v5
HongZhang_c1_c1356,0,84745,27464,0.07818192385699278,0.07,1632439,1v5
HongZhang_c1_c1356,1,19458,89116,0.07623868545464864,0.07,1632439,1v5
HongZhang_c1_c1356,1,2539,68764,0.07647752251669863,0.07,1632439,1v5
HongZhang_c1_c1356,1,18444,44868,0.07072293149375855,0.07,1632439,1v5
HongZhang_c1_c1356,1,4758,4912,0.07288583880375515,0.07,1632439,1v5
HongZhang_c1_c1356,1,14,754,0.0784949141951763,0.07,1632439,1v5
HongZhang_c1_c1356,0,84847,26324,0.08500511384696757,0.08,1632532,1v5
HongZhang_c1_c1356,1,383,958,0.08799866547683402,0.08,1632532,1v5
HongZhang_c1_c1356,1,47050,87039,0.08386991050782995,0.08,1632532,1v5
HongZhang_c1_c1356,1,3444,41695,0.0847030923880055,0.08,1632532,1v5
HongZhang_c1_c1356,1,55360,83273,0.08141055474414444,0.08,1632532,1v5
HongZhang_c1_c1356,1,59465,88934,0.08275151543709582,0.08,1632532,1v5
HongZhang_c1_c1356,0,84847,27464,0.07615616209066343,0.07,1632533,1v5
HongZhang_c1_c1356,1,19458,89116,0.07623868545464864,0.07,1632533,1v5
HongZhang_c1_c1356,1,2539,68764,0.07647752251669863,0.07,1632533,1v5
HongZhang_c1_c1356,1,18444,44868,0.07072293149375855,0.07,1632533,1v5
HongZhang_c1_c1356,1,4758,4912,0.07288583880375515,0.07,1632533,1v5
HongZhang_c1_c1356,1,14,754,0.0784949141951763,0.07,1632533,1v5
HongZhang_c1_c1356,0,85990,25776,0.10777303400814565,0.1,1632950,1v5
HongZhang_c1_c1356,1,39531,80390,0.10576113668852051,0.1,1632950,1v5
HongZhang_c1_c1356,1,508,1648,0.1028052682295696,0.1,1632950,1v5
HongZhang_c1_c1356,1,57221,75314,0.10696006120206089,0.1,1632950,1v5
HongZhang_c1_c1356,1,35516,65783,0.10832122081210573,0.1,1632950,1v5
HongZhang_c1_c1356,1,62852,70310,0.1022488024506419,0.1,1632950,1v5
HongZhang_c1_c1356,0,85990,28241,0.10568977533069757,0.1,1632951,1v5
HongZhang_c1_c1356,1,39531,80390,0.10576113668852051,0.1,1632951,1v5
HongZhang_c1_c1356,1,508,1648,0.1028052682295696,0.1,1632951,1v5
HongZhang_c1_c1356,1,57221,75314,0.10696006120206089,0.1,1632951,1v5
HongZhang_c1_c1356,1,35516,65783,0.10832122081210573,0.1,1632951,1v5
HongZhang_c1_c1356,1,62852,70310,0.1022488024506419,0.1,1632951,1v5
HongZhang_c1_c1356,0,86000,57717,0.06667803054789302,0.06,1632958,1v5
HongZhang_c1_c1356,1,72699,76954,0.060919823349105694,0.06,1632958,1v5
HongZhang_c1_c1356,1,37664,52412,0.06050052903474484,0.06,1632958,1v5
HongZhang_c1_c1356,1,5174,6034,0.06556853649446535,0.06,1632958,1v5
HongZhang_c1_c1356,1,4919,22773,0.06181838235168419,0.06,1632958,1v5
HongZhang_c1_c1356,1,4390,26316,0.06060884603113726,0.06,1632958,1v5
HongZhang_c1_c1356,0,86141,26324,0.09395416112035496,0.09,1633051,1v5
HongZhang_c1_c1356,1,59525,83434,0.09128751885820173,0.09,1633051,1v5
HongZhang_c1_c1356,1,4339,78673,0.09538909530242277,0.09,1633051,1v5
HongZhang_c1_c1356,1,38080,49640,0.09244140848241535,0.09,1633051,1v5
HongZhang_c1_c1356,1,3444,73487,0.09742060676176045,0.09,1633051,1v5
HongZhang_c1_c1356,1,272,480,0.09165393834517895,0.09,1633051,1v5
HongZhang_c1_c1356,0,86141,27464,0.077716841862729,0.07,1633052,1v5
HongZhang_c1_c1356,1,19458,89116,0.07623868545464864,0.07,1633052,1v5
HongZhang_c1_c1356,1,2539,68764,0.07647752251669863,0.07,1633052,1v5
HongZhang_c1_c1356,1,18444,44868,0.07072293149375855,0.07,1633052,1v5
HongZhang_c1_c1356,1,4758,4912,0.07288583880375515,0.07,1633052,1v5
HongZhang_c1_c1356,1,14,754,0.0784949141951763,0.07,1633052,1v5
HongZhang_c1_c1356,0,87382,22391,0.053078836163785476,0.05,1633411,1v5
HongZhang_c1_c1356,1,4890,30297,0.05704270099984431,0.05,1633411,1v5
HongZhang_c1_c1356,1,66815,79325,0.05155162346335478,0.05,1633411,1v5
HongZhang_c1_c1356,1,44128,84735,0.05587291650482354,0.05,1633411,1v5
HongZhang_c1_c1356,1,3966,4107,0.05222143306854319,0.05,1633411,1v5
HongZhang_c1_c1356,1,44764,46372,0.05619642577300022,0.05,1633411,1v5
HongZhang_c1_c1356,0,87382,27102,0.056094977627795806,0.05,1633412,1v5
HongZhang_c1_c1356,1,4890,30297,0.05704270099984431,0.05,1633412,1v5
HongZhang_c1_c1356,1,66815,79325,0.05155162346335478,0.05,1633412,1v5
HongZhang_c1_c1356,1,44128,84735,0.05587291650482354,0.05,1633412,1v5
HongZhang_c1_c1356,1,3966,4107,0.05222143306854319,0.05,1633412,1v5
HongZhang_c1_c1356,1,44764,46372,0.05619642577300022,0.05,1633412,1v5
HongZhang_c1_c1356,0,87382,41193,0.050263894320588975,0.05,1633413,1v5
HongZhang_c1_c1356,1,4890,30297,0.05704270099984431,0.05,1633413,1v5
HongZhang_c1_c1356,1,66815,79325,0.05155162346335478,0.05,1633413,1v5
HongZhang_c1_c1356,1,44128,84735,0.05587291650482354,0.05,1633413,1v5
HongZhang_c1_c1356,1,3966,4107,0.05222143306854319,0.05,1633413,1v5
HongZhang_c1_c1356,1,44764,46372,0.05619642577300022,0.05,1633413,1v5
HongZhang_c1_c1356,0,87382,45130,0.05359659065696311,0.05,1633414,1v5
HongZhang_c1_c1356,1,4890,30297,0.05704270099984431,0.05,1633414,1v5
HongZhang_c1_c1356,1,66815,79325,0.05155162346335478,0.05,1633414,1v5
HongZhang_c1_c1356,1,44128,84735,0.05587291650482354,0.05,1633414,1v5
HongZhang_c1_c1356,1,3966,4107,0.05222143306854319,0.05,1633414,1v5
HongZhang_c1_c1356,1,44764,46372,0.05619642577300022,0.05,1633414,1v5
HongZhang_c1_c1356,0,87382,57717,0.05593087304788393,0.05,1633415,1v5
HongZhang_c1_c1356,1,4890,30297,0.05704270099984431,0.05,1633415,1v5
HongZhang_c1_c1356,1,66815,79325,0.05155162346335478,0.05,1633415,1v5
HongZhang_c1_c1356,1,44128,84735,0.05587291650482354,0.05,1633415,1v5
HongZhang_c1_c1356,1,3966,4107,0.05222143306854319,0.05,1633415,1v5
HongZhang_c1_c1356,1,44764,46372,0.05619642577300022,0.05,1633415,1v5
HongZhang_c1_c1356,0,87382,65031,0.0541061357979555,0.05,1633416,1v5
HongZhang_c1_c1356,1,4890,30297,0.05704270099984431,0.05,1633416,1v5
HongZhang_c1_c1356,1,66815,79325,0.05155162346335478,0.05,1633416,1v5
HongZhang_c1_c1356,1,44128,84735,0.05587291650482354,0.05,1633416,1v5
HongZhang_c1_c1356,1,3966,4107,0.05222143306854319,0.05,1633416,1v5
HongZhang_c1_c1356,1,44764,46372,0.05619642577300022,0.05,1633416,1v5
HongZhang_c1_c1356,0,88789,57717,0.05643645333018979,0.05,1633721,1v5
HongZhang_c1_c1356,1,4890,30297,0.05704270099984431,0.05,1633721,1v5
HongZhang_c1_c1356,1,66815,79325,0.05155162346335478,0.05,1633721,1v5
HongZhang_c1_c1356,1,44128,84735,0.05587291650482354,0.05,1633721,1v5
HongZhang_c1_c1356,1,3966,4107,0.05222143306854319,0.05,1633721,1v5
HongZhang_c1_c1356,1,44764,46372,0.05619642577300022,0.05,1633721,1v5
HongZhang_c1_c1356,0,88894,4989,0.09097356206299505,0.09,1633756,1v5
HongZhang_c1_c1356,1,59525,83434,0.09128751885820173,0.09,1633756,1v5
HongZhang_c1_c1356,1,4339,78673,0.09538909530242277,0.09,1633756,1v5
HongZhang_c1_c1356,1,38080,49640,0.09244140848241535,0.09,1633756,1v5
HongZhang_c1_c1356,1,3444,73487,0.09742060676176045,0.09,1633756,1v5
HongZhang_c1_c1356,1,272,480,0.09165393834517895,0.09,1633756,1v5
HongZhang_c1_c1356,0,89010,5363,0.09194095279058882,0.09,1633790,1v5
HongZhang_c1_c1356,1,59525,83434,0.09128751885820173,0.09,1633790,1v5
HongZhang_c1_c1356,1,4339,78673,0.09538909530242277,0.09,1633790,1v5
HongZhang_c1_c1356,1,38080,49640,0.09244140848241535,0.09,1633790,1v5
HongZhang_c1_c1356,1,3444,73487,0.09742060676176045,0.09,1633790,1v5
HongZhang_c1_c1356,1,272,480,0.09165393834517895,0.09,1633790,1v5
HongZhang_c1_c1356,0,90198,22391,0.049616251517880634,0.04,1633998,1v5
HongZhang_c1_c1356,1,68727,77096,0.047950012311556024,0.04,1633998,1v5
HongZhang_c1_c1356,1,46201,46650,0.04415133216856813,0.04,1633998,1v5
HongZhang_c1_c1356,1,65918,65960,0.049541770448425275,0.04,1633998,1v5
HongZhang_c1_c1356,1,78490,79833,0.04083814540413632,0.04,1633998,1v5
HongZhang_c1_c1356,1,641,5728,0.047779900087701485,0.04,1633998,1v5
HongZhang_c1_c1356,0,90198,26051,0.05520842291063833,0.05,1633999,1v5
HongZhang_c1_c1356,1,4890,30297,0.05704270099984431,0.05,1633999,1v5
HongZhang_c1_c1356,1,66815,79325,0.05155162346335478,0.05,1633999,1v5
HongZhang_c1_c1356,1,44128,84735,0.05587291650482354,0.05,1633999,1v5
HongZhang_c1_c1356,1,3966,4107,0.05222143306854319,0.05,1633999,1v5
HongZhang_c1_c1356,1,44764,46372,0.05619642577300022,0.05,1633999,1v5
HongZhang_c1_c1356,0,90198,26075,0.05488141487721938,0.05,1634000,1v5
HongZhang_c1_c1356,1,4890,30297,0.05704270099984431,0.05,1634000,1v5
HongZhang_c1_c1356,1,66815,79325,0.05155162346335478,0.05,1634000,1v5
HongZhang_c1_c1356,1,44128,84735,0.05587291650482354,0.05,1634000,1v5
HongZhang_c1_c1356,1,3966,4107,0.05222143306854319,0.05,1634000,1v5
HongZhang_c1_c1356,1,44764,46372,0.05619642577300022,0.05,1634000,1v5
HongZhang_c1_c1356,0,90198,27022,0.056803336251909614,0.05,1634001,1v5
HongZhang_c1_c1356,1,4890,30297,0.05704270099984431,0.05,1634001,1v5
HongZhang_c1_c1356,1,66815,79325,0.05155162346335478,0.05,1634001,1v5
HongZhang_c1_c1356,1,44128,84735,0.05587291650482354,0.05,1634001,1v5
HongZhang_c1_c1356,1,3966,4107,0.05222143306854319,0.05,1634001,1v5
HongZhang_c1_c1356,1,44764,46372,0.05619642577300022,0.05,1634001,1v5
HongZhang_c1_c1356,0,90198,27102,0.04988651192446599,0.04,1634002,1v5
HongZhang_c1_c1356,1,68727,77096,0.047950012311556024,0.04,1634002,1v5
HongZhang_c1_c1356,1,46201,46650,0.04415133216856813,0.04,1634002,1v5
HongZhang_c1_c1356,1,65918,65960,0.049541770448425275,0.04,1634002,1v5
HongZhang_c1_c1356,1,78490,79833,0.04083814540413632,0.04,1634002,1v5
HongZhang_c1_c1356,1,641,5728,0.047779900087701485,0.04,1634002,1v5
HongZhang_c1_c1356,0,90198,33514,0.054963785093093555,0.05,1634003,1v5
HongZhang_c1_c1356,1,4890,30297,0.05704270099984431,0.05,1634003,1v5
HongZhang_c1_c1356,1,66815,79325,0.05155162346335478,0.05,1634003,1v5
HongZhang_c1_c1356,1,44128,84735,0.05587291650482354,0.05,1634003,1v5
HongZhang_c1_c1356,1,3966,4107,0.05222143306854319,0.05,1634003,1v5
HongZhang_c1_c1356,1,44764,46372,0.05619642577300022,0.05,1634003,1v5
HongZhang_c1_c1356,0,90198,41193,0.05015062842108842,0.05,1634004,1v5
HongZhang_c1_c1356,1,4890,30297,0.05704270099984431,0.05,1634004,1v5
HongZhang_c1_c1356,1,66815,79325,0.05155162346335478,0.05,1634004,1v5
HongZhang_c1_c1356,1,44128,84735,0.05587291650482354,0.05,1634004,1v5
HongZhang_c1_c1356,1,3966,4107,0.05222143306854319,0.05,1634004,1v5
HongZhang_c1_c1356,1,44764,46372,0.05619642577300022,0.05,1634004,1v5
HongZhang_c1_c1356,0,90198,45130,0.049460499823041654,0.04,1634005,1v5
HongZhang_c1_c1356,1,68727,77096,0.047950012311556024,0.04,1634005,1v5
HongZhang_c1_c1356,1,46201,46650,0.04415133216856813,0.04,1634005,1v5
HongZhang_c1_c1356,1,65918,65960,0.049541770448425275,0.04,1634005,1v5
HongZhang_c1_c1356,1,78490,79833,0.04083814540413632,0.04,1634005,1v5
HongZhang_c1_c1356,1,641,5728,0.047779900087701485,0.04,1634005,1v5
HongZhang_c1_c1356,0,90198,48769,0.06113071965769247,0.06,1634006,1v5
HongZhang_c1_c1356,1,72699,76954,0.060919823349105694,0.06,1634006,1v5
HongZhang_c1_c1356,1,37664,52412,0.06050052903474484,0.06,1634006,1v5
HongZhang_c1_c1356,1,5174,6034,0.06556853649446535,0.06,1634006,1v5
HongZhang_c1_c1356,1,4919,22773,0.06181838235168419,0.06,1634006,1v5
HongZhang_c1_c1356,1,4390,26316,0.06060884603113726,0.06,1634006,1v5
HongZhang_c1_c1356,0,90198,57566,0.049919161489537074,0.04,1634007,1v5
HongZhang_c1_c1356,1,68727,77096,0.047950012311556024,0.04,1634007,1v5
HongZhang_c1_c1356,1,46201,46650,0.04415133216856813,0.04,1634007,1v5
HongZhang_c1_c1356,1,65918,65960,0.049541770448425275,0.04,1634007,1v5
HongZhang_c1_c1356,1,78490,79833,0.04083814540413632,0.04,1634007,1v5
HongZhang_c1_c1356,1,641,5728,0.047779900087701485,0.04,1634007,1v5
HongZhang_c1_c1356,0,90198,57717,0.05650885819829589,0.05,1634008,1v5
HongZhang_c1_c1356,1,4890,30297,0.05704270099984431,0.05,1634008,1v5
HongZhang_c1_c1356,1,66815,79325,0.05155162346335478,0.05,1634008,1v5
HongZhang_c1_c1356,1,44128,84735,0.05587291650482354,0.05,1634008,1v5
HongZhang_c1_c1356,1,3966,4107,0.05222143306854319,0.05,1634008,1v5
HongZhang_c1_c1356,1,44764,46372,0.05619642577300022,0.05,1634008,1v5
HongZhang_c1_c1356,0,90198,65044,0.058852862989176344,0.05,1634009,1v5
HongZhang_c1_c1356,1,4890,30297,0.05704270099984431,0.05,1634009,1v5
HongZhang_c1_c1356,1,66815,79325,0.05155162346335478,0.05,1634009,1v5
HongZhang_c1_c1356,1,44128,84735,0.05587291650482354,0.05,1634009,1v5
HongZhang_c1_c1356,1,3966,4107,0.05222143306854319,0.05,1634009,1v5
HongZhang_c1_c1356,1,44764,46372,0.05619642577300022,0.05,1634009,1v5
HongZhang_c1_c1356,0,90198,72070,0.05480043371101146,0.05,1634010,1v5
HongZhang_c1_c1356,1,4890,30297,0.05704270099984431,0.05,1634010,1v5
HongZhang_c1_c1356,1,66815,79325,0.05155162346335478,0.05,1634010,1v5
HongZhang_c1_c1356,1,44128,84735,0.05587291650482354,0.05,1634010,1v5
HongZhang_c1_c1356,1,3966,4107,0.05222143306854319,0.05,1634010,1v5
HongZhang_c1_c1356,1,44764,46372,0.05619642577300022,0.05,1634010,1v5
HongZhang_c1_c1356,0,90198,76309,0.06306277785279193,0.06,1634011,1v5
HongZhang_c1_c1356,1,72699,76954,0.060919823349105694,0.06,1634011,1v5
HongZhang_c1_c1356,1,37664,52412,0.06050052903474484,0.06,1634011,1v5
HongZhang_c1_c1356,1,5174,6034,0.06556853649446535,0.06,1634011,1v5
HongZhang_c1_c1356,1,4919,22773,0.06181838235168419,0.06,1634011,1v5
HongZhang_c1_c1356,1,4390,26316,0.06060884603113726,0.06,1634011,1v5
HongZhang_c1_c1356,0,90198,79429,0.05810782780364914,0.05,1634012,1v5
HongZhang_c1_c1356,1,4890,30297,0.05704270099984431,0.05,1634012,1v5
HongZhang_c1_c1356,1,66815,79325,0.05155162346335478,0.05,1634012,1v5
HongZhang_c1_c1356,1,44128,84735,0.05587291650482354,0.05,1634012,1v5
HongZhang_c1_c1356,1,3966,4107,0.05222143306854319,0.05,1634012,1v5
HongZhang_c1_c1356,1,44764,46372,0.05619642577300022,0.05,1634012,1v5
HongZhang_c1_c1356,0,90198,83133,0.060974557974781976,0.06,1634013,1v5
HongZhang_c1_c1356,1,72699,76954,0.060919823349105694,0.06,1634013,1v5
HongZhang_c1_c1356,1,37664,52412,0.06050052903474484,0.06,1634013,1v5
HongZhang_c1_c1356,1,5174,6034,0.06556853649446535,0.06,1634013,1v5
HongZhang_c1_c1356,1,4919,22773,0.06181838235168419,0.06,1634013,1v5
HongZhang_c1_c1356,1,4390,26316,0.06060884603113726,0.06,1634013,1v5
HongZhang_c1_c1356,0,90389,4989,0.09962534840134186,0.09,1634047,1v5
HongZhang_c1_c1356,1,59525,83434,0.09128751885820173,0.09,1634047,1v5
HongZhang_c1_c1356,1,4339,78673,0.09538909530242277,0.09,1634047,1v5
HongZhang_c1_c1356,1,38080,49640,0.09244140848241535,0.09,1634047,1v5
HongZhang_c1_c1356,1,3444,73487,0.09742060676176045,0.09,1634047,1v5
HongZhang_c1_c1356,1,272,480,0.09165393834517895,0.09,1634047,1v5
HongZhang_c1_c1356,0,90389,5034,0.10180054368222406,0.1,1634048,1v5
HongZhang_c1_c1356,1,39531,80390,0.10576113668852051,0.1,1634048,1v5
HongZhang_c1_c1356,1,508,1648,0.1028052682295696,0.1,1634048,1v5
HongZhang_c1_c1356,1,57221,75314,0.10696006120206089,0.1,1634048,1v5
HongZhang_c1_c1356,1,35516,65783,0.10832122081210573,0.1,1634048,1v5
HongZhang_c1_c1356,1,62852,70310,0.1022488024506419,0.1,1634048,1v5
HongZhang_c1_c1356,0,90389,5363,0.08968697457222516,0.08,1634049,1v5
HongZhang_c1_c1356,1,383,958,0.08799866547683402,0.08,1634049,1v5
HongZhang_c1_c1356,1,47050,87039,0.08386991050782995,0.08,1634049,1v5
HongZhang_c1_c1356,1,3444,41695,0.0847030923880055,0.08,1634049,1v5
HongZhang_c1_c1356,1,55360,83273,0.08141055474414444,0.08,1634049,1v5
HongZhang_c1_c1356,1,59465,88934,0.08275151543709582,0.08,1634049,1v5
HongZhang_c1_c1356,0,91752,22391,0.05220745574514232,0.05,1634126,1v5
HongZhang_c1_c1356,1,4890,30297,0.05704270099984431,0.05,1634126,1v5
HongZhang_c1_c1356,1,66815,79325,0.05155162346335478,0.05,1634126,1v5
HongZhang_c1_c1356,1,44128,84735,0.05587291650482354,0.05,1634126,1v5
HongZhang_c1_c1356,1,3966,4107,0.05222143306854319,0.05,1634126,1v5
HongZhang_c1_c1356,1,44764,46372,0.05619642577300022,0.05,1634126,1v5
HongZhang_c1_c1356,0,91752,26051,0.053284698570430646,0.05,1634127,1v5
HongZhang_c1_c1356,1,4890,30297,0.05704270099984431,0.05,1634127,1v5
HongZhang_c1_c1356,1,66815,79325,0.05155162346335478,0.05,1634127,1v5
HongZhang_c1_c1356,1,44128,84735,0.05587291650482354,0.05,1634127,1v5
HongZhang_c1_c1356,1,3966,4107,0.05222143306854319,0.05,1634127,1v5
HongZhang_c1_c1356,1,44764,46372,0.05619642577300022,0.05,1634127,1v5
HongZhang_c1_c1356,0,91752,26075,0.059929489351659336,0.05,1634128,1v5
HongZhang_c1_c1356,1,4890,30297,0.05704270099984431,0.05,1634128,1v5
HongZhang_c1_c1356,1,66815,79325,0.05155162346335478,0.05,1634128,1v5
HongZhang_c1_c1356,1,44128,84735,0.05587291650482354,0.05,1634128,1v5
HongZhang_c1_c1356,1,3966,4107,0.05222143306854319,0.05,1634128,1v5
HongZhang_c1_c1356,1,44764,46372,0.05619642577300022,0.05,1634128,1v5
HongZhang_c1_c1356,0,91752,27022,0.056675046573043765,0.05,1634129,1v5
HongZhang_c1_c1356,1,4890,30297,0.05704270099984431,0.05,1634129,1v5
HongZhang_c1_c1356,1,66815,79325,0.05155162346335478,0.05,1634129,1v5
HongZhang_c1_c1356,1,44128,84735,0.05587291650482354,0.05,1634129,1v5
HongZhang_c1_c1356,1,3966,4107,0.05222143306854319,0.05,1634129,1v5
HongZhang_c1_c1356,1,44764,46372,0.05619642577300022,0.05,1634129,1v5
HongZhang_c1_c1356,0,91752,33514,0.053992877525171165,0.05,1634130,1v5
HongZhang_c1_c1356,1,4890,30297,0.05704270099984431,0.05,1634130,1v5
HongZhang_c1_c1356,1,66815,79325,0.05155162346335478,0.05,1634130,1v5
HongZhang_c1_c1356,1,44128,84735,0.05587291650482354,0.05,1634130,1v5
HongZhang_c1_c1356,1,3966,4107,0.05222143306854319,0.05,1634130,1v5
HongZhang_c1_c1356,1,44764,46372,0.05619642577300022,0.05,1634130,1v5
HongZhang_c1_c1356,0,91752,41193,0.05237164903383902,0.05,1634131,1v5
HongZhang_c1_c1356,1,4890,30297,0.05704270099984431,0.05,1634131,1v5
HongZhang_c1_c1356,1,66815,79325,0.05155162346335478,0.05,1634131,1v5
HongZhang_c1_c1356,1,44128,84735,0.05587291650482354,0.05,1634131,1v5
HongZhang_c1_c1356,1,3966,4107,0.05222143306854319,0.05,1634131,1v5
HongZhang_c1_c1356,1,44764,46372,0.05619642577300022,0.05,1634131,1v5
HongZhang_c1_c1356,0,91752,45130,0.053650353789660266,0.05,1634132,1v5
HongZhang_c1_c1356,1,4890,30297,0.05704270099984431,0.05,1634132,1v5
HongZhang_c1_c1356,1,66815,79325,0.05155162346335478,0.05,1634132,1v5
HongZhang_c1_c1356,1,44128,84735,0.05587291650482354,0.05,1634132,1v5
HongZhang_c1_c1356,1,3966,4107,0.05222143306854319,0.05,1634132,1v5
HongZhang_c1_c1356,1,44764,46372,0.05619642577300022,0.05,1634132,1v5
HongZhang_c1_c1356,0,91752,48769,0.06161999573790252,0.06,1634133,1v5
HongZhang_c1_c1356,1,72699,76954,0.060919823349105694,0.06,1634133,1v5
HongZhang_c1_c1356,1,37664,52412,0.06050052903474484,0.06,1634133,1v5
HongZhang_c1_c1356,1,5174,6034,0.06556853649446535,0.06,1634133,1v5
HongZhang_c1_c1356,1,4919,22773,0.06181838235168419,0.06,1634133,1v5
HongZhang_c1_c1356,1,4390,26316,0.06060884603113726,0.06,1634133,1v5
HongZhang_c1_c1356,0,91752,65031,0.05240649121187733,0.05,1634134,1v5
HongZhang_c1_c1356,1,4890,30297,0.05704270099984431,0.05,1634134,1v5
HongZhang_c1_c1356,1,66815,79325,0.05155162346335478,0.05,1634134,1v5
HongZhang_c1_c1356,1,44128,84735,0.05587291650482354,0.05,1634134,1v5
HongZhang_c1_c1356,1,3966,4107,0.05222143306854319,0.05,1634134,1v5
HongZhang_c1_c1356,1,44764,46372,0.05619642577300022,0.05,1634134,1v5
HongZhang_c1_c1356,0,91752,65044,0.06048004800095901,0.06,1634135,1v5
HongZhang_c1_c1356,1,72699,76954,0.060919823349105694,0.06,1634135,1v5
HongZhang_c1_c1356,1,37664,52412,0.06050052903474484,0.06,1634135,1v5
HongZhang_c1_c1356,1,5174,6034,0.06556853649446535,0.06,1634135,1v5
HongZhang_c1_c1356,1,4919,22773,0.06181838235168419,0.06,1634135,1v5
HongZhang_c1_c1356,1,4390,26316,0.06060884603113726,0.06,1634135,1v5
HongZhang_c1_c1356,0,91752,72070,0.05570075038034526,0.05,1634136,1v5
HongZhang_c1_c1356,1,4890,30297,0.05704270099984431,0.05,1634136,1v5
HongZhang_c1_c1356,1,66815,79325,0.05155162346335478,0.05,1634136,1v5
HongZhang_c1_c1356,1,44128,84735,0.05587291650482354,0.05,1634136,1v5
HongZhang_c1_c1356,1,3966,4107,0.05222143306854319,0.05,1634136,1v5
HongZhang_c1_c1356,1,44764,46372,0.05619642577300022,0.05,1634136,1v5
HongZhang_c1_c1356,0,91752,76309,0.06461338380754414,0.06,1634137,1v5
HongZhang_c1_c1356,1,72699,76954,0.060919823349105694,0.06,1634137,1v5
HongZhang_c1_c1356,1,37664,52412,0.06050052903474484,0.06,1634137,1v5
HongZhang_c1_c1356,1,5174,6034,0.06556853649446535,0.06,1634137,1v5
HongZhang_c1_c1356,1,4919,22773,0.06181838235168419,0.06,1634137,1v5
HongZhang_c1_c1356,1,4390,26316,0.06060884603113726,0.06,1634137,1v5
HongZhang_c2_c1,0,5315,4189,0.1035676215268155,0.1,1707046,1v5
HongZhang_c2_c1,1,76573,90219,0.10259676266473766,0.1,1707046,1v5
HongZhang_c2_c1,1,75800,92993,0.10666534559647327,0.1,1707046,1v5
HongZhang_c2_c1,1,91310,92744,0.10593478505053688,0.1,1707046,1v5
HongZhang_c2_c1,1,25781,64374,0.10158560158135835,0.1,1707046,1v5
HongZhang_c2_c1,1,87981,92887,0.10455919760827333,0.1,1707046,1v5
HongZhang_c2_c1,0,5315,18283,0.09994553929518527,0.09,1707047,1v5
HongZhang_c2_c1,1,23695,28759,0.0966646620441733,0.09,1707047,1v5
HongZhang_c2_c1,1,9470,16606,0.09685616670468769,0.09,1707047,1v5
HongZhang_c2_c1,1,65564,78191,0.09032490485378311,0.09,1707047,1v5
HongZhang_c2_c1,1,21251,85339,0.09787658718687672,0.09,1707047,1v5
HongZhang_c2_c1,1,21385,42090,0.09098477889725072,0.09,1707047,1v5
HongZhang_c2_c1,0,6203,4133,0.07994520069139979,0.07,1714655,1v5
HongZhang_c2_c1,1,47184,57290,0.07034232638259165,0.07,1714655,1v5
HongZhang_c2_c1,1,8098,55945,0.07471725606550142,0.07,1714655,1v5
HongZhang_c2_c1,1,27803,39790,0.07493333262609408,0.07,1714655,1v5
HongZhang_c2_c1,1,38724,71681,0.07140695478897674,0.07,1714655,1v5
HongZhang_c2_c1,1,77970,84168,0.07693558284488634,0.07,1714655,1v5
HongZhang_c2_c1,0,6203,4189,0.07848079403119995,0.07,1714656,1v5
HongZhang_c2_c1,1,47184,57290,0.07034232638259165,0.07,1714656,1v5
HongZhang_c2_c1,1,8098,55945,0.07471725606550142,0.07,1714656,1v5
HongZhang_c2_c1,1,27803,39790,0.07493333262609408,0.07,1714656,1v5
HongZhang_c2_c1,1,38724,71681,0.07140695478897674,0.07,1714656,1v5
HongZhang_c2_c1,1,77970,84168,0.07693558284488634,0.07,1714656,1v5
HongZhang_c2_c1,0,6203,5338,0.10062237458824223,0.1,1714657,1v5
HongZhang_c2_c1,1,76573,90219,0.10259676266473766,0.1,1714657,1v5
HongZhang_c2_c1,1,75800,92993,0.10666534559647327,0.1,1714657,1v5
HongZhang_c2_c1,1,91310,92744,0.10593478505053688,0.1,1714657,1v5
HongZhang_c2_c1,1,25781,64374,0.10158560158135835,0.1,1714657,1v5
HongZhang_c2_c1,1,87981,92887,0.10455919760827333,0.1,1714657,1v5
HongZhang_c2_c1,0,6203,5473,0.07916849374130244,0.07,1714658,1v5
HongZhang_c2_c1,1,47184,57290,0.07034232638259165,0.07,1714658,1v5
HongZhang_c2_c1,1,8098,55945,0.07471725606550142,0.07,1714658,1v5
HongZhang_c2_c1,1,27803,39790,0.07493333262609408,0.07,1714658,1v5
HongZhang_c2_c1,1,38724,71681,0.07140695478897674,0.07,1714658,1v5
HongZhang_c2_c1,1,77970,84168,0.07693558284488634,0.07,1714658,1v5
HongZhang_c2_c1,0,6203,18283,0.06426731647472739,0.06,1714659,1v5
HongZhang_c2_c1,1,26081,30856,0.06220636638589849,0.06,1714659,1v5
HongZhang_c2_c1,1,46376,71643,0.06825458723149276,0.06,1714659,1v5
HongZhang_c2_c1,1,17146,42205,0.06549552302647149,0.06,1714659,1v5
HongZhang_c2_c1,1,10110,33919,0.06689051214730994,0.06,1714659,1v5
HongZhang_c2_c1,1,11101,91601,0.06974465145540858,0.06,1714659,1v5
HongZhang_c2_c1,0,8313,4189,0.1070277027460318,0.1,1766501,1v5
HongZhang_c2_c1,1,76573,90219,0.10259676266473766,0.1,1766501,1v5
HongZhang_c2_c1,1,75800,92993,0.10666534559647327,0.1,1766501,1v5
HongZhang_c2_c1,1,91310,92744,0.10593478505053688,0.1,1766501,1v5
HongZhang_c2_c1,1,25781,64374,0.10158560158135835,0.1,1766501,1v5
HongZhang_c2_c1,1,87981,92887,0.10455919760827333,0.1,1766501,1v5
HongZhang_c2_c1,0,16325,4189,0.10642050882959204,0.1,1929263,1v5
HongZhang_c2_c1,1,76573,90219,0.10259676266473766,0.1,1929263,1v5
HongZhang_c2_c1,1,75800,92993,0.10666534559647327,0.1,1929263,1v5
HongZhang_c2_c1,1,91310,92744,0.10593478505053688,0.1,1929263,1v5
HongZhang_c2_c1,1,25781,64374,0.10158560158135835,0.1,1929263,1v5
HongZhang_c2_c1,1,87981,92887,0.10455919760827333,0.1,1929263,1v5
HongZhang_c2_c1,0,18153,4189,0.10125524636368596,0.1,1958863,1v5
HongZhang_c2_c1,1,76573,90219,0.10259676266473766,0.1,1958863,1v5
HongZhang_c2_c1,1,75800,92993,0.10666534559647327,0.1,1958863,1v5
HongZhang_c2_c1,1,91310,92744,0.10593478505053688,0.1,1958863,1v5
HongZhang_c2_c1,1,25781,64374,0.10158560158135835,0.1,1958863,1v5
HongZhang_c2_c1,1,87981,92887,0.10455919760827333,0.1,1958863,1v5
HongZhang_c2_c1,0,18265,4133,0.09348508323507618,0.09,1960428,1v5
HongZhang_c2_c1,1,23695,28759,0.0966646620441733,0.09,1960428,1v5
HongZhang_c2_c1,1,9470,16606,0.09685616670468769,0.09,1960428,1v5
HongZhang_c2_c1,1,65564,78191,0.09032490485378311,0.09,1960428,1v5
HongZhang_c2_c1,1,21251,85339,0.09787658718687672,0.09,1960428,1v5
HongZhang_c2_c1,1,21385,42090,0.09098477889725072,0.09,1960428,1v5
HongZhang_c2_c1,0,18265,4189,0.07790223953273095,0.07,1960429,1v5
HongZhang_c2_c1,1,47184,57290,0.07034232638259165,0.07,1960429,1v5
HongZhang_c2_c1,1,8098,55945,0.07471725606550142,0.07,1960429,1v5
HongZhang_c2_c1,1,27803,39790,0.07493333262609408,0.07,1960429,1v5
HongZhang_c2_c1,1,38724,71681,0.07140695478897674,0.07,1960429,1v5
HongZhang_c2_c1,1,77970,84168,0.07693558284488634,0.07,1960429,1v5
HongZhang_c2_c1,0,18265,5338,0.10052793609405698,0.1,1960430,1v5
HongZhang_c2_c1,1,76573,90219,0.10259676266473766,0.1,1960430,1v5
HongZhang_c2_c1,1,75800,92993,0.10666534559647327,0.1,1960430,1v5
HongZhang_c2_c1,1,91310,92744,0.10593478505053688,0.1,1960430,1v5
HongZhang_c2_c1,1,25781,64374,0.10158560158135835,0.1,1960430,1v5
HongZhang_c2_c1,1,87981,92887,0.10455919760827333,0.1,1960430,1v5
HongZhang_c2_c1,0,18265,5473,0.08482562686342755,0.08,1960431,1v5
HongZhang_c2_c1,1,14500,73806,0.08824259128052417,0.08,1960431,1v5
HongZhang_c2_c1,1,15669,31345,0.08541054468020785,0.08,1960431,1v5
HongZhang_c2_c1,1,10850,64372,0.08158764423344035,0.08,1960431,1v5
HongZhang_c2_c1,1,5721,50906,0.0810416757176165,0.08,1960431,1v5
HongZhang_c2_c1,1,14466,50922,0.08054933480844301,0.08,1960431,1v5
HongZhang_c2_c1,0,18265,18283,0.08670301845182511,0.08,1960432,1v5
HongZhang_c2_c1,1,14500,73806,0.08824259128052417,0.08,1960432,1v5
HongZhang_c2_c1,1,15669,31345,0.08541054468020785,0.08,1960432,1v5
HongZhang_c2_c1,1,10850,64372,0.08158764423344035,0.08,1960432,1v5
HongZhang_c2_c1,1,5721,50906,0.0810416757176165,0.08,1960432,1v5
HongZhang_c2_c1,1,14466,50922,0.08054933480844301,0.08,1960432,1v5
HongZhang_c2_c1,0,30067,4189,0.1060381775227783,0.1,2126941,1v5
HongZhang_c2_c1,1,76573,90219,0.10259676266473766,0.1,2126941,1v5
HongZhang_c2_c1,1,75800,92993,0.10666534559647327,0.1,2126941,1v5
HongZhang_c2_c1,1,91310,92744,0.10593478505053688,0.1,2126941,1v5
HongZhang_c2_c1,1,25781,64374,0.10158560158135835,0.1,2126941,1v5
HongZhang_c2_c1,1,87981,92887,0.10455919760827333,0.1,2126941,1v5
HongZhang_c2_c1,0,81206,4133,0.11605975697157339,0.11,2554323,1v5
HongZhang_c2_c1,1,27748,51571,0.11074278778285183,0.11,2554323,1v5
HongZhang_c2_c1,1,81410,92432,0.11018730457337944,0.11,2554323,1v5
HongZhang_c2_c1,1,31050,89642,0.11622471814716537,0.11,2554323,1v5
HongZhang_c2_c1,1,48334,52187,0.11454671974638796,0.11,2554323,1v5
HongZhang_c2_c1,1,11735,15511,0.1147799094194814,0.11,2554323,1v5
HongZhang_c2_c1,0,81206,4189,0.09511244920378147,0.09,2554324,1v5
HongZhang_c2_c1,1,23695,28759,0.0966646620441733,0.09,2554324,1v5
HongZhang_c2_c1,1,9470,16606,0.09685616670468769,0.09,2554324,1v5
HongZhang_c2_c1,1,65564,78191,0.09032490485378311,0.09,2554324,1v5
HongZhang_c2_c1,1,21251,85339,0.09787658718687672,0.09,2554324,1v5
HongZhang_c2_c1,1,21385,42090,0.09098477889725072,0.09,2554324,1v5
HongZhang_c2_c1,0,81206,5338,0.10568915929618393,0.1,2554325,1v5
HongZhang_c2_c1,1,76573,90219,0.10259676266473766,0.1,2554325,1v5
HongZhang_c2_c1,1,75800,92993,0.10666534559647327,0.1,2554325,1v5
HongZhang_c2_c1,1,91310,92744,0.10593478505053688,0.1,2554325,1v5
HongZhang_c2_c1,1,25781,64374,0.10158560158135835,0.1,2554325,1v5
HongZhang_c2_c1,1,87981,92887,0.10455919760827333,0.1,2554325,1v5
HongZhang_c2_c1,0,81206,5473,0.10240362064760385,0.1,2554326,1v5
HongZhang_c2_c1,1,76573,90219,0.10259676266473766,0.1,2554326,1v5
HongZhang_c2_c1,1,75800,92993,0.10666534559647327,0.1,2554326,1v5
HongZhang_c2_c1,1,91310,92744,0.10593478505053688,0.1,2554326,1v5
HongZhang_c2_c1,1,25781,64374,0.10158560158135835,0.1,2554326,1v5
HongZhang_c2_c1,1,87981,92887,0.10455919760827333,0.1,2554326,1v5
HongZhang_c2_c1,0,81206,18283,0.11674713294478352,0.11,2554327,1v5
HongZhang_c2_c1,1,27748,51571,0.11074278778285183,0.11,2554327,1v5
HongZhang_c2_c1,1,81410,92432,0.11018730457337944,0.11,2554327,1v5
HongZhang_c2_c1,1,31050,89642,0.11622471814716537,0.11,2554327,1v5
HongZhang_c2_c1,1,48334,52187,0.11454671974638796,0.11,2554327,1v5
HongZhang_c2_c1,1,11735,15511,0.1147799094194814,0.11,2554327,1v5
HongZhang_c2_c1,0,81206,30019,0.10356049935050282,0.1,2554328,1v5
HongZhang_c2_c1,1,76573,90219,0.10259676266473766,0.1,2554328,1v5
HongZhang_c2_c1,1,75800,92993,0.10666534559647327,0.1,2554328,1v5
HongZhang_c2_c1,1,91310,92744,0.10593478505053688,0.1,2554328,1v5
HongZhang_c2_c1,1,25781,64374,0.10158560158135835,0.1,2554328,1v5
HongZhang_c2_c1,1,87981,92887,0.10455919760827333,0.1,2554328,1v5
HongZhang_c2_c1,0,81206,82344,0.11605186418962522,0.11,2554329,1v5
HongZhang_c2_c1,1,27748,51571,0.11074278778285183,0.11,2554329,1v5
HongZhang_c2_c1,1,81410,92432,0.11018730457337944,0.11,2554329,1v5
HongZhang_c2_c1,1,31050,89642,0.11622471814716537,0.11,2554329,1v5
HongZhang_c2_c1,1,48334,52187,0.11454671974638796,0.11,2554329,1v5
HongZhang_c2_c1,1,11735,15511,0.1147799094194814,0.11,2554329,1v5
HongZhang_c2_c1,0,81206,91875,0.09988117328168127,0.09,2554330,1v5
HongZhang_c2_c1,1,23695,28759,0.0966646620441733,0.09,2554330,1v5
HongZhang_c2_c1,1,9470,16606,0.09685616670468769,0.09,2554330,1v5
HongZhang_c2_c1,1,65564,78191,0.09032490485378311,0.09,2554330,1v5
HongZhang_c2_c1,1,21251,85339,0.09787658718687672,0.09,2554330,1v5
HongZhang_c2_c1,1,21385,42090,0.09098477889725072,0.09,2554330,1v5
HongZhang_c2_c98,0,1381,8605,0.10377085891595718,0.1,2826850,1v5
HongZhang_c2_c98,1,48960,56771,0.10622722983541388,0.1,2826850,1v5
HongZhang_c2_c98,1,1845,7720,0.10482982898458926,0.1,2826850,1v5
HongZhang_c2_c98,1,59435,60533,0.10852068581604621,0.1,2826850,1v5
HongZhang_c2_c98,1,56876,70199,0.10981234079047412,0.1,2826850,1v5
HongZhang_c2_c98,1,6848,46026,0.10094144438894505,0.1,2826850,1v5
HongZhang_c2_c98,0,1381,16273,0.1043501722889436,0.1,2826851,1v5
HongZhang_c2_c98,1,48960,56771,0.10622722983541388,0.1,2826851,1v5
HongZhang_c2_c98,1,1845,7720,0.10482982898458926,0.1,2826851,1v5
HongZhang_c2_c98,1,59435,60533,0.10852068581604621,0.1,2826851,1v5
HongZhang_c2_c98,1,56876,70199,0.10981234079047412,0.1,2826851,1v5
HongZhang_c2_c98,1,6848,46026,0.10094144438894505,0.1,2826851,1v5
HongZhang_c2_c98,0,1381,54702,0.11059873868526379,0.11,2826852,1v5
HongZhang_c2_c98,1,91102,92578,0.11899713790765802,0.11,2826852,1v5
HongZhang_c2_c98,1,88169,89718,0.11502113473418966,0.11,2826852,1v5
HongZhang_c2_c98,1,82383,92790,0.11205171571892265,0.11,2826852,1v5
HongZhang_c2_c98,1,88178,89550,0.11122042760389518,0.11,2826852,1v5
HongZhang_c2_c98,1,73851,75784,0.11270557923043975,0.11,2826852,1v5
HongZhang_c2_c98,0,8369,8175,0.13725597435861783,0.13,2931891,1v5
HongZhang_c2_c98,1,12845,46810,0.1355460350636762,0.13,2931891,1v5
HongZhang_c2_c98,1,92567,92890,0.1323687997348954,0.13,2931891,1v5
HongZhang_c2_c98,1,92731,92989,0.13533223131838232,0.13,2931891,1v5
HongZhang_c2_c98,1,25000,45210,0.13689654494741932,0.13,2931891,1v5
HongZhang_c2_c98,1,574,5373,0.134232389039401,0.13,2931891,1v5
HongZhang_c2_c98,0,8546,9670,0.11397111331405475,0.11,2935529,1v5
HongZhang_c2_c98,1,91102,92578,0.11899713790765802,0.11,2935529,1v5
HongZhang_c2_c98,1,88169,89718,0.11502113473418966,0.11,2935529,1v5
HongZhang_c2_c98,1,82383,92790,0.11205171571892265,0.11,2935529,1v5
HongZhang_c2_c98,1,88178,89550,0.11122042760389518,0.11,2935529,1v5
HongZhang_c2_c98,1,73851,75784,0.11270557923043975,0.11,2935529,1v5
HongZhang_c2_c98,0,8546,16273,0.11688668367015556,0.11,2935530,1v5
HongZhang_c2_c98,1,91102,92578,0.11899713790765802,0.11,2935530,1v5
HongZhang_c2_c98,1,88169,89718,0.11502113473418966,0.11,2935530,1v5
HongZhang_c2_c98,1,82383,92790,0.11205171571892265,0.11,2935530,1v5
HongZhang_c2_c98,1,88178,89550,0.11122042760389518,0.11,2935530,1v5
HongZhang_c2_c98,1,73851,75784,0.11270557923043975,0.11,2935530,1v5
HongZhang_c2_c98,0,12281,8175,0.13501398778455276,0.13,3017088,1v5
HongZhang_c2_c98,1,12845,46810,0.1355460350636762,0.13,3017088,1v5
HongZhang_c2_c98,1,92567,92890,0.1323687997348954,0.13,3017088,1v5
HongZhang_c2_c98,1,92731,92989,0.13533223131838232,0.13,3017088,1v5
HongZhang_c2_c98,1,25000,45210,0.13689654494741932,0.13,3017088,1v5
HongZhang_c2_c98,1,574,5373,0.134232389039401,0.13,3017088,1v5
HongZhang_c2_c98,0,12772,2585,0.13657649646990208,0.13,3027071,1v5
HongZhang_c2_c98,1,12845,46810,0.1355460350636762,0.13,3027071,1v5
HongZhang_c2_c98,1,92567,92890,0.1323687997348954,0.13,3027071,1v5
HongZhang_c2_c98,1,92731,92989,0.13533223131838232,0.13,3027071,1v5
HongZhang_c2_c98,1,25000,45210,0.13689654494741932,0.13,3027071,1v5
HongZhang_c2_c98,1,574,5373,0.134232389039401,0.13,3027071,1v5
HongZhang_c2_c98,0,12772,2996,0.1319320266183562,0.13,3027072,1v5
HongZhang_c2_c98,1,12845,46810,0.1355460350636762,0.13,3027072,1v5
HongZhang_c2_c98,1,92567,92890,0.1323687997348954,0.13,3027072,1v5
HongZhang_c2_c98,1,92731,92989,0.13533223131838232,0.13,3027072,1v5
HongZhang_c2_c98,1,25000,45210,0.13689654494741932,0.13,3027072,1v5
HongZhang_c2_c98,1,574,5373,0.134232389039401,0.13,3027072,1v5
HongZhang_c2_c98,0,12772,7277,0.14696945196213962,0.14,3027073,1v5
HongZhang_c2_c98,1,54313,92609,0.14041535482680823,0.14,3027073,1v5
HongZhang_c2_c98,1,85600,88477,0.14364869491627144,0.14,3027073,1v5
HongZhang_c2_c98,1,1496,68826,0.14132383310771973,0.14,3027073,1v5
HongZhang_c2_c98,1,87063,90877,0.14025140667986202,0.14,3027073,1v5
HongZhang_c2_c98,1,35535,44548,0.14134275138279,0.14,3027073,1v5
HongZhang_c2_c98,0,12772,9670,0.09197914992186419,0.09,3027074,1v5
HongZhang_c2_c98,1,84123,85080,0.09127206130876625,0.09,3027074,1v5
HongZhang_c2_c98,1,21338,24599,0.09643746638483232,0.09,3027074,1v5
HongZhang_c2_c98,1,16976,19047,0.09577942877548688,0.09,3027074,1v5
HongZhang_c2_c98,1,19045,88679,0.09632702872024766,0.09,3027074,1v5
HongZhang_c2_c98,1,19241,30384,0.09971713924301488,0.09,3027074,1v5
HongZhang_c2_c98,0,12772,9759,0.13114174926865524,0.13,3027075,1v5
HongZhang_c2_c98,1,12845,46810,0.1355460350636762,0.13,3027075,1v5
HongZhang_c2_c98,1,92567,92890,0.1323687997348954,0.13,3027075,1v5
HongZhang_c2_c98,1,92731,92989,0.13533223131838232,0.13,3027075,1v5
HongZhang_c2_c98,1,25000,45210,0.13689654494741932,0.13,3027075,1v5
HongZhang_c2_c98,1,574,5373,0.134232389039401,0.13,3027075,1v5
HongZhang_c2_c98,0,12772,11638,0.12925270313685203,0.12,3027076,1v5
HongZhang_c2_c98,1,89724,92557,0.12215260283651944,0.12,3027076,1v5
HongZhang_c2_c98,1,75848,77717,0.120505816530405,0.12,3027076,1v5
HongZhang_c2_c98,1,43163,76315,0.1210062953345469,0.12,3027076,1v5
HongZhang_c2_c98,1,14502,51089,0.12336988476742056,0.12,3027076,1v5
HongZhang_c2_c98,1,43163,63785,0.1286937900280486,0.12,3027076,1v5
HongZhang_c2_c98,0,12772,11761,0.14670775749831821,0.14,3027077,1v5
HongZhang_c2_c98,1,54313,92609,0.14041535482680823,0.14,3027077,1v5
HongZhang_c2_c98,1,85600,88477,0.14364869491627144,0.14,3027077,1v5
HongZhang_c2_c98,1,1496,68826,0.14132383310771973,0.14,3027077,1v5
HongZhang_c2_c98,1,87063,90877,0.14025140667986202,0.14,3027077,1v5
HongZhang_c2_c98,1,35535,44548,0.14134275138279,0.14,3027077,1v5
HongZhang_c2_c98,0,12772,12496,0.12764116697929512,0.12,3027078,1v5
HongZhang_c2_c98,1,89724,92557,0.12215260283651944,0.12,3027078,1v5
HongZhang_c2_c98,1,75848,77717,0.120505816530405,0.12,3027078,1v5
HongZhang_c2_c98,1,43163,76315,0.1210062953345469,0.12,3027078,1v5
HongZhang_c2_c98,1,14502,51089,0.12336988476742056,0.12,3027078,1v5
HongZhang_c2_c98,1,43163,63785,0.1286937900280486,0.12,3027078,1v5
HongZhang_c2_c98,0,12772,14217,0.1420197010310572,0.14,3027079,1v5
HongZhang_c2_c98,1,54313,92609,0.14041535482680823,0.14,3027079,1v5
HongZhang_c2_c98,1,85600,88477,0.14364869491627144,0.14,3027079,1v5
HongZhang_c2_c98,1,1496,68826,0.14132383310771973,0.14,3027079,1v5
HongZhang_c2_c98,1,87063,90877,0.14025140667986202,0.14,3027079,1v5
HongZhang_c2_c98,1,35535,44548,0.14134275138279,0.14,3027079,1v5
HongZhang_c2_c98,0,12772,14555,0.14415883039367866,0.14,3027080,1v5
HongZhang_c2_c98,1,54313,92609,0.14041535482680823,0.14,3027080,1v5
HongZhang_c2_c98,1,85600,88477,0.14364869491627144,0.14,3027080,1v5
HongZhang_c2_c98,1,1496,68826,0.14132383310771973,0.14,3027080,1v5
HongZhang_c2_c98,1,87063,90877,0.14025140667986202,0.14,3027080,1v5
HongZhang_c2_c98,1,35535,44548,0.14134275138279,0.14,3027080,1v5
HongZhang_c2_c98,0,12772,15483,0.1473024685810113,0.14,3027081,1v5
HongZhang_c2_c98,1,54313,92609,0.14041535482680823,0.14,3027081,1v5
HongZhang_c2_c98,1,85600,88477,0.14364869491627144,0.14,3027081,1v5
HongZhang_c2_c98,1,1496,68826,0.14132383310771973,0.14,3027081,1v5
HongZhang_c2_c98,1,87063,90877,0.14025140667986202,0.14,3027081,1v5
HongZhang_c2_c98,1,35535,44548,0.14134275138279,0.14,3027081,1v5
HongZhang_c2_c98,0,12772,15561,0.1338970047937708,0.13,3027082,1v5
HongZhang_c2_c98,1,12845,46810,0.1355460350636762,0.13,3027082,1v5
HongZhang_c2_c98,1,92567,92890,0.1323687997348954,0.13,3027082,1v5
HongZhang_c2_c98,1,92731,92989,0.13533223131838232,0.13,3027082,1v5
HongZhang_c2_c98,1,25000,45210,0.13689654494741932,0.13,3027082,1v5
HongZhang_c2_c98,1,574,5373,0.134232389039401,0.13,3027082,1v5
HongZhang_c2_c98,0,12772,15582,0.1402564892182317,0.14,3027083,1v5
HongZhang_c2_c98,1,54313,92609,0.14041535482680823,0.14,3027083,1v5
HongZhang_c2_c98,1,85600,88477,0.14364869491627144,0.14,3027083,1v5
HongZhang_c2_c98,1,1496,68826,0.14132383310771973,0.14,3027083,1v5
HongZhang_c2_c98,1,87063,90877,0.14025140667986202,0.14,3027083,1v5
HongZhang_c2_c98,1,35535,44548,0.14134275138279,0.14,3027083,1v5
HongZhang_c2_c98,0,12772,16273,0.10327312937493348,0.1,3027084,1v5
HongZhang_c2_c98,1,48960,56771,0.10622722983541388,0.1,3027084,1v5
HongZhang_c2_c98,1,1845,7720,0.10482982898458926,0.1,3027084,1v5
HongZhang_c2_c98,1,59435,60533,0.10852068581604621,0.1,3027084,1v5
HongZhang_c2_c98,1,56876,70199,0.10981234079047412,0.1,3027084,1v5
HongZhang_c2_c98,1,6848,46026,0.10094144438894505,0.1,3027084,1v5
HongZhang_c2_c98,0,12772,16360,0.14101273500027917,0.14,3027085,1v5
HongZhang_c2_c98,1,54313,92609,0.14041535482680823,0.14,3027085,1v5
HongZhang_c2_c98,1,85600,88477,0.14364869491627144,0.14,3027085,1v5
HongZhang_c2_c98,1,1496,68826,0.14132383310771973,0.14,3027085,1v5
HongZhang_c2_c98,1,87063,90877,0.14025140667986202,0.14,3027085,1v5
HongZhang_c2_c98,1,35535,44548,0.14134275138279,0.14,3027085,1v5
HongZhang_c2_c98,0,12772,16549,0.13601180228359436,0.13,3027086,1v5
HongZhang_c2_c98,1,12845,46810,0.1355460350636762,0.13,3027086,1v5
HongZhang_c2_c98,1,92567,92890,0.1323687997348954,0.13,3027086,1v5
HongZhang_c2_c98,1,92731,92989,0.13533223131838232,0.13,3027086,1v5
HongZhang_c2_c98,1,25000,45210,0.13689654494741932,0.13,3027086,1v5
HongZhang_c2_c98,1,574,5373,0.134232389039401,0.13,3027086,1v5
HongZhang_c2_c98,0,12772,21057,0.1397175554434859,0.13,3027087,1v5
HongZhang_c2_c98,1,12845,46810,0.1355460350636762,0.13,3027087,1v5
HongZhang_c2_c98,1,92567,92890,0.1323687997348954,0.13,3027087,1v5
HongZhang_c2_c98,1,92731,92989,0.13533223131838232,0.13,3027087,1v5
HongZhang_c2_c98,1,25000,45210,0.13689654494741932,0.13,3027087,1v5
HongZhang_c2_c98,1,574,5373,0.134232389039401,0.13,3027087,1v5
HongZhang_c2_c98,0,15974,2585,0.11749597828040137,0.11,3087715,1v5
HongZhang_c2_c98,1,91102,92578,0.11899713790765802,0.11,3087715,1v5
HongZhang_c2_c98,1,88169,89718,0.11502113473418966,0.11,3087715,1v5
HongZhang_c2_c98,1,82383,92790,0.11205171571892265,0.11,3087715,1v5
HongZhang_c2_c98,1,88178,89550,0.11122042760389518,0.11,3087715,1v5
HongZhang_c2_c98,1,73851,75784,0.11270557923043975,0.11,3087715,1v5
HongZhang_c2_c98,0,15974,2996,0.11434265674401671,0.11,3087716,1v5
HongZhang_c2_c98,1,91102,92578,0.11899713790765802,0.11,3087716,1v5
HongZhang_c2_c98,1,88169,89718,0.11502113473418966,0.11,3087716,1v5
HongZhang_c2_c98,1,82383,92790,0.11205171571892265,0.11,3087716,1v5
HongZhang_c2_c98,1,88178,89550,0.11122042760389518,0.11,3087716,1v5
HongZhang_c2_c98,1,73851,75784,0.11270557923043975,0.11,3087716,1v5
HongZhang_c2_c98,0,15974,7277,0.12395146556418778,0.12,3087717,1v5
HongZhang_c2_c98,1,89724,92557,0.12215260283651944,0.12,3087717,1v5
HongZhang_c2_c98,1,75848,77717,0.120505816530405,0.12,3087717,1v5
HongZhang_c2_c98,1,43163,76315,0.1210062953345469,0.12,3087717,1v5
HongZhang_c2_c98,1,14502,51089,0.12336988476742056,0.12,3087717,1v5
HongZhang_c2_c98,1,43163,63785,0.1286937900280486,0.12,3087717,1v5
HongZhang_c2_c98,0,15974,9670,0.07095770511716312,0.07,3087718,1v5
HongZhang_c2_c98,1,3498,87674,0.07822718288960556,0.07,3087718,1v5
HongZhang_c2_c98,1,20893,86971,0.0757363384938004,0.07,3087718,1v5
HongZhang_c2_c98,1,58229,84237,0.0727821646419404,0.07,3087718,1v5
HongZhang_c2_c98,1,17921,71668,0.07398571468080822,0.07,3087718,1v5
HongZhang_c2_c98,1,54201,85314,0.07213006156144067,0.07,3087718,1v5
HongZhang_c2_c98,0,15974,9759,0.10880402940942287,0.1,3087719,1v5
HongZhang_c2_c98,1,48960,56771,0.10622722983541388,0.1,3087719,1v5
HongZhang_c2_c98,1,1845,7720,0.10482982898458926,0.1,3087719,1v5
HongZhang_c2_c98,1,59435,60533,0.10852068581604621,0.1,3087719,1v5
HongZhang_c2_c98,1,56876,70199,0.10981234079047412,0.1,3087719,1v5
HongZhang_c2_c98,1,6848,46026,0.10094144438894505,0.1,3087719,1v5
HongZhang_c2_c98,0,15974,10800,0.13609255905006562,0.13,3087720,1v5
HongZhang_c2_c98,1,12845,46810,0.1355460350636762,0.13,3087720,1v5
HongZhang_c2_c98,1,92567,92890,0.1323687997348954,0.13,3087720,1v5
HongZhang_c2_c98,1,92731,92989,0.13533223131838232,0.13,3087720,1v5
HongZhang_c2_c98,1,25000,45210,0.13689654494741932,0.13,3087720,1v5
HongZhang_c2_c98,1,574,5373,0.134232389039401,0.13,3087720,1v5
HongZhang_c2_c98,0,15974,11638,0.1139688959140711,0.11,3087721,1v5
HongZhang_c2_c98,1,91102,92578,0.11899713790765802,0.11,3087721,1v5
HongZhang_c2_c98,1,88169,89718,0.11502113473418966,0.11,3087721,1v5
HongZhang_c2_c98,1,82383,92790,0.11205171571892265,0.11,3087721,1v5
HongZhang_c2_c98,1,88178,89550,0.11122042760389518,0.11,3087721,1v5
HongZhang_c2_c98,1,73851,75784,0.11270557923043975,0.11,3087721,1v5
HongZhang_c2_c98,0,15974,11761,0.13064078684939803,0.13,3087722,1v5
HongZhang_c2_c98,1,12845,46810,0.1355460350636762,0.13,3087722,1v5
HongZhang_c2_c98,1,92567,92890,0.1323687997348954,0.13,3087722,1v5
HongZhang_c2_c98,1,92731,92989,0.13533223131838232,0.13,3087722,1v5
HongZhang_c2_c98,1,25000,45210,0.13689654494741932,0.13,3087722,1v5
HongZhang_c2_c98,1,574,5373,0.134232389039401,0.13,3087722,1v5
HongZhang_c2_c98,0,15974,16273,0.0790351247465354,0.07,3087723,1v5
HongZhang_c2_c98,1,3498,87674,0.07822718288960556,0.07,3087723,1v5
HongZhang_c2_c98,1,20893,86971,0.0757363384938004,0.07,3087723,1v5
HongZhang_c2_c98,1,58229,84237,0.0727821646419404,0.07,3087723,1v5
HongZhang_c2_c98,1,17921,71668,0.07398571468080822,0.07,3087723,1v5
HongZhang_c2_c98,1,54201,85314,0.07213006156144067,0.07,3087723,1v5
HongZhang_c2_c98,0,15974,16360,0.12039271024794722,0.12,3087724,1v5
HongZhang_c2_c98,1,89724,92557,0.12215260283651944,0.12,3087724,1v5
HongZhang_c2_c98,1,75848,77717,0.120505816530405,0.12,3087724,1v5
HongZhang_c2_c98,1,43163,76315,0.1210062953345469,0.12,3087724,1v5
HongZhang_c2_c98,1,14502,51089,0.12336988476742056,0.12,3087724,1v5
HongZhang_c2_c98,1,43163,63785,0.1286937900280486,0.12,3087724,1v5
HongZhang_c2_c98,0,15974,16549,0.13538246094564055,0.13,3087725,1v5
HongZhang_c2_c98,1,12845,46810,0.1355460350636762,0.13,3087725,1v5
HongZhang_c2_c98,1,92567,92890,0.1323687997348954,0.13,3087725,1v5
HongZhang_c2_c98,1,92731,92989,0.13533223131838232,0.13,3087725,1v5
HongZhang_c2_c98,1,25000,45210,0.13689654494741932,0.13,3087725,1v5
HongZhang_c2_c98,1,574,5373,0.134232389039401,0.13,3087725,1v5
HongZhang_c2_c98,0,15974,19782,0.1331669688624305,0.13,3087726,1v5
HongZhang_c2_c98,1,12845,46810,0.1355460350636762,0.13,3087726,1v5
HongZhang_c2_c98,1,92567,92890,0.1323687997348954,0.13,3087726,1v5
HongZhang_c2_c98,1,92731,92989,0.13533223131838232,0.13,3087726,1v5
HongZhang_c2_c98,1,25000,45210,0.13689654494741932,0.13,3087726,1v5
HongZhang_c2_c98,1,574,5373,0.134232389039401,0.13,3087726,1v5
HongZhang_c2_c98,0,15974,20387,0.12724637502136021,0.12,3087727,1v5
HongZhang_c2_c98,1,89724,92557,0.12215260283651944,0.12,3087727,1v5
HongZhang_c2_c98,1,75848,77717,0.120505816530405,0.12,3087727,1v5
HongZhang_c2_c98,1,43163,76315,0.1210062953345469,0.12,3087727,1v5
HongZhang_c2_c98,1,14502,51089,0.12336988476742056,0.12,3087727,1v5
HongZhang_c2_c98,1,43163,63785,0.1286937900280486,0.12,3087727,1v5
HongZhang_c2_c98,0,15974,20649,0.13463972250453646,0.13,3087728,1v5
HongZhang_c2_c98,1,12845,46810,0.1355460350636762,0.13,3087728,1v5
HongZhang_c2_c98,1,92567,92890,0.1323687997348954,0.13,3087728,1v5
HongZhang_c2_c98,1,92731,92989,0.13533223131838232,0.13,3087728,1v5
HongZhang_c2_c98,1,25000,45210,0.13689654494741932,0.13,3087728,1v5
HongZhang_c2_c98,1,574,5373,0.134232389039401,0.13,3087728,1v5
HongZhang_c2_c98,0,15974,21057,0.12277061176987523,0.12,3087729,1v5
HongZhang_c2_c98,1,89724,92557,0.12215260283651944,0.12,3087729,1v5
HongZhang_c2_c98,1,75848,77717,0.120505816530405,0.12,3087729,1v5
HongZhang_c2_c98,1,43163,76315,0.1210062953345469,0.12,3087729,1v5
HongZhang_c2_c98,1,14502,51089,0.12336988476742056,0.12,3087729,1v5
HongZhang_c2_c98,1,43163,63785,0.1286937900280486,0.12,3087729,1v5
HongZhang_c2_c98,0,15974,37463,0.13271026957559146,0.13,3087730,1v5
HongZhang_c2_c98,1,12845,46810,0.1355460350636762,0.13,3087730,1v5
HongZhang_c2_c98,1,92567,92890,0.1323687997348954,0.13,3087730,1v5
HongZhang_c2_c98,1,92731,92989,0.13533223131838232,0.13,3087730,1v5
HongZhang_c2_c98,1,25000,45210,0.13689654494741932,0.13,3087730,1v5
HongZhang_c2_c98,1,574,5373,0.134232389039401,0.13,3087730,1v5
HongZhang_c2_c98,0,15974,54702,0.1337292765472176,0.13,3087731,1v5
HongZhang_c2_c98,1,12845,46810,0.1355460350636762,0.13,3087731,1v5
HongZhang_c2_c98,1,92567,92890,0.1323687997348954,0.13,3087731,1v5
HongZhang_c2_c98,1,92731,92989,0.13533223131838232,0.13,3087731,1v5
HongZhang_c2_c98,1,25000,45210,0.13689654494741932,0.13,3087731,1v5
HongZhang_c2_c98,1,574,5373,0.134232389039401,0.13,3087731,1v5
HongZhang_c2_c98,0,16463,8175,0.09793833541375178,0.09,3095449,1v5
HongZhang_c2_c98,1,84123,85080,0.09127206130876625,0.09,3095449,1v5
HongZhang_c2_c98,1,21338,24599,0.09643746638483232,0.09,3095449,1v5
HongZhang_c2_c98,1,16976,19047,0.09577942877548688,0.09,3095449,1v5
HongZhang_c2_c98,1,19045,88679,0.09632702872024766,0.09,3095449,1v5
HongZhang_c2_c98,1,19241,30384,0.09971713924301488,0.09,3095449,1v5
HongZhang_c2_c98,0,16463,8605,0.08906544956883512,0.08,3095450,1v5
HongZhang_c2_c98,1,38634,80292,0.08082517916402464,0.08,3095450,1v5
HongZhang_c2_c98,1,15173,61239,0.08161359254316852,0.08,3095450,1v5
HongZhang_c2_c98,1,9777,63559,0.08646068380620166,0.08,3095450,1v5
HongZhang_c2_c98,1,29511,71514,0.08464154911523115,0.08,3095450,1v5
HongZhang_c2_c98,1,8194,32504,0.08232159969491001,0.08,3095450,1v5
HongZhang_c2_c98,0,16463,9056,0.11107893743169715,0.11,3095451,1v5
HongZhang_c2_c98,1,91102,92578,0.11899713790765802,0.11,3095451,1v5
HongZhang_c2_c98,1,88169,89718,0.11502113473418966,0.11,3095451,1v5
HongZhang_c2_c98,1,82383,92790,0.11205171571892265,0.11,3095451,1v5
HongZhang_c2_c98,1,88178,89550,0.11122042760389518,0.11,3095451,1v5
HongZhang_c2_c98,1,73851,75784,0.11270557923043975,0.11,3095451,1v5
HongZhang_c2_c98,0,17470,2996,0.15511619358124693,0.15,3111918,1v5
HongZhang_c2_c98,1,86968,87080,0.15932563226718194,0.15,3111918,1v5
HongZhang_c2_c98,1,86975,92578,0.15094452091919167,0.15,3111918,1v5
HongZhang_c2_c98,1,39813,48029,0.15260826024969515,0.15,3111918,1v5
HongZhang_c2_c98,1,21331,31487,0.1540604423160705,0.15,3111918,1v5
HongZhang_c2_c98,1,27044,43187,0.15551447151099623,0.15,3111918,1v5
HongZhang_c2_c98,0,17470,9670,0.12143031792150336,0.12,3111919,1v5
HongZhang_c2_c98,1,89724,92557,0.12215260283651944,0.12,3111919,1v5
HongZhang_c2_c98,1,75848,77717,0.120505816530405,0.12,3111919,1v5
HongZhang_c2_c98,1,43163,76315,0.1210062953345469,0.12,3111919,1v5
HongZhang_c2_c98,1,14502,51089,0.12336988476742056,0.12,3111919,1v5
HongZhang_c2_c98,1,43163,63785,0.1286937900280486,0.12,3111919,1v5
HongZhang_c2_c98,0,17470,11638,0.14870747014472205,0.14,3111920,1v5
HongZhang_c2_c98,1,54313,92609,0.14041535482680823,0.14,3111920,1v5
HongZhang_c2_c98,1,85600,88477,0.14364869491627144,0.14,3111920,1v5
HongZhang_c2_c98,1,1496,68826,0.14132383310771973,0.14,3111920,1v5
HongZhang_c2_c98,1,87063,90877,0.14025140667986202,0.14,3111920,1v5
HongZhang_c2_c98,1,35535,44548,0.14134275138279,0.14,3111920,1v5
HongZhang_c2_c98,0,17470,11722,0.15132253763658324,0.15,3111921,1v5
HongZhang_c2_c98,1,86968,87080,0.15932563226718194,0.15,3111921,1v5
HongZhang_c2_c98,1,86975,92578,0.15094452091919167,0.15,3111921,1v5
HongZhang_c2_c98,1,39813,48029,0.15260826024969515,0.15,3111921,1v5
HongZhang_c2_c98,1,21331,31487,0.1540604423160705,0.15,3111921,1v5
HongZhang_c2_c98,1,27044,43187,0.15551447151099623,0.15,3111921,1v5
HongZhang_c2_c98,0,17470,12496,0.1388007600367708,0.13,3111922,1v5
HongZhang_c2_c98,1,12845,46810,0.1355460350636762,0.13,3111922,1v5
HongZhang_c2_c98,1,92567,92890,0.1323687997348954,0.13,3111922,1v5
HongZhang_c2_c98,1,92731,92989,0.13533223131838232,0.13,3111922,1v5
HongZhang_c2_c98,1,25000,45210,0.13689654494741932,0.13,3111922,1v5
HongZhang_c2_c98,1,574,5373,0.134232389039401,0.13,3111922,1v5
HongZhang_c2_c98,0,17470,14217,0.14545217808564323,0.14,3111923,1v5
HongZhang_c2_c98,1,54313,92609,0.14041535482680823,0.14,3111923,1v5
HongZhang_c2_c98,1,85600,88477,0.14364869491627144,0.14,3111923,1v5
HongZhang_c2_c98,1,1496,68826,0.14132383310771973,0.14,3111923,1v5
HongZhang_c2_c98,1,87063,90877,0.14025140667986202,0.14,3111923,1v5
HongZhang_c2_c98,1,35535,44548,0.14134275138279,0.14,3111923,1v5
HongZhang_c2_c98,0,17470,14555,0.1503453496308861,0.15,3111924,1v5
HongZhang_c2_c98,1,86968,87080,0.15932563226718194,0.15,3111924,1v5
HongZhang_c2_c98,1,86975,92578,0.15094452091919167,0.15,3111924,1v5
HongZhang_c2_c98,1,39813,48029,0.15260826024969515,0.15,3111924,1v5
HongZhang_c2_c98,1,21331,31487,0.1540604423160705,0.15,3111924,1v5
HongZhang_c2_c98,1,27044,43187,0.15551447151099623,0.15,3111924,1v5
HongZhang_c2_c98,0,17470,15483,0.1483030785610763,0.14,3111925,1v5
HongZhang_c2_c98,1,54313,92609,0.14041535482680823,0.14,3111925,1v5
HongZhang_c2_c98,1,85600,88477,0.14364869491627144,0.14,3111925,1v5
HongZhang_c2_c98,1,1496,68826,0.14132383310771973,0.14,3111925,1v5
HongZhang_c2_c98,1,87063,90877,0.14025140667986202,0.14,3111925,1v5
HongZhang_c2_c98,1,35535,44548,0.14134275138279,0.14,3111925,1v5
HongZhang_c2_c98,0,17470,15561,0.14250140988115667,0.14,3111926,1v5
HongZhang_c2_c98,1,54313,92609,0.14041535482680823,0.14,3111926,1v5
HongZhang_c2_c98,1,85600,88477,0.14364869491627144,0.14,3111926,1v5
HongZhang_c2_c98,1,1496,68826,0.14132383310771973,0.14,3111926,1v5
HongZhang_c2_c98,1,87063,90877,0.14025140667986202,0.14,3111926,1v5
HongZhang_c2_c98,1,35535,44548,0.14134275138279,0.14,3111926,1v5
HongZhang_c2_c98,0,17470,15582,0.14279757312242483,0.14,3111927,1v5
HongZhang_c2_c98,1,54313,92609,0.14041535482680823,0.14,3111927,1v5
HongZhang_c2_c98,1,85600,88477,0.14364869491627144,0.14,3111927,1v5
HongZhang_c2_c98,1,1496,68826,0.14132383310771973,0.14,3111927,1v5
HongZhang_c2_c98,1,87063,90877,0.14025140667986202,0.14,3111927,1v5
HongZhang_c2_c98,1,35535,44548,0.14134275138279,0.14,3111927,1v5
HongZhang_c2_c98,0,17470,16195,0.15221630259470162,0.15,3111928,1v5
HongZhang_c2_c98,1,86968,87080,0.15932563226718194,0.15,3111928,1v5
HongZhang_c2_c98,1,86975,92578,0.15094452091919167,0.15,3111928,1v5
HongZhang_c2_c98,1,39813,48029,0.15260826024969515,0.15,3111928,1v5
HongZhang_c2_c98,1,21331,31487,0.1540604423160705,0.15,3111928,1v5
HongZhang_c2_c98,1,27044,43187,0.15551447151099623,0.15,3111928,1v5
HongZhang_c2_c98,0,17470,16273,0.1345264121240966,0.13,3111929,1v5
HongZhang_c2_c98,1,12845,46810,0.1355460350636762,0.13,3111929,1v5
HongZhang_c2_c98,1,92567,92890,0.1323687997348954,0.13,3111929,1v5
HongZhang_c2_c98,1,92731,92989,0.13533223131838232,0.13,3111929,1v5
HongZhang_c2_c98,1,25000,45210,0.13689654494741932,0.13,3111929,1v5
HongZhang_c2_c98,1,574,5373,0.134232389039401,0.13,3111929,1v5
HongZhang_c2_c98,0,17470,16549,0.14706017524813156,0.14,3111930,1v5
HongZhang_c2_c98,1,54313,92609,0.14041535482680823,0.14,3111930,1v5
HongZhang_c2_c98,1,85600,88477,0.14364869491627144,0.14,3111930,1v5
HongZhang_c2_c98,1,1496,68826,0.14132383310771973,0.14,3111930,1v5
HongZhang_c2_c98,1,87063,90877,0.14025140667986202,0.14,3111930,1v5
HongZhang_c2_c98,1,35535,44548,0.14134275138279,0.14,3111930,1v5
HongZhang_c2_c98,0,20209,9670,0.11621649579178919,0.11,3149940,1v5
HongZhang_c2_c98,1,91102,92578,0.11899713790765802,0.11,3149940,1v5
HongZhang_c2_c98,1,88169,89718,0.11502113473418966,0.11,3149940,1v5
HongZhang_c2_c98,1,82383,92790,0.11205171571892265,0.11,3149940,1v5
HongZhang_c2_c98,1,88178,89550,0.11122042760389518,0.11,3149940,1v5
HongZhang_c2_c98,1,73851,75784,0.11270557923043975,0.11,3149940,1v5
HongZhang_c2_c98,0,20209,16273,0.1239546978567491,0.12,3149941,1v5
HongZhang_c2_c98,1,89724,92557,0.12215260283651944,0.12,3149941,1v5
HongZhang_c2_c98,1,75848,77717,0.120505816530405,0.12,3149941,1v5
HongZhang_c2_c98,1,43163,76315,0.1210062953345469,0.12,3149941,1v5
HongZhang_c2_c98,1,14502,51089,0.12336988476742056,0.12,3149941,1v5
HongZhang_c2_c98,1,43163,63785,0.1286937900280486,0.12,3149941,1v5
HongZhang_c2_c98,0,48542,8175,0.09728709002642821,0.09,3481982,1v5
HongZhang_c2_c98,1,84123,85080,0.09127206130876625,0.09,3481982,1v5
HongZhang_c2_c98,1,21338,24599,0.09643746638483232,0.09,3481982,1v5
HongZhang_c2_c98,1,16976,19047,0.09577942877548688,0.09,3481982,1v5
HongZhang_c2_c98,1,19045,88679,0.09632702872024766,0.09,3481982,1v5
HongZhang_c2_c98,1,19241,30384,0.09971713924301488,0.09,3481982,1v5
HongZhang_c2_c98,0,48542,9056,0.11234399719855492,0.11,3481983,1v5
HongZhang_c2_c98,1,91102,92578,0.11899713790765802,0.11,3481983,1v5
HongZhang_c2_c98,1,88169,89718,0.11502113473418966,0.11,3481983,1v5
HongZhang_c2_c98,1,82383,92790,0.11205171571892265,0.11,3481983,1v5
HongZhang_c2_c98,1,88178,89550,0.11122042760389518,0.11,3481983,1v5
HongZhang_c2_c98,1,73851,75784,0.11270557923043975,0.11,3481983,1v5
HongZhang_c2_c98,0,54711,8175,0.09759575630316034,0.09,3541453,1v5
HongZhang_c2_c98,1,84123,85080,0.09127206130876625,0.09,3541453,1v5
HongZhang_c2_c98,1,21338,24599,0.09643746638483232,0.09,3541453,1v5
HongZhang_c2_c98,1,16976,19047,0.09577942877548688,0.09,3541453,1v5
HongZhang_c2_c98,1,19045,88679,0.09632702872024766,0.09,3541453,1v5
HongZhang_c2_c98,1,19241,30384,0.09971713924301488,0.09,3541453,1v5
HongZhang_c2_c98,0,54711,8605,0.08872469841855793,0.08,3541454,1v5
HongZhang_c2_c98,1,38634,80292,0.08082517916402464,0.08,3541454,1v5
HongZhang_c2_c98,1,15173,61239,0.08161359254316852,0.08,3541454,1v5
HongZhang_c2_c98,1,9777,63559,0.08646068380620166,0.08,3541454,1v5
HongZhang_c2_c98,1,29511,71514,0.08464154911523115,0.08,3541454,1v5
HongZhang_c2_c98,1,8194,32504,0.08232159969491001,0.08,3541454,1v5
HongZhang_c2_c98,0,54711,9056,0.11330580032865681,0.11,3541455,1v5
HongZhang_c2_c98,1,91102,92578,0.11899713790765802,0.11,3541455,1v5
HongZhang_c2_c98,1,88169,89718,0.11502113473418966,0.11,3541455,1v5
HongZhang_c2_c98,1,82383,92790,0.11205171571892265,0.11,3541455,1v5
HongZhang_c2_c98,1,88178,89550,0.11122042760389518,0.11,3541455,1v5
HongZhang_c2_c98,1,73851,75784,0.11270557923043975,0.11,3541455,1v5
HongZhang_c2_c98,0,54839,8175,0.0875288535613736,0.08,3542865,1v5
HongZhang_c2_c98,1,38634,80292,0.08082517916402464,0.08,3542865,1v5
HongZhang_c2_c98,1,15173,61239,0.08161359254316852,0.08,3542865,1v5
HongZhang_c2_c98,1,9777,63559,0.08646068380620166,0.08,3542865,1v5
HongZhang_c2_c98,1,29511,71514,0.08464154911523115,0.08,3542865,1v5
HongZhang_c2_c98,1,8194,32504,0.08232159969491001,0.08,3542865,1v5
HongZhang_c2_c98,0,54839,8605,0.08474809463391515,0.08,3542866,1v5
HongZhang_c2_c98,1,38634,80292,0.08082517916402464,0.08,3542866,1v5
HongZhang_c2_c98,1,15173,61239,0.08161359254316852,0.08,3542866,1v5
HongZhang_c2_c98,1,9777,63559,0.08646068380620166,0.08,3542866,1v5
HongZhang_c2_c98,1,29511,71514,0.08464154911523115,0.08,3542866,1v5
HongZhang_c2_c98,1,8194,32504,0.08232159969491001,0.08,3542866,1v5
HongZhang_c2_c98,0,54839,9056,0.10492575435542882,0.1,3542867,1v5
HongZhang_c2_c98,1,48960,56771,0.10622722983541388,0.1,3542867,1v5
HongZhang_c2_c98,1,1845,7720,0.10482982898458926,0.1,3542867,1v5
HongZhang_c2_c98,1,59435,60533,0.10852068581604621,0.1,3542867,1v5
HongZhang_c2_c98,1,56876,70199,0.10981234079047412,0.1,3542867,1v5
HongZhang_c2_c98,1,6848,46026,0.10094144438894505,0.1,3542867,1v5
HongZhang_c2_c98,0,65432,8175,0.1002796033231355,0.1,3631776,1v5
HongZhang_c2_c98,1,48960,56771,0.10622722983541388,0.1,3631776,1v5
HongZhang_c2_c98,1,1845,7720,0.10482982898458926,0.1,3631776,1v5
HongZhang_c2_c98,1,59435,60533,0.10852068581604621,0.1,3631776,1v5
HongZhang_c2_c98,1,56876,70199,0.10981234079047412,0.1,3631776,1v5
HongZhang_c2_c98,1,6848,46026,0.10094144438894505,0.1,3631776,1v5
HongZhang_c2_c98,0,65432,8605,0.08651612851942382,0.08,3631777,1v5
HongZhang_c2_c98,1,38634,80292,0.08082517916402464,0.08,3631777,1v5
HongZhang_c2_c98,1,15173,61239,0.08161359254316852,0.08,3631777,1v5
HongZhang_c2_c98,1,9777,63559,0.08646068380620166,0.08,3631777,1v5
HongZhang_c2_c98,1,29511,71514,0.08464154911523115,0.08,3631777,1v5
HongZhang_c2_c98,1,8194,32504,0.08232159969491001,0.08,3631777,1v5
HongZhang_c2_c98,0,65432,9056,0.11239884193985156,0.11,3631778,1v5
HongZhang_c2_c98,1,91102,92578,0.11899713790765802,0.11,3631778,1v5
HongZhang_c2_c98,1,88169,89718,0.11502113473418966,0.11,3631778,1v5
HongZhang_c2_c98,1,82383,92790,0.11205171571892265,0.11,3631778,1v5
HongZhang_c2_c98,1,88178,89550,0.11122042760389518,0.11,3631778,1v5
HongZhang_c2_c98,1,73851,75784,0.11270557923043975,0.11,3631778,1v5
HongZhang_c2_c98,0,70134,8175,0.11532696895281076,0.11,3664820,1v5
HongZhang_c2_c98,1,91102,92578,0.11899713790765802,0.11,3664820,1v5
HongZhang_c2_c98,1,88169,89718,0.11502113473418966,0.11,3664820,1v5
HongZhang_c2_c98,1,82383,92790,0.11205171571892265,0.11,3664820,1v5
HongZhang_c2_c98,1,88178,89550,0.11122042760389518,0.11,3664820,1v5
HongZhang_c2_c98,1,73851,75784,0.11270557923043975,0.11,3664820,1v5
HongZhang_c2_c98,0,76649,8175,0.09456989614778452,0.09,3699584,1v5
HongZhang_c2_c98,1,84123,85080,0.09127206130876625,0.09,3699584,1v5
HongZhang_c2_c98,1,21338,24599,0.09643746638483232,0.09,3699584,1v5
HongZhang_c2_c98,1,16976,19047,0.09577942877548688,0.09,3699584,1v5
HongZhang_c2_c98,1,19045,88679,0.09632702872024766,0.09,3699584,1v5
HongZhang_c2_c98,1,19241,30384,0.09971713924301488,0.09,3699584,1v5
HongZhang_c2_c98,0,76649,8605,0.0855781558318776,0.08,3699585,1v5
HongZhang_c2_c98,1,38634,80292,0.08082517916402464,0.08,3699585,1v5
HongZhang_c2_c98,1,15173,61239,0.08161359254316852,0.08,3699585,1v5
HongZhang_c2_c98,1,9777,63559,0.08646068380620166,0.08,3699585,1v5
HongZhang_c2_c98,1,29511,71514,0.08464154911523115,0.08,3699585,1v5
HongZhang_c2_c98,1,8194,32504,0.08232159969491001,0.08,3699585,1v5
HongZhang_c2_c98,0,76649,9056,0.11028754802907172,0.11,3699586,1v5
HongZhang_c2_c98,1,91102,92578,0.11899713790765802,0.11,3699586,1v5
HongZhang_c2_c98,1,88169,89718,0.11502113473418966,0.11,3699586,1v5
HongZhang_c2_c98,1,82383,92790,0.11205171571892265,0.11,3699586,1v5
HongZhang_c2_c98,1,88178,89550,0.11122042760389518,0.11,3699586,1v5
HongZhang_c2_c98,1,73851,75784,0.11270557923043975,0.11,3699586,1v5
HongZhang_c2_c98,0,77596,8175,0.083304712136249,0.08,3704023,1v5
HongZhang_c2_c98,1,38634,80292,0.08082517916402464,0.08,3704023,1v5
HongZhang_c2_c98,1,15173,61239,0.08161359254316852,0.08,3704023,1v5
HongZhang_c2_c98,1,9777,63559,0.08646068380620166,0.08,3704023,1v5
HongZhang_c2_c98,1,29511,71514,0.08464154911523115,0.08,3704023,1v5
HongZhang_c2_c98,1,8194,32504,0.08232159969491001,0.08,3704023,1v5
HongZhang_c2_c98,0,77596,8605,0.08052456437783526,0.08,3704024,1v5
HongZhang_c2_c98,1,38634,80292,0.08082517916402464,0.08,3704024,1v5
HongZhang_c2_c98,1,15173,61239,0.08161359254316852,0.08,3704024,1v5
HongZhang_c2_c98,1,9777,63559,0.08646068380620166,0.08,3704024,1v5
HongZhang_c2_c98,1,29511,71514,0.08464154911523115,0.08,3704024,1v5
HongZhang_c2_c98,1,8194,32504,0.08232159969491001,0.08,3704024,1v5
HongZhang_c2_c98,0,77596,9056,0.10209973076782865,0.1,3704025,1v5
HongZhang_c2_c98,1,48960,56771,0.10622722983541388,0.1,3704025,1v5
HongZhang_c2_c98,1,1845,7720,0.10482982898458926,0.1,3704025,1v5
HongZhang_c2_c98,1,59435,60533,0.10852068581604621,0.1,3704025,1v5
HongZhang_c2_c98,1,56876,70199,0.10981234079047412,0.1,3704025,1v5
HongZhang_c2_c98,1,6848,46026,0.10094144438894505,0.1,3704025,1v5
HongZhang_c2_c98,0,78916,8175,0.07186131381999425,0.07,3709800,1v5
HongZhang_c2_c98,1,3498,87674,0.07822718288960556,0.07,3709800,1v5
HongZhang_c2_c98,1,20893,86971,0.0757363384938004,0.07,3709800,1v5
HongZhang_c2_c98,1,58229,84237,0.0727821646419404,0.07,3709800,1v5
HongZhang_c2_c98,1,17921,71668,0.07398571468080822,0.07,3709800,1v5
HongZhang_c2_c98,1,54201,85314,0.07213006156144067,0.07,3709800,1v5
HongZhang_c2_c98,0,78916,8605,0.07513344563111071,0.07,3709801,1v5
HongZhang_c2_c98,1,3498,87674,0.07822718288960556,0.07,3709801,1v5
HongZhang_c2_c98,1,20893,86971,0.0757363384938004,0.07,3709801,1v5
HongZhang_c2_c98,1,58229,84237,0.0727821646419404,0.07,3709801,1v5
HongZhang_c2_c98,1,17921,71668,0.07398571468080822,0.07,3709801,1v5
HongZhang_c2_c98,1,54201,85314,0.07213006156144067,0.07,3709801,1v5
HongZhang_c2_c98,0,78916,9056,0.09067211559322254,0.09,3709802,1v5
HongZhang_c2_c98,1,84123,85080,0.09127206130876625,0.09,3709802,1v5
HongZhang_c2_c98,1,21338,24599,0.09643746638483232,0.09,3709802,1v5
HongZhang_c2_c98,1,16976,19047,0.09577942877548688,0.09,3709802,1v5
HongZhang_c2_c98,1,19045,88679,0.09632702872024766,0.09,3709802,1v5
HongZhang_c2_c98,1,19241,30384,0.09971713924301488,0.09,3709802,1v5
HongZhang_c2_c98,0,84892,8175,0.09729538731079136,0.09,3733059,1v5
HongZhang_c2_c98,1,84123,85080,0.09127206130876625,0.09,3733059,1v5
HongZhang_c2_c98,1,21338,24599,0.09643746638483232,0.09,3733059,1v5
HongZhang_c2_c98,1,16976,19047,0.09577942877548688,0.09,3733059,1v5
HongZhang_c2_c98,1,19045,88679,0.09632702872024766,0.09,3733059,1v5
HongZhang_c2_c98,1,19241,30384,0.09971713924301488,0.09,3733059,1v5
HongZhang_c2_c98,0,84892,8605,0.09250932152783965,0.09,3733060,1v5
HongZhang_c2_c98,1,84123,85080,0.09127206130876625,0.09,3733060,1v5
HongZhang_c2_c98,1,21338,24599,0.09643746638483232,0.09,3733060,1v5
HongZhang_c2_c98,1,16976,19047,0.09577942877548688,0.09,3733060,1v5
HongZhang_c2_c98,1,19045,88679,0.09632702872024766,0.09,3733060,1v5
HongZhang_c2_c98,1,19241,30384,0.09971713924301488,0.09,3733060,1v5
HongZhang_c2_c98,0,84892,9056,0.11536496777719105,0.11,3733061,1v5
HongZhang_c2_c98,1,91102,92578,0.11899713790765802,0.11,3733061,1v5
HongZhang_c2_c98,1,88169,89718,0.11502113473418966,0.11,3733061,1v5
HongZhang_c2_c98,1,82383,92790,0.11205171571892265,0.11,3733061,1v5
HongZhang_c2_c98,1,88178,89550,0.11122042760389518,0.11,3733061,1v5
HongZhang_c2_c98,1,73851,75784,0.11270557923043975,0.11,3733061,1v5
HongZhang_c2_c98,0,89192,8175,0.11318414524195858,0.11,3746849,1v5
HongZhang_c2_c98,1,91102,92578,0.11899713790765802,0.11,3746849,1v5
HongZhang_c2_c98,1,88169,89718,0.11502113473418966,0.11,3746849,1v5
HongZhang_c2_c98,1,82383,92790,0.11205171571892265,0.11,3746849,1v5
HongZhang_c2_c98,1,88178,89550,0.11122042760389518,0.11,3746849,1v5
HongZhang_c2_c98,1,73851,75784,0.11270557923043975,0.11,3746849,1v5
WangWenCao2_c0_c54,0,1377,13443,0.10050059259931246,0.1,3838622,1v5
WangWenCao2_c0_c54,1,15799,17527,0.10339341938741467,0.1,3838622,1v5
WangWenCao2_c0_c54,1,4969,13459,0.1062572890528713,0.1,3838622,1v5
WangWenCao2_c0_c54,1,7333,12486,0.10339472005603914,0.1,3838622,1v5
WangWenCao2_c0_c54,1,17565,25980,0.10752963537109544,0.1,3838622,1v5
WangWenCao2_c0_c54,1,25115,25956,0.10674673983274381,0.1,3838622,1v5
WangWenCao2_c0_c54,0,1377,14356,0.11613726863467518,0.11,3838623,1v5
WangWenCao2_c0_c54,1,17613,24710,0.11027151414307512,0.11,3838623,1v5
WangWenCao2_c0_c54,1,16520,20505,0.11015507416726197,0.11,3838623,1v5
WangWenCao2_c0_c54,1,2666,5083,0.11374162186875131,0.11,3838623,1v5
WangWenCao2_c0_c54,1,599,1108,0.11294008477883391,0.11,3838623,1v5
WangWenCao2_c0_c54,1,20151,33329,0.11325312473638031,0.11,3838623,1v5
WangWenCao2_c0_c54,0,1377,15710,0.14658250024577107,0.14,3838624,1v5
WangWenCao2_c0_c54,1,24705,25045,0.14086182746521364,0.14,3838624,1v5
WangWenCao2_c0_c54,1,20312,23736,0.140619419876158,0.14,3838624,1v5
WangWenCao2_c0_c54,1,21076,23890,0.14184709362579295,0.14,3838624,1v5
WangWenCao2_c0_c54,1,14429,18143,0.14060169952568063,0.14,3838624,1v5
WangWenCao2_c0_c54,1,10887,30057,0.14947641825642688,0.14,3838624,1v5
WangWenCao2_c0_c54,0,1377,15822,0.13631964498500349,0.13,3838625,1v5
WangWenCao2_c0_c54,1,20960,23278,0.13538123640235725,0.13,3838625,1v5
WangWenCao2_c0_c54,1,22414,26399,0.13714496367865092,0.13,3838625,1v5
WangWenCao2_c0_c54,1,2747,7915,0.13267637898217546,0.13,3838625,1v5
WangWenCao2_c0_c54,1,24747,26457,0.1326581496644625,0.13,3838625,1v5
WangWenCao2_c0_c54,1,21308,25111,0.1388289485910602,0.13,3838625,1v5
WangWenCao2_c0_c54,0,1377,18406,0.14844181101458068,0.14,3838626,1v5
WangWenCao2_c0_c54,1,24705,25045,0.14086182746521364,0.14,3838626,1v5
WangWenCao2_c0_c54,1,20312,23736,0.140619419876158,0.14,3838626,1v5
WangWenCao2_c0_c54,1,21076,23890,0.14184709362579295,0.14,3838626,1v5
WangWenCao2_c0_c54,1,14429,18143,0.14060169952568063,0.14,3838626,1v5
WangWenCao2_c0_c54,1,10887,30057,0.14947641825642688,0.14,3838626,1v5
WangWenCao2_c0_c54,0,1381,13443,0.11885798905612033,0.11,3838713,1v5
WangWenCao2_c0_c54,1,17613,24710,0.11027151414307512,0.11,3838713,1v5
WangWenCao2_c0_c54,1,16520,20505,0.11015507416726197,0.11,3838713,1v5
WangWenCao2_c0_c54,1,2666,5083,0.11374162186875131,0.11,3838713,1v5
WangWenCao2_c0_c54,1,599,1108,0.11294008477883391,0.11,3838713,1v5
WangWenCao2_c0_c54,1,20151,33329,0.11325312473638031,0.11,3838713,1v5
WangWenCao2_c0_c54,0,1381,18406,0.14154926720690172,0.14,3838714,1v5
WangWenCao2_c0_c54,1,24705,25045,0.14086182746521364,0.14,3838714,1v5
WangWenCao2_c0_c54,1,20312,23736,0.140619419876158,0.14,3838714,1v5
WangWenCao2_c0_c54,1,21076,23890,0.14184709362579295,0.14,3838714,1v5
WangWenCao2_c0_c54,1,14429,18143,0.14060169952568063,0.14,3838714,1v5
WangWenCao2_c0_c54,1,10887,30057,0.14947641825642688,0.14,3838714,1v5
WangWenCao2_c0_c54,0,1382,13443,0.11888968721762262,0.11,3838740,1v5
WangWenCao2_c0_c54,1,17613,24710,0.11027151414307512,0.11,3838740,1v5
WangWenCao2_c0_c54,1,16520,20505,0.11015507416726197,0.11,3838740,1v5
WangWenCao2_c0_c54,1,2666,5083,0.11374162186875131,0.11,3838740,1v5
WangWenCao2_c0_c54,1,599,1108,0.11294008477883391,0.11,3838740,1v5
WangWenCao2_c0_c54,1,20151,33329,0.11325312473638031,0.11,3838740,1v5
WangWenCao2_c0_c54,0,1382,18406,0.1415915447836462,0.14,3838741,1v5
WangWenCao2_c0_c54,1,24705,25045,0.14086182746521364,0.14,3838741,1v5
WangWenCao2_c0_c54,1,20312,23736,0.140619419876158,0.14,3838741,1v5
WangWenCao2_c0_c54,1,21076,23890,0.14184709362579295,0.14,3838741,1v5
WangWenCao2_c0_c54,1,14429,18143,0.14060169952568063,0.14,3838741,1v5
WangWenCao2_c0_c54,1,10887,30057,0.14947641825642688,0.14,3838741,1v5
WangWenCao2_c0_c54,0,3559,13443,0.1238539170573765,0.12,3900535,1v5
WangWenCao2_c0_c54,1,12823,14346,0.12131820900583423,0.12,3900535,1v5
WangWenCao2_c0_c54,1,956,13935,0.12406395463224834,0.12,3900535,1v5
WangWenCao2_c0_c54,1,981,15406,0.12634088438295732,0.12,3900535,1v5
WangWenCao2_c0_c54,1,3985,28439,0.12081167914663651,0.12,3900535,1v5
WangWenCao2_c0_c54,1,16562,20435,0.12052685220530014,0.12,3900535,1v5
WangWenCao2_c0_c54,0,12640,4336,0.13776543797891608,0.13,4111454,1v5
WangWenCao2_c0_c54,1,20960,23278,0.13538123640235725,0.13,4111454,1v5
WangWenCao2_c0_c54,1,22414,26399,0.13714496367865092,0.13,4111454,1v5
WangWenCao2_c0_c54,1,2747,7915,0.13267637898217546,0.13,4111454,1v5
WangWenCao2_c0_c54,1,24747,26457,0.1326581496644625,0.13,4111454,1v5
WangWenCao2_c0_c54,1,21308,25111,0.1388289485910602,0.13,4111454,1v5
WangWenCao2_c0_c54,0,12640,6693,0.1382786744775987,0.13,4111455,1v5
WangWenCao2_c0_c54,1,20960,23278,0.13538123640235725,0.13,4111455,1v5
WangWenCao2_c0_c54,1,22414,26399,0.13714496367865092,0.13,4111455,1v5
WangWenCao2_c0_c54,1,2747,7915,0.13267637898217546,0.13,4111455,1v5
WangWenCao2_c0_c54,1,24747,26457,0.1326581496644625,0.13,4111455,1v5
WangWenCao2_c0_c54,1,21308,25111,0.1388289485910602,0.13,4111455,1v5
WangWenCao2_c0_c54,0,12640,14386,0.13459684997676016,0.13,4111456,1v5
WangWenCao2_c0_c54,1,20960,23278,0.13538123640235725,0.13,4111456,1v5
WangWenCao2_c0_c54,1,22414,26399,0.13714496367865092,0.13,4111456,1v5
WangWenCao2_c0_c54,1,2747,7915,0.13267637898217546,0.13,4111456,1v5
WangWenCao2_c0_c54,1,24747,26457,0.1326581496644625,0.13,4111456,1v5
WangWenCao2_c0_c54,1,21308,25111,0.1388289485910602,0.13,4111456,1v5
WangWenCao2_c0_c54,0,15285,13443,0.13278914757261312,0.13,4147441,1v5
WangWenCao2_c0_c54,1,20960,23278,0.13538123640235725,0.13,4147441,1v5
WangWenCao2_c0_c54,1,22414,26399,0.13714496367865092,0.13,4147441,1v5
WangWenCao2_c0_c54,1,2747,7915,0.13267637898217546,0.13,4147441,1v5
WangWenCao2_c0_c54,1,24747,26457,0.1326581496644625,0.13,4147441,1v5
WangWenCao2_c0_c54,1,21308,25111,0.1388289485910602,0.13,4147441,1v5
WangWenCao2_c0_c54,0,15285,14356,0.13369556644528588,0.13,4147442,1v5
WangWenCao2_c0_c54,1,20960,23278,0.13538123640235725,0.13,4147442,1v5
WangWenCao2_c0_c54,1,22414,26399,0.13714496367865092,0.13,4147442,1v5
WangWenCao2_c0_c54,1,2747,7915,0.13267637898217546,0.13,4147442,1v5
WangWenCao2_c0_c54,1,24747,26457,0.1326581496644625,0.13,4147442,1v5
WangWenCao2_c0_c54,1,21308,25111,0.1388289485910602,0.13,4147442,1v5
WangWenCao2_c0_c54,0,15285,15822,0.1441475811077773,0.14,4147443,1v5
WangWenCao2_c0_c54,1,24705,25045,0.14086182746521364,0.14,4147443,1v5
WangWenCao2_c0_c54,1,20312,23736,0.140619419876158,0.14,4147443,1v5
WangWenCao2_c0_c54,1,21076,23890,0.14184709362579295,0.14,4147443,1v5
WangWenCao2_c0_c54,1,14429,18143,0.14060169952568063,0.14,4147443,1v5
WangWenCao2_c0_c54,1,10887,30057,0.14947641825642688,0.14,4147443,1v5
WangWenCao2_c0_c54,0,15582,13443,0.12529730633762115,0.12,4150347,1v5
WangWenCao2_c0_c54,1,12823,14346,0.12131820900583423,0.12,4150347,1v5
WangWenCao2_c0_c54,1,956,13935,0.12406395463224834,0.12,4150347,1v5
WangWenCao2_c0_c54,1,981,15406,0.12634088438295732,0.12,4150347,1v5
WangWenCao2_c0_c54,1,3985,28439,0.12081167914663651,0.12,4150347,1v5
WangWenCao2_c0_c54,1,16562,20435,0.12052685220530014,0.12,4150347,1v5
WangWenCao2_c0_c54,0,17641,2143,0.14167706562528584,0.14,4172965,1v5
WangWenCao2_c0_c54,1,24705,25045,0.14086182746521364,0.14,4172965,1v5
WangWenCao2_c0_c54,1,20312,23736,0.140619419876158,0.14,4172965,1v5
WangWenCao2_c0_c54,1,21076,23890,0.14184709362579295,0.14,4172965,1v5
WangWenCao2_c0_c54,1,14429,18143,0.14060169952568063,0.14,4172965,1v5
WangWenCao2_c0_c54,1,10887,30057,0.14947641825642688,0.14,4172965,1v5
WangWenCao2_c0_c54,0,17641,4336,0.1181048865810335,0.11,4172966,1v5
WangWenCao2_c0_c54,1,17613,24710,0.11027151414307512,0.11,4172966,1v5
WangWenCao2_c0_c54,1,16520,20505,0.11015507416726197,0.11,4172966,1v5
WangWenCao2_c0_c54,1,2666,5083,0.11374162186875131,0.11,4172966,1v5
WangWenCao2_c0_c54,1,599,1108,0.11294008477883391,0.11,4172966,1v5
WangWenCao2_c0_c54,1,20151,33329,0.11325312473638031,0.11,4172966,1v5
WangWenCao2_c0_c54,0,17641,13443,0.07619794657167313,0.07,4172967,1v5
WangWenCao2_c0_c54,1,4412,14023,0.07254102381216583,0.07,4172967,1v5
WangWenCao2_c0_c54,1,7104,9817,0.0775356740708608,0.07,4172967,1v5
WangWenCao2_c0_c54,1,4581,13444,0.07433205868190926,0.07,4172967,1v5
WangWenCao2_c0_c54,1,8401,12880,0.07269499918500374,0.07,4172967,1v5
WangWenCao2_c0_c54,1,1768,17465,0.07957699262161164,0.07,4172967,1v5
WangWenCao2_c0_c54,0,17641,14356,0.10658467765807744,0.1,4172968,1v5
WangWenCao2_c0_c54,1,15799,17527,0.10339341938741467,0.1,4172968,1v5
WangWenCao2_c0_c54,1,4969,13459,0.1062572890528713,0.1,4172968,1v5
WangWenCao2_c0_c54,1,7333,12486,0.10339472005603914,0.1,4172968,1v5
WangWenCao2_c0_c54,1,17565,25980,0.10752963537109544,0.1,4172968,1v5
WangWenCao2_c0_c54,1,25115,25956,0.10674673983274381,0.1,4172968,1v5
WangWenCao2_c0_c54,0,17641,14361,0.1337927856557315,0.13,4172969,1v5
WangWenCao2_c0_c54,1,20960,23278,0.13538123640235725,0.13,4172969,1v5
WangWenCao2_c0_c54,1,22414,26399,0.13714496367865092,0.13,4172969,1v5
WangWenCao2_c0_c54,1,2747,7915,0.13267637898217546,0.13,4172969,1v5
WangWenCao2_c0_c54,1,24747,26457,0.1326581496644625,0.13,4172969,1v5
WangWenCao2_c0_c54,1,21308,25111,0.1388289485910602,0.13,4172969,1v5
WangWenCao2_c0_c54,0,17641,14375,0.12741574252735383,0.12,4172970,1v5
WangWenCao2_c0_c54,1,12823,14346,0.12131820900583423,0.12,4172970,1v5
WangWenCao2_c0_c54,1,956,13935,0.12406395463224834,0.12,4172970,1v5
WangWenCao2_c0_c54,1,981,15406,0.12634088438295732,0.12,4172970,1v5
WangWenCao2_c0_c54,1,3985,28439,0.12081167914663651,0.12,4172970,1v5
WangWenCao2_c0_c54,1,16562,20435,0.12052685220530014,0.12,4172970,1v5
WangWenCao2_c0_c54,0,17641,14386,0.15104359464353823,0.15,4172971,1v5
WangWenCao2_c0_c54,1,10043,30937,0.15154132909459825,0.15,4172971,1v5
WangWenCao2_c0_c54,1,24632,29951,0.1536029575318773,0.15,4172971,1v5
WangWenCao2_c0_c54,1,20487,24794,0.1586659695381972,0.15,4172971,1v5
WangWenCao2_c0_c54,1,24708,32739,0.15061176200279722,0.15,4172971,1v5
WangWenCao2_c0_c54,1,24720,26144,0.15021634255738786,0.15,4172971,1v5
WangWenCao2_c0_c54,0,17641,14787,0.1543165396287752,0.15,4172972,1v5
WangWenCao2_c0_c54,1,10043,30937,0.15154132909459825,0.15,4172972,1v5
WangWenCao2_c0_c54,1,24632,29951,0.1536029575318773,0.15,4172972,1v5
WangWenCao2_c0_c54,1,20487,24794,0.1586659695381972,0.15,4172972,1v5
WangWenCao2_c0_c54,1,24708,32739,0.15061176200279722,0.15,4172972,1v5
WangWenCao2_c0_c54,1,24720,26144,0.15021634255738786,0.15,4172972,1v5
WangWenCao2_c0_c54,0,17641,15294,0.1422552516780001,0.14,4172973,1v5
WangWenCao2_c0_c54,1,24705,25045,0.14086182746521364,0.14,4172973,1v5
WangWenCao2_c0_c54,1,20312,23736,0.140619419876158,0.14,4172973,1v5
WangWenCao2_c0_c54,1,21076,23890,0.14184709362579295,0.14,4172973,1v5
WangWenCao2_c0_c54,1,14429,18143,0.14060169952568063,0.14,4172973,1v5
WangWenCao2_c0_c54,1,10887,30057,0.14947641825642688,0.14,4172973,1v5
WangWenCao2_c0_c54,0,17641,15710,0.10484356805609904,0.1,4172974,1v5
WangWenCao2_c0_c54,1,15799,17527,0.10339341938741467,0.1,4172974,1v5
WangWenCao2_c0_c54,1,4969,13459,0.1062572890528713,0.1,4172974,1v5
WangWenCao2_c0_c54,1,7333,12486,0.10339472005603914,0.1,4172974,1v5
WangWenCao2_c0_c54,1,17565,25980,0.10752963537109544,0.1,4172974,1v5
WangWenCao2_c0_c54,1,25115,25956,0.10674673983274381,0.1,4172974,1v5
WangWenCao2_c0_c54,0,17641,15822,0.13347113246454745,0.13,4172975,1v5
WangWenCao2_c0_c54,1,20960,23278,0.13538123640235725,0.13,4172975,1v5
WangWenCao2_c0_c54,1,22414,26399,0.13714496367865092,0.13,4172975,1v5
WangWenCao2_c0_c54,1,2747,7915,0.13267637898217546,0.13,4172975,1v5
WangWenCao2_c0_c54,1,24747,26457,0.1326581496644625,0.13,4172975,1v5
WangWenCao2_c0_c54,1,21308,25111,0.1388289485910602,0.13,4172975,1v5
WangWenCao2_c0_c54,0,17641,18406,0.09638618201396551,0.09,4172976,1v5
WangWenCao2_c0_c54,1,14879,15770,0.0995687442582329,0.09,4172976,1v5
WangWenCao2_c0_c54,1,30979,31205,0.09237779101476976,0.09,4172976,1v5
WangWenCao2_c0_c54,1,15688,18406,0.09612810628532596,0.09,4172976,1v5
WangWenCao2_c0_c54,1,2380,20396,0.09999217796377652,0.09,4172976,1v5
WangWenCao2_c0_c54,1,20386,25305,0.09440342472151181,0.09,4172976,1v5
WangWenCao2_c0_c54,0,17641,20505,0.14338983905101446,0.14,4172977,1v5
WangWenCao2_c0_c54,1,24705,25045,0.14086182746521364,0.14,4172977,1v5
WangWenCao2_c0_c54,1,20312,23736,0.140619419876158,0.14,4172977,1v5
WangWenCao2_c0_c54,1,21076,23890,0.14184709362579295,0.14,4172977,1v5
WangWenCao2_c0_c54,1,14429,18143,0.14060169952568063,0.14,4172977,1v5
WangWenCao2_c0_c54,1,10887,30057,0.14947641825642688,0.14,4172977,1v5
WangWenCao2_c0_c54,0,23270,884,0.15294482718959548,0.15,4228799,1v5
WangWenCao2_c0_c54,1,10043,30937,0.15154132909459825,0.15,4228799,1v5
WangWenCao2_c0_c54,1,24632,29951,0.1536029575318773,0.15,4228799,1v5
WangWenCao2_c0_c54,1,20487,24794,0.1586659695381972,0.15,4228799,1v5
WangWenCao2_c0_c54,1,24708,32739,0.15061176200279722,0.15,4228799,1v5
WangWenCao2_c0_c54,1,24720,26144,0.15021634255738786,0.15,4228799,1v5
WangWenCao2_c0_c54,0,23270,2143,0.13235092088803266,0.13,4228800,1v5
WangWenCao2_c0_c54,1,20960,23278,0.13538123640235725,0.13,4228800,1v5
WangWenCao2_c0_c54,1,22414,26399,0.13714496367865092,0.13,4228800,1v5
WangWenCao2_c0_c54,1,2747,7915,0.13267637898217546,0.13,4228800,1v5
WangWenCao2_c0_c54,1,24747,26457,0.1326581496644625,0.13,4228800,1v5
WangWenCao2_c0_c54,1,21308,25111,0.1388289485910602,0.13,4228800,1v5
WangWenCao2_c0_c54,0,23270,4336,0.09941781835217073,0.09,4228801,1v5
WangWenCao2_c0_c54,1,14879,15770,0.0995687442582329,0.09,4228801,1v5
WangWenCao2_c0_c54,1,30979,31205,0.09237779101476976,0.09,4228801,1v5
WangWenCao2_c0_c54,1,15688,18406,0.09612810628532596,0.09,4228801,1v5
WangWenCao2_c0_c54,1,2380,20396,0.09999217796377652,0.09,4228801,1v5
WangWenCao2_c0_c54,1,20386,25305,0.09440342472151181,0.09,4228801,1v5
WangWenCao2_c0_c54,0,23270,13443,0.0925978958373542,0.09,4228802,1v5
WangWenCao2_c0_c54,1,14879,15770,0.0995687442582329,0.09,4228802,1v5
WangWenCao2_c0_c54,1,30979,31205,0.09237779101476976,0.09,4228802,1v5
WangWenCao2_c0_c54,1,15688,18406,0.09612810628532596,0.09,4228802,1v5
WangWenCao2_c0_c54,1,2380,20396,0.09999217796377652,0.09,4228802,1v5
WangWenCao2_c0_c54,1,20386,25305,0.09440342472151181,0.09,4228802,1v5
WangWenCao2_c0_c54,0,23270,14356,0.1223344627033785,0.12,4228803,1v5
WangWenCao2_c0_c54,1,12823,14346,0.12131820900583423,0.12,4228803,1v5
WangWenCao2_c0_c54,1,956,13935,0.12406395463224834,0.12,4228803,1v5
WangWenCao2_c0_c54,1,981,15406,0.12634088438295732,0.12,4228803,1v5
WangWenCao2_c0_c54,1,3985,28439,0.12081167914663651,0.12,4228803,1v5
WangWenCao2_c0_c54,1,16562,20435,0.12052685220530014,0.12,4228803,1v5
WangWenCao2_c0_c54,0,23270,14361,0.1210154768340105,0.12,4228804,1v5
WangWenCao2_c0_c54,1,12823,14346,0.12131820900583423,0.12,4228804,1v5
WangWenCao2_c0_c54,1,956,13935,0.12406395463224834,0.12,4228804,1v5
WangWenCao2_c0_c54,1,981,15406,0.12634088438295732,0.12,4228804,1v5
WangWenCao2_c0_c54,1,3985,28439,0.12081167914663651,0.12,4228804,1v5
WangWenCao2_c0_c54,1,16562,20435,0.12052685220530014,0.12,4228804,1v5
WangWenCao2_c0_c54,0,23270,14375,0.11503545531079684,0.11,4228805,1v5
WangWenCao2_c0_c54,1,17613,24710,0.11027151414307512,0.11,4228805,1v5
WangWenCao2_c0_c54,1,16520,20505,0.11015507416726197,0.11,4228805,1v5
WangWenCao2_c0_c54,1,2666,5083,0.11374162186875131,0.11,4228805,1v5
WangWenCao2_c0_c54,1,599,1108,0.11294008477883391,0.11,4228805,1v5
WangWenCao2_c0_c54,1,20151,33329,0.11325312473638031,0.11,4228805,1v5
WangWenCao2_c0_c54,0,23270,14386,0.1343080656493059,0.13,4228806,1v5
WangWenCao2_c0_c54,1,20960,23278,0.13538123640235725,0.13,4228806,1v5
WangWenCao2_c0_c54,1,22414,26399,0.13714496367865092,0.13,4228806,1v5
WangWenCao2_c0_c54,1,2747,7915,0.13267637898217546,0.13,4228806,1v5
WangWenCao2_c0_c54,1,24747,26457,0.1326581496644625,0.13,4228806,1v5
WangWenCao2_c0_c54,1,21308,25111,0.1388289485910602,0.13,4228806,1v5
WangWenCao2_c0_c54,0,23270,14787,0.1492939950743626,0.14,4228807,1v5
WangWenCao2_c0_c54,1,24705,25045,0.14086182746521364,0.14,4228807,1v5
WangWenCao2_c0_c54,1,20312,23736,0.140619419876158,0.14,4228807,1v5
WangWenCao2_c0_c54,1,21076,23890,0.14184709362579295,0.14,4228807,1v5
WangWenCao2_c0_c54,1,14429,18143,0.14060169952568063,0.14,4228807,1v5
WangWenCao2_c0_c54,1,10887,30057,0.14947641825642688,0.14,4228807,1v5
WangWenCao2_c0_c54,0,23270,15710,0.10786997326754855,0.1,4228808,1v5
WangWenCao2_c0_c54,1,15799,17527,0.10339341938741467,0.1,4228808,1v5
WangWenCao2_c0_c54,1,4969,13459,0.1062572890528713,0.1,4228808,1v5
WangWenCao2_c0_c54,1,7333,12486,0.10339472005603914,0.1,4228808,1v5
WangWenCao2_c0_c54,1,17565,25980,0.10752963537109544,0.1,4228808,1v5
WangWenCao2_c0_c54,1,25115,25956,0.10674673983274381,0.1,4228808,1v5
WangWenCao2_c0_c54,0,23270,15822,0.14990370677779208,0.14,4228809,1v5
WangWenCao2_c0_c54,1,24705,25045,0.14086182746521364,0.14,4228809,1v5
WangWenCao2_c0_c54,1,20312,23736,0.140619419876158,0.14,4228809,1v5
WangWenCao2_c0_c54,1,21076,23890,0.14184709362579295,0.14,4228809,1v5
WangWenCao2_c0_c54,1,14429,18143,0.14060169952568063,0.14,4228809,1v5
WangWenCao2_c0_c54,1,10887,30057,0.14947641825642688,0.14,4228809,1v5
WangWenCao2_c0_c54,0,23270,16589,0.15390339014692916,0.15,4228810,1v5
WangWenCao2_c0_c54,1,10043,30937,0.15154132909459825,0.15,4228810,1v5
WangWenCao2_c0_c54,1,24632,29951,0.1536029575318773,0.15,4228810,1v5
WangWenCao2_c0_c54,1,20487,24794,0.1586659695381972,0.15,4228810,1v5
WangWenCao2_c0_c54,1,24708,32739,0.15061176200279722,0.15,4228810,1v5
WangWenCao2_c0_c54,1,24720,26144,0.15021634255738786,0.15,4228810,1v5
WangWenCao2_c0_c54,0,23270,18143,0.15551749351049649,0.15,4228811,1v5
WangWenCao2_c0_c54,1,10043,30937,0.15154132909459825,0.15,4228811,1v5
WangWenCao2_c0_c54,1,24632,29951,0.1536029575318773,0.15,4228811,1v5
WangWenCao2_c0_c54,1,20487,24794,0.1586659695381972,0.15,4228811,1v5
WangWenCao2_c0_c54,1,24708,32739,0.15061176200279722,0.15,4228811,1v5
WangWenCao2_c0_c54,1,24720,26144,0.15021634255738786,0.15,4228811,1v5
WangWenCao2_c0_c54,0,23270,18406,0.0891537732818455,0.08,4228812,1v5
WangWenCao2_c0_c54,1,3752,26219,0.08323128378431041,0.08,4228812,1v5
WangWenCao2_c0_c54,1,23093,31511,0.08767257120134785,0.08,4228812,1v5
WangWenCao2_c0_c54,1,12626,24718,0.08351234896236527,0.08,4228812,1v5
WangWenCao2_c0_c54,1,10931,13082,0.08871396012008688,0.08,4228812,1v5
WangWenCao2_c0_c54,1,7784,21001,0.08243549345981975,0.08,4228812,1v5
WangWenCao2_c0_c54,0,23270,20505,0.12736289925410593,0.12,4228813,1v5
WangWenCao2_c0_c54,1,12823,14346,0.12131820900583423,0.12,4228813,1v5
WangWenCao2_c0_c54,1,956,13935,0.12406395463224834,0.12,4228813,1v5
WangWenCao2_c0_c54,1,981,15406,0.12634088438295732,0.12,4228813,1v5
WangWenCao2_c0_c54,1,3985,28439,0.12081167914663651,0.12,4228813,1v5
WangWenCao2_c0_c54,1,16562,20435,0.12052685220530014,0.12,4228813,1v5
